{
  "step": "07_posteriors",
  "timestamp": "2026-06-08T04:47:19.984269",
  "status": "SUCCESS",
  "tep": {
    "A_s": {
      "mean": 2.307441348000094e-09,
      "std": 5.157321546929406e-11,
      "median": 2.311059e-09,
      "min": 2.0897828e-09,
      "max": 2.4947495e-09,
      "R_minus_1": null
    },
    "n_s": {
      "mean": 0.9956102570709612,
      "std": 0.004239190582903237,
      "median": 0.99687591,
      "min": 0.97099138,
      "max": 0.99999908,
      "R_minus_1": null
    },
    "H0": {
      "mean": 66.62839712992329,
      "std": 1.6970660378280602,
      "median": 66.543087,
      "min": 61.515007,
      "max": 73.840415,
      "R_minus_1": null
    },
    "omega_b": {
      "mean": 0.021180420506846737,
      "std": 0.0025130367026864275,
      "median": 0.020968713,
      "min": 0.01365142,
      "max": 0.030760992,
      "R_minus_1": null
    },
    "omega_cdm": {
      "mean": 0.11535468183661945,
      "std": 0.004185607870047502,
      "median": 0.11526823,
      "min": 0.10138464,
      "max": 0.13280884,
      "R_minus_1": null
    },
    "tau_reio": {
      "mean": 0.049116528812079424,
      "std": 0.007462645815850682,
      "median": 0.048961672,
      "min": 0.017833217,
      "max": 0.0822126,
      "R_minus_1": null
    },
    "A_planck": {
      "mean": 1.0877808491859209,
      "std": 0.01221302043499139,
      "median": 1.0916019,
      "min": 1.0055524,
      "max": 1.0999983,
      "R_minus_1": null
    },
    "epsilon_T": {
      "mean": 0.005632838888565096,
      "std": 0.004335467840527725,
      "median": 0.004783417,
      "min": 2.1445981e-06,
      "max": 0.025483631,
      "R_minus_1": null
    },
    "sigma8": {
      "mean": 0.8586672447404828,
      "std": 0.01655386786347613,
      "median": 0.85990645,
      "min": 0.79327126,
      "max": 0.9092123,
      "R_minus_1": null
    },
    "S8": {
      "mean": 0.8695636743913997,
      "std": 0.027657915127368614,
      "median": 0.8706026828634232,
      "min": 0.7756019147275839,
      "max": 0.9672971081863178,
      "R_minus_1": null
    },
    "best_logpost": -964.66605,
    "tep_c0_reference": "TEP-C0 (Paper 26) native TEP: n_s = 0.9619 +- 0.0046; joint epsilon_T = (6.75 +- 0.24) x 10^-6",
    "n_samples": 19033,
    "n_chains": 1,
    "max_R_minus_1": null,
    "gelman_rubin_applicable": false,
    "internal_sampler_R_minus_1": null
  },
  "lcdm": {},
  "comparison": {}
}