{
  "step": "07_posteriors",
  "timestamp": "2026-06-05T20:23:39.241047",
  "status": "SUCCESS",
  "tep": {
    "A_s": {
      "mean": 2.310016323134359e-09,
      "std": 4.970428147868763e-11,
      "median": 2.3123964e-09,
      "min": 2.1072655e-09,
      "max": 2.440168e-09,
      "R_minus_1": null
    },
    "n_s": {
      "mean": 0.9965984592992821,
      "std": 0.003306831593576537,
      "median": 0.99766306,
      "min": 0.97631778,
      "max": 0.999997,
      "R_minus_1": null
    },
    "H0": {
      "mean": 66.72751410662565,
      "std": 1.5961124384900316,
      "median": 66.69346,
      "min": 62.176083,
      "max": 73.129688,
      "R_minus_1": null
    },
    "omega_b": {
      "mean": 0.02134702428877949,
      "std": 0.0023488714380850754,
      "median": 0.021261086,
      "min": 0.014524294,
      "max": 0.030471065,
      "R_minus_1": null
    },
    "omega_cdm": {
      "mean": 0.11518209097517948,
      "std": 0.004139729195790506,
      "median": 0.11518829,
      "min": 0.10311757,
      "max": 0.1292822,
      "R_minus_1": null
    },
    "tau_reio": {
      "mean": 0.049482993523979495,
      "std": 0.0070993748864886345,
      "median": 0.049811222,
      "min": 0.02371838,
      "max": 0.072990521,
      "R_minus_1": null
    },
    "A_planck": {
      "mean": 1.088171721345641,
      "std": 0.01149540054704538,
      "median": 1.0916805,
      "min": 1.023214,
      "max": 1.0999942,
      "R_minus_1": null
    },
    "epsilon_T": {
      "mean": 0.005084029584840467,
      "std": 0.0041464323042626535,
      "median": 0.0040732787,
      "min": 4.0905383e-06,
      "max": 0.025024939,
      "R_minus_1": null
    },
    "sigma8": {
      "mean": 0.8576171745526153,
      "std": 0.015365681667704748,
      "median": 0.85749459,
      "min": 0.80382005,
      "max": 0.90768227,
      "R_minus_1": null
    },
    "S8": {
      "mean": 0.8671267397634843,
      "std": 0.025460563849097114,
      "median": 0.8663577913552248,
      "min": 0.7778897207295051,
      "max": 0.94859518357054,
      "R_minus_1": null
    },
    "best_logpost": -964.40471,
    "tep_c0_reference": "TEP-C0 (Paper 26) native TEP: n_s = 0.9623 +- 0.0046",
    "n_samples": 3136,
    "n_chains": 1,
    "max_R_minus_1": null,
    "gelman_rubin_applicable": false
  },
  "lcdm": {},
  "comparison": {}
}