{
  "c_B_mean": -0.02924991161430575,
  "c_B_std": 0.002977334690090785,
  "n_s_mean": 0.9935562472089762,
  "n_s_std": 0.006743592865409339,
  "corr_cB_ns": -0.2653445845260314,
  "bestfit_cB": -0.026754768,
  "bestfit_ns": 0.99642184,
  "bestfit_minuslogpost": 963.56377,
  "n_samples": 500
}