# dimensionless total [l(l+1)/2pi] C_l's
# for l=2 to 2500, i.e. number of multipoles equal to 2499
#
# -> if you prefer output in CAMB/HealPix/LensPix units/order, set 'format' to 'camb' in input file
# -> if you don't want to see such a header, set 'headers' to 'no' in input file
#
# 1:l     2:TT                     3:EE                     4:TE                     5:BB                 
    2       1.373570198262e-10       4.169892602055e-15       3.528045818141e-13       0.000000000000e+00 
    3       1.300282410529e-10       5.348072632577e-15       3.959334088595e-13       0.000000000000e+00 
    4       1.230888087806e-10       4.630746986019e-15       3.700357719749e-13       0.000000000000e+00 
    5       1.178846135850e-10       3.092601206317e-15       3.150474290853e-13       0.000000000000e+00 
    6       1.143070028828e-10       1.730445145641e-15       2.537146583338e-13       0.000000000000e+00 
    7       1.120243846532e-10       9.345175606494e-16       1.992010400909e-13       0.000000000000e+00 
    8       1.106851368116e-10       6.018838409862e-16       1.572723045466e-13       0.000000000000e+00 
    9       1.100561336056e-10       4.826554408893e-16       1.291778765519e-13       0.000000000000e+00 
   10       1.099484473354e-10       4.112123686817e-16       1.135782645298e-13       0.000000000000e+00 
   11       1.102465540774e-10       3.451495123688e-16       1.078546607316e-13       0.000000000000e+00 
   12       1.108924979978e-10       2.999082053728e-16       1.089934300630e-13       0.000000000000e+00 
   13       1.117689094519e-10       2.868258992395e-16       1.142460276084e-13       0.000000000000e+00 
   14       1.127975081748e-10       2.981649328963e-16       1.216062871836e-13       0.000000000000e+00 
   15       1.140038117243e-10       3.220711493107e-16       1.298091736344e-13       0.000000000000e+00 
   16       1.153945011113e-10       3.558994805924e-16       1.381376265450e-13       0.000000000000e+00 
   17       1.168430467360e-10       4.050158845144e-16       1.464666299458e-13       0.000000000000e+00 
   18       1.183930623785e-10       4.748663923909e-16       1.549724492367e-13       0.000000000000e+00 
   19       1.200599217606e-10       5.659253948903e-16       1.638511308662e-13       0.000000000000e+00 
   20       1.217762932422e-10       6.763526854564e-16       1.732630172858e-13       0.000000000000e+00 
   21       1.235559949909e-10       8.054168474373e-16       1.831925357952e-13       0.000000000000e+00 
   22       1.254060795569e-10       9.524676104881e-16       1.934861609467e-13       0.000000000000e+00 
   23       1.273166791338e-10       1.117758714650e-15       2.038088498407e-13       0.000000000000e+00 
   24       1.292541454347e-10       1.301648066104e-15       2.137206789022e-13       0.000000000000e+00 
   25       1.312294673486e-10       1.504265614240e-15       2.229101102982e-13       0.000000000000e+00 
   26       1.332533166590e-10       1.725825594315e-15       2.311163564984e-13       0.000000000000e+00 
   27       1.353334311676e-10       1.967919634892e-15       2.382655038182e-13       0.000000000000e+00 
   28       1.374584590784e-10       2.232804242136e-15       2.443644427949e-13       0.000000000000e+00 
   29       1.396030942702e-10       2.522777513134e-15       2.494534752943e-13       0.000000000000e+00 
   30       1.417745330051e-10       2.839003744124e-15       2.535938195323e-13       0.000000000000e+00 
   31       1.439808739143e-10       3.182216636265e-15       2.568801951328e-13       0.000000000000e+00 
   32       1.462210498892e-10       3.553092630380e-15       2.593957927205e-13       0.000000000000e+00 
   33       1.484970162294e-10       3.952559446280e-15       2.610333495832e-13       0.000000000000e+00 
   34       1.508036931188e-10       4.381590234053e-15       2.616059519920e-13       0.000000000000e+00 
   35       1.531302526638e-10       4.841109094903e-15       2.609221858456e-13       0.000000000000e+00 
   36       1.554799805281e-10       5.331955194189e-15       2.588948168595e-13       0.000000000000e+00 
   37       1.578557278250e-10       5.854898700559e-15       2.554682636022e-13       0.000000000000e+00 
   38       1.602537100722e-10       6.410644153187e-15       2.505900274843e-13       0.000000000000e+00 
   39       1.626672080531e-10       6.999845195917e-15       2.442209546478e-13       0.000000000000e+00 
   40       1.651009803715e-10       7.623166521048e-15       2.363698193163e-13       0.000000000000e+00 
   41       1.675605320166e-10       8.281234995998e-15       2.270708163993e-13       0.000000000000e+00 
   42       1.700477073863e-10       8.974618663761e-15       2.163754141063e-13       0.000000000000e+00 
   43       1.725620356140e-10       9.703858948455e-15       2.043291908376e-13       0.000000000000e+00 
   44       1.751062195062e-10       1.046958719284e-14       1.908914799677e-13       0.000000000000e+00 
   45       1.776816809240e-10       1.127243882168e-14       1.759922603928e-13       0.000000000000e+00 
   46       1.802866802256e-10       1.211301989314e-14       1.595535186495e-13       0.000000000000e+00 
   47       1.829160255697e-10       1.299190600747e-14       1.414886670022e-13       0.000000000000e+00 
   48       1.855635501483e-10       1.390959190415e-14       1.217165507628e-13       0.000000000000e+00 
   49       1.882310479243e-10       1.486632599857e-14       1.002094971514e-13       0.000000000000e+00 
   50       1.909213573190e-10       1.586222732826e-14       7.695781103086e-14       0.000000000000e+00 
   51       1.936356674069e-10       1.689732727387e-14       5.195652666214e-14       0.000000000000e+00 
   52       1.963733684395e-10       1.797156595194e-14       2.520557014100e-14       0.000000000000e+00 
   53       1.991332433015e-10       1.908485909508e-14      -3.295150578769e-15       0.000000000000e+00 
   54       2.019177456419e-10       2.023732718616e-14      -3.356233178185e-14       0.000000000000e+00 
   55       2.047295613189e-10       2.142911895754e-14      -6.561666978801e-14       0.000000000000e+00 
   56       2.075702726066e-10       2.266034542394e-14      -9.947821097239e-14       0.000000000000e+00 
   57       2.104402649431e-10       2.393107923079e-14      -1.351664020092e-13       0.000000000000e+00 
   58       2.133386336780e-10       2.524135400240e-14      -1.727001401150e-13       0.000000000000e+00 
   59       2.162639987444e-10       2.659108332493e-14      -2.120918026931e-13       0.000000000000e+00 
   60       2.192173813940e-10       2.797979720466e-14      -2.533276030731e-13       0.000000000000e+00 
   61       2.221998319030e-10       2.940684314685e-14      -2.963827534799e-13       0.000000000000e+00 
   62       2.252115191878e-10       3.087145783279e-14      -3.412269338169e-13       0.000000000000e+00 
   63       2.282516683305e-10       3.237276374381e-14      -3.878241378214e-13       0.000000000000e+00 
   64       2.313184981033e-10       3.390976578531e-14      -4.361325192202e-13       0.000000000000e+00 
   65       2.344101914147e-10       3.548145753818e-14      -4.861133987332e-13       0.000000000000e+00 
   66       2.375281858547e-10       3.708717375026e-14      -5.377608477529e-13       0.000000000000e+00 
   67       2.406744704090e-10       3.872630668214e-14      -5.910781134770e-13       0.000000000000e+00 
   68       2.438505810758e-10       4.039820276327e-14      -6.460691113951e-13       0.000000000000e+00 
   69       2.470575672831e-10       4.210216228242e-14      -7.027385276918e-13       0.000000000000e+00 
   70       2.502959583065e-10       4.383743907823e-14      -7.610919216493e-13       0.000000000000e+00 
   71       2.535657296874e-10       4.560324022967e-14      -8.211358280508e-13       0.000000000000e+00 
   72       2.568666808365e-10       4.739868662134e-14      -8.828700968902e-13       0.000000000000e+00 
   73       2.601997263853e-10       4.922268656357e-14      -9.462629826546e-13       0.000000000000e+00 
   74       2.635657931751e-10       5.107403724145e-14      -1.011271436226e-12       0.000000000000e+00 
   75       2.669654072508e-10       5.295146050837e-14      -1.077848370350e-12       0.000000000000e+00 
   76       2.703986696668e-10       5.485360168327e-14      -1.145942584802e-12       0.000000000000e+00 
   77       2.738652322918e-10       5.677902834788e-14      -1.215498691569e-12       0.000000000000e+00 
   78       2.773642736154e-10       5.872622914394e-14      -1.286457040012e-12       0.000000000000e+00 
   79       2.808944745527e-10       6.069361257049e-14      -1.358753642048e-12       0.000000000000e+00 
   80       2.844545581007e-10       6.267956048988e-14      -1.432325846926e-12       0.000000000000e+00 
   81       2.880450694651e-10       6.468260199337e-14      -1.507130665165e-12       0.000000000000e+00 
   82       2.916668623609e-10       6.670126767582e-14      -1.583129505160e-12       0.000000000000e+00 
   83       2.953205490800e-10       6.873403742200e-14      -1.660282737383e-12       0.000000000000e+00 
   84       2.990064867382e-10       7.077934021694e-14      -1.738549726022e-12       0.000000000000e+00 
   85       3.027247635225e-10       7.283555395633e-14      -1.817888860634e-12       0.000000000000e+00 
   86       3.064751849386e-10       7.490100525687e-14      -1.898257587788e-12       0.000000000000e+00 
   87       3.102572600576e-10       7.697396926661e-14      -1.979612442712e-12       0.000000000000e+00 
   88       3.140701877640e-10       7.905266947538e-14      -2.061909080942e-12       0.000000000000e+00 
   89       3.179131800524e-10       8.113530100921e-14      -2.145100585829e-12       0.000000000000e+00 
   90       3.217865200190e-10       8.322010511501e-14      -2.229132017811e-12       0.000000000000e+00 
   91       3.256906452689e-10       8.530530606509e-14      -2.313945064427e-12       0.000000000000e+00 
   92       3.296258170581e-10       8.738908887314e-14      -2.399479694077e-12       0.000000000000e+00 
   93       3.335921115903e-10       8.946959945638e-14      -2.485674161837e-12       0.000000000000e+00 
   94       3.375894113139e-10       9.154494479775e-14      -2.572465015277e-12       0.000000000000e+00 
   95       3.416173962181e-10       9.361319310815e-14      -2.659787100277e-12       0.000000000000e+00 
   96       3.456755351300e-10       9.567237398856e-14      -2.747573566845e-12       0.000000000000e+00 
   97       3.497630770114e-10       9.772047859227e-14      -2.835755874935e-12       0.000000000000e+00 
   98       3.538790422551e-10       9.975545978706e-14      -2.924263800261e-12       0.000000000000e+00 
   99       3.580224689638e-10       1.017752796552e-13      -3.013026728693e-12       0.000000000000e+00 
  100       3.621932104024e-10       1.037780593196e-13      -3.101977736059e-12       0.000000000000e+00 
  101       3.663912348554e-10       1.057619507392e-13      -3.191050099705e-12       0.000000000000e+00 
  102       3.706163751797e-10       1.077250919912e-13      -3.280176082639e-12       0.000000000000e+00 
  103       3.748683231923e-10       1.096656080070e-13      -3.369286954964e-12       0.000000000000e+00 
  104       3.791466240573e-10       1.115816113082e-13      -3.458313015320e-12       0.000000000000e+00 
  105       3.834506706738e-10       1.134712027425e-13      -3.547183612312e-12       0.000000000000e+00 
  106       3.877796980627e-10       1.153324722198e-13      -3.635827165954e-12       0.000000000000e+00 
  107       3.921327777547e-10       1.171634994481e-13      -3.724171189100e-12       0.000000000000e+00 
  108       3.965088121770e-10       1.189623546693e-13      -3.812142308883e-12       0.000000000000e+00 
  109       4.009065290413e-10       1.207270993958e-13      -3.899666288148e-12       0.000000000000e+00 
  110       4.053247032434e-10       1.224558348348e-13      -3.986668755295e-12       0.000000000000e+00 
  111       4.097628668826e-10       1.241468526299e-13      -4.073077453963e-12       0.000000000000e+00 
  112       4.142206800285e-10       1.257985048781e-13      -4.158820322711e-12       0.000000000000e+00 
  113       4.186977079931e-10       1.274091593569e-13      -4.243824840424e-12       0.000000000000e+00 
  114       4.231934179543e-10       1.289772007280e-13      -4.328018054714e-12       0.000000000000e+00 
  115       4.277071755794e-10       1.305010317430e-13      -4.411326610316e-12       0.000000000000e+00 
  116       4.322382416480e-10       1.319790744472e-13      -4.493676777486e-12       0.000000000000e+00 
  117       4.367857686758e-10       1.334097713848e-13      -4.574994480400e-12       0.000000000000e+00 
  118       4.413487975379e-10       1.347915868032e-13      -4.655205325555e-12       0.000000000000e+00 
  119       4.459262540920e-10       1.361230078580e-13      -4.734234630161e-12       0.000000000000e+00 
  120       4.505169458019e-10       1.374025458176e-13      -4.812007450547e-12       0.000000000000e+00 
  121       4.551195583610e-10       1.386287372677e-13      -4.888448610552e-12       0.000000000000e+00 
  122       4.597326523155e-10       1.398001453160e-13      -4.963482729931e-12       0.000000000000e+00 
  123       4.643548313168e-10       1.409154084744e-13      -5.037035084832e-12       0.000000000000e+00 
  124       4.689852759583e-10       1.419733910966e-13      -5.109034240706e-12       0.000000000000e+00 
  125       4.736232651888e-10       1.429730525739e-13      -5.179409776801e-12       0.000000000000e+00 
  126       4.782680081713e-10       1.439134027692e-13      -5.248091515751e-12       0.000000000000e+00 
  127       4.829186422563e-10       1.447935035968e-13      -5.315009558526e-12       0.000000000000e+00 
  128       4.875742309560e-10       1.456124706022e-13      -5.380094319370e-12       0.000000000000e+00 
  129       4.922337619180e-10       1.463694745421e-13      -5.443276560753e-12       0.000000000000e+00 
  130       4.968961448985e-10       1.470637429638e-13      -5.504487428311e-12       0.000000000000e+00 
  131       5.015602097365e-10       1.476945617852e-13      -5.563658485794e-12       0.000000000000e+00 
  132       5.062247043276e-10       1.482612768749e-13      -5.620721750009e-12       0.000000000000e+00 
  133       5.108882925972e-10       1.487632956311e-13      -5.675609725768e-12       0.000000000000e+00 
  134       5.155495524748e-10       1.492000885625e-13      -5.728255440828e-12       0.000000000000e+00 
  135       5.202069738673e-10       1.495711908672e-13      -5.778592480841e-12       0.000000000000e+00 
  136       5.248589566331e-10       1.498762040130e-13      -5.826555024297e-12       0.000000000000e+00 
  137       5.295039511575e-10       1.501148253266e-13      -5.872078540466e-12       0.000000000000e+00 
  138       5.341409007878e-10       1.502869368737e-13      -5.915101890763e-12       0.000000000000e+00 
  139       5.387688415522e-10       1.503925288142e-13      -5.955565512098e-12       0.000000000000e+00 
  140       5.433867625552e-10       1.504316739595e-13      -5.993410812186e-12       0.000000000000e+00 
  141       5.479936048564e-10       1.504045295294e-13      -6.028580208692e-12       0.000000000000e+00 
  142       5.525882603491e-10       1.503113389102e-13      -6.061017168389e-12       0.000000000000e+00 
  143       5.571695706394e-10       1.501524334122e-13      -6.090666246311e-12       0.000000000000e+00 
  144       5.617363259249e-10       1.499282340268e-13      -6.117473124904e-12       0.000000000000e+00 
  145       5.662872638736e-10       1.496392531847e-13      -6.141384653181e-12       0.000000000000e+00 
  146       5.708210685028e-10       1.492860965132e-13      -6.162348885876e-12       0.000000000000e+00 
  147       5.753363690579e-10       1.488694645936e-13      -6.180315122594e-12       0.000000000000e+00 
  148       5.798317388912e-10       1.483901547190e-13      -6.195233946967e-12       0.000000000000e+00 
  149       5.843056943407e-10       1.478490626518e-13      -6.207057265808e-12       0.000000000000e+00 
  150       5.887566936093e-10       1.472471843813e-13      -6.215738348259e-12       0.000000000000e+00 
  151       5.931831356430e-10       1.465856178812e-13      -6.221231864952e-12       0.000000000000e+00 
  152       5.975833590106e-10       1.458655648672e-13      -6.223493927154e-12       0.000000000000e+00 
  153       6.019557630409e-10       1.450883177396e-13      -6.222482369459e-12       0.000000000000e+00 
  154       6.062991862654e-10       1.442552153462e-13      -6.218157544994e-12       0.000000000000e+00 
  155       6.106125611733e-10       1.433676864401e-13      -6.210481679112e-12       0.000000000000e+00 
  156       6.148947946192e-10       1.424272657931e-13      -6.199418672554e-12       0.000000000000e+00 
  157       6.191447673245e-10       1.414355958779e-13      -6.184934141845e-12       0.000000000000e+00 
  158       6.233613333788e-10       1.403944285504e-13      -6.166995459687e-12       0.000000000000e+00 
  159       6.275433197415e-10       1.393056267314e-13      -6.145571795354e-12       0.000000000000e+00 
  160       6.316895257435e-10       1.381711660891e-13      -6.120634155082e-12       0.000000000000e+00 
  161       6.357987225885e-10       1.369931367210e-13      -6.092155422467e-12       0.000000000000e+00 
  162       6.398696528542e-10       1.357737448363e-13      -6.060110398853e-12       0.000000000000e+00 
  163       6.439010299947e-10       1.345153144374e-13      -6.024475843732e-12       0.000000000000e+00 
  164       6.478915378409e-10       1.332202890029e-13      -5.985230515131e-12       0.000000000000e+00 
  165       6.518398301029e-10       1.318912331690e-13      -5.942355210011e-12       0.000000000000e+00 
  166       6.557445298710e-10       1.305308344118e-13      -5.895832804657e-12       0.000000000000e+00 
  167       6.596042291175e-10       1.291419047295e-13      -5.845648295072e-12       0.000000000000e+00 
  168       6.634174881980e-10       1.277273823248e-13      -5.791788837373e-12       0.000000000000e+00 
  169       6.671828353529e-10       1.262903332864e-13      -5.734243788180e-12       0.000000000000e+00 
  170       6.708987662092e-10       1.248339532714e-13      -5.673004745014e-12       0.000000000000e+00 
  171       6.745638420223e-10       1.233614734068e-13      -5.608064891171e-12       0.000000000000e+00 
  172       6.781769946397e-10       1.218758656670e-13      -5.539416884480e-12       0.000000000000e+00 
  173       6.817372461287e-10       1.203801160391e-13      -5.467054869095e-12       0.000000000000e+00 
  174       6.852436122299e-10       1.188773193741e-13      -5.390975192434e-12       0.000000000000e+00 
  175       6.886951022612e-10       1.173706806783e-13      -5.311176442739e-12       0.000000000000e+00 
  176       6.920907190226e-10       1.158635164047e-13      -5.227659486632e-12       0.000000000000e+00 
  177       6.954294587002e-10       1.143592557444e-13      -5.140427506667e-12       0.000000000000e+00 
  178       6.987103107708e-10       1.128614419174e-13      -5.049486038891e-12       0.000000000000e+00 
  179       7.019322579062e-10       1.113737334647e-13      -4.954843010396e-12       0.000000000000e+00 
  180       7.050942758774e-10       1.098999055391e-13      -4.856508776876e-12       0.000000000000e+00 
  181       7.081953334593e-10       1.084438511967e-13      -4.754496160182e-12       0.000000000000e+00 
  182       7.112343923348e-10       1.070095826883e-13      -4.648820485880e-12       0.000000000000e+00 
  183       7.142104069991e-10       1.056012327506e-13      -4.539499620805e-12       0.000000000000e+00 
  184       7.171223246645e-10       1.042230558976e-13      -4.426554010617e-12       0.000000000000e+00 
  185       7.199690851644e-10       1.028794297121e-13      -4.310006717357e-12       0.000000000000e+00 
  186       7.227496208574e-10       1.015748561367e-13      -4.189883457003e-12       0.000000000000e+00 
  187       7.254628565325e-10       1.003139627654e-13      -4.066212637026e-12       0.000000000000e+00 
  188       7.281077093127e-10       9.910150413461e-14      -3.939025393944e-12       0.000000000000e+00 
  189       7.306830885598e-10       9.794236301508e-14      -3.808355630881e-12       0.000000000000e+00 
  190       7.331878957783e-10       9.684155170264e-14      -3.674240055120e-12       0.000000000000e+00 
  191       7.356210978986e-10       9.580400701147e-14      -3.536716046593e-12       0.000000000000e+00 
  192       7.379819534619e-10       9.483395538872e-14      -3.395815006528e-12       0.000000000000e+00 
  193       7.402698032554e-10       9.393550255453e-14      -3.251568581039e-12       0.000000000000e+00 
  194       7.424839986037e-10       9.311283612996e-14      -3.104010815582e-12       0.000000000000e+00 
  195       7.446239015132e-10       9.237022625331e-14      -2.953178185409e-12       0.000000000000e+00 
  196       7.466888848160e-10       9.171202619636e-14      -2.799109626030e-12       0.000000000000e+00 
  197       7.486783323153e-10       9.114267298069e-14      -2.641846563669e-12       0.000000000000e+00 
  198       7.505916389292e-10       9.066668799391e-14      -2.481432945721e-12       0.000000000000e+00 
  199       7.524282108355e-10       9.028867760596e-14      -2.317915271216e-12       0.000000000000e+00 
  200       7.541874656158e-10       9.001333378538e-14      -2.151342621269e-12       0.000000000000e+00 
  201       7.558688324006e-10       8.984543471558e-14      -1.981766689543e-12       0.000000000000e+00 
  202       7.574717520132e-10       8.978984541110e-14      -1.809241812706e-12       0.000000000000e+00 
  203       7.589956771146e-10       8.985151833393e-14      -1.633825000890e-12       0.000000000000e+00 
  204       7.604400723475e-10       9.003549400974e-14      -1.455575968146e-12       0.000000000000e+00 
  205       7.618044144812e-10       9.034690164415e-14      -1.274557162905e-12       0.000000000000e+00 
  206       7.630881925562e-10       9.079095973907e-14      -1.090833798437e-12       0.000000000000e+00 
  207       7.642909080279e-10       9.137297670888e-14      -9.044738833041e-13       0.000000000000e+00 
  208       7.654120749120e-10       9.209835149679e-14      -7.155482518247e-13       0.000000000000e+00 
  209       7.664512199283e-10       9.297257419105e-14      -5.241305945268e-13       0.000000000000e+00 
  210       7.674078826458e-10       9.400122664127e-14      -3.302974886087e-13       0.000000000000e+00 
  211       7.682816156265e-10       9.518998307467e-14      -1.341284283958e-13       0.000000000000e+00 
  212       7.690719845703e-10       9.654461071236e-14       6.429414420052e-14       0.000000000000e+00 
  213       7.697786080206e-10       9.807064229451e-14       2.648890412296e-13       0.000000000000e+00 
  214       7.704012791637e-10       9.977236777793e-14       4.675893121537e-13       0.000000000000e+00 
  215       7.709398525374e-10       1.016537757077e-13       6.723300787097e-13       0.000000000000e+00 
  216       7.713942054562e-10       1.037188749426e-13       8.790443625057e-13       0.000000000000e+00 
  217       7.717642382601e-10       1.059716944076e-13       1.087663065704e-12       0.000000000000e+00 
  218       7.720498745628e-10       1.084162828466e-13       1.298114951704e-12       0.000000000000e+00 
  219       7.722510615009e-10       1.110567085749e-13       1.510326625825e-12       0.000000000000e+00 
  220       7.723677699819e-10       1.138970592314e-13       1.724222515992e-12       0.000000000000e+00 
  221       7.723999949334e-10       1.169414415317e-13       1.939724853414e-12       0.000000000000e+00 
  222       7.723477555513e-10       1.201939810201e-13       2.156753653273e-12       0.000000000000e+00 
  223       7.722110955487e-10       1.236588218226e-13       2.375226695401e-12       0.000000000000e+00 
  224       7.719900834045e-10       1.273401263990e-13       2.595059504970e-12       0.000000000000e+00 
  225       7.716848126116e-10       1.312420752958e-13       2.816165333169e-12       0.000000000000e+00 
  226       7.712954019264e-10       1.353688668986e-13       3.038455137890e-12       0.000000000000e+00 
  227       7.708219956166e-10       1.397247171846e-13       3.261837564412e-12       0.000000000000e+00 
  228       7.702647637101e-10       1.443138594750e-13       3.486218926082e-12       0.000000000000e+00 
  229       7.696239022438e-10       1.491405441879e-13       3.711503185001e-12       0.000000000000e+00 
  230       7.688996335121e-10       1.542090385906e-13       3.937591932703e-12       0.000000000000e+00 
  231       7.680922063154e-10       1.595236265521e-13       4.164384370843e-12       0.000000000000e+00 
  232       7.672018962090e-10       1.650886082956e-13       4.391777291877e-12       0.000000000000e+00 
  233       7.662290057513e-10       1.709083001515e-13       4.619665059745e-12       0.000000000000e+00 
  234       7.651738647531e-10       1.769870343092e-13       4.847939590557e-12       0.000000000000e+00 
  235       7.640368305256e-10       1.833291585702e-13       5.076490333272e-12       0.000000000000e+00 
  236       7.628182881292e-10       1.899390361003e-13       5.305204250387e-12       0.000000000000e+00 
  237       7.615186506222e-10       1.968210451826e-13       5.533965798614e-12       0.000000000000e+00 
  238       7.601383550701e-10       2.039791864911e-13       5.762663502242e-12       0.000000000000e+00 
  239       7.586778497900e-10       2.114158790249e-13       5.991210155051e-12       0.000000000000e+00 
  240       7.571376068156e-10       2.191330907478e-13       6.219523804837e-12       0.000000000000e+00 
  241       7.555181263054e-10       2.271327234363e-13       6.447521265430e-12       0.000000000000e+00 
  242       7.538199367824e-10       2.354166116040e-13       6.675118111293e-12       0.000000000000e+00 
  243       7.520435953738e-10       2.439865214267e-13       6.902228672104e-12       0.000000000000e+00 
  244       7.501896880508e-10       2.528441496662e-13       7.128766027356e-12       0.000000000000e+00 
  245       7.482588298680e-10       2.619911225953e-13       7.354642000940e-12       0.000000000000e+00 
  246       7.462516652033e-10       2.714289949225e-13       7.579767155745e-12       0.000000000000e+00 
  247       7.441688679976e-10       2.811592487159e-13       7.804050788241e-12       0.000000000000e+00 
  248       7.420111419944e-10       2.911832923284e-13       8.027400923076e-12       0.000000000000e+00 
  249       7.397792209794e-10       3.015024593221e-13       8.249724307665e-12       0.000000000000e+00 
  250       7.374738690205e-10       3.121180073927e-13       8.470926406781e-12       0.000000000000e+00 
  251       7.350958807070e-10       3.230311172939e-13       8.690911397148e-12       0.000000000000e+00 
  252       7.326460813897e-10       3.342428917626e-13       8.909582162030e-12       0.000000000000e+00 
  253       7.301253274206e-10       3.457543544426e-13       9.126840285825e-12       0.000000000000e+00 
  254       7.275345063920e-10       3.575664488098e-13       9.342586048653e-12       0.000000000000e+00 
  255       7.248745373771e-10       3.696800370966e-13       9.556718420951e-12       0.000000000000e+00 
  256       7.221463711688e-10       3.820958992162e-13       9.769135058062e-12       0.000000000000e+00 
  257       7.193509905199e-10       3.948147316875e-13       9.979732294824e-12       0.000000000000e+00 
  258       7.164894103828e-10       4.078371465593e-13       1.018840514017e-11       0.000000000000e+00 
  259       7.135626781487e-10       4.211636703352e-13       1.039504727170e-11       0.000000000000e+00 
  260       7.105718738880e-10       4.347947428979e-13       1.059955103031e-11       0.000000000000e+00 
  261       7.075181105893e-10       4.487307164340e-13       1.080180741473e-11       0.000000000000e+00 
  262       7.044025343997e-10       4.629718543581e-13       1.100170607616e-11       0.000000000000e+00 
  263       7.012263248637e-10       4.775183302379e-13       1.119913531285e-11       0.000000000000e+00 
  264       6.979906951639e-10       4.923702267185e-13       1.139398206468e-11       0.000000000000e+00 
  265       6.946968923597e-10       5.075275344467e-13       1.158613190775e-11       0.000000000000e+00 
  266       6.913461398808e-10       5.229898876922e-13       1.177547693556e-11       0.000000000000e+00 
  267       6.879394610518e-10       5.387557575219e-13       1.196193988771e-11       0.000000000000e+00 
  268       6.844778464508e-10       5.548232127201e-13       1.214545132089e-11       0.000000000000e+00 
  269       6.809623109347e-10       5.711901776351e-13       1.232594184821e-11       0.000000000000e+00 
  270       6.773938937813e-10       5.878544306586e-13       1.250334214705e-11       0.000000000000e+00 
  271       6.737736588317e-10       6.048136027055e-13       1.267758296706e-11       0.000000000000e+00 
  272       6.701026946320e-10       6.220651756935e-13       1.284859513798e-11       0.000000000000e+00 
  273       6.663821145757e-10       6.396064810227e-13       1.301630957764e-11       0.000000000000e+00 
  274       6.626130570457e-10       6.574346980557e-13       1.318065729983e-11       0.000000000000e+00 
  275       6.587966855566e-10       6.755468525967e-13       1.334156942224e-11       0.000000000000e+00 
  276       6.549341888964e-10       6.939398153714e-13       1.349897717434e-11       0.000000000000e+00 
  277       6.510267812691e-10       7.126103005067e-13       1.365281190535e-11       0.000000000000e+00 
  278       6.470757024365e-10       7.315548640105e-13       1.380300509211e-11       0.000000000000e+00 
  279       6.430822178603e-10       7.507699022510e-13       1.394948834704e-11       0.000000000000e+00 
  280       6.390476188445e-10       7.702516504368e-13       1.409219342599e-11       0.000000000000e+00 
  281       6.349732226771e-10       7.899961810962e-13       1.423105223625e-11       0.000000000000e+00 
  282       6.308603727727e-10       8.099994025571e-13       1.436599684438e-11       0.000000000000e+00 
  283       6.267104388141e-10       8.302570574266e-13       1.449695948416e-11       0.000000000000e+00 
  284       6.225248168949e-10       8.507647210707e-13       1.462387256453e-11       0.000000000000e+00 
  285       6.183049296612e-10       8.715178000938e-13       1.474666867748e-11       0.000000000000e+00 
  286       6.140522264539e-10       8.925115308187e-13       1.486528060596e-11       0.000000000000e+00 
  287       6.097681834509e-10       9.137409777658e-13       1.497964133181e-11       0.000000000000e+00 
  288       6.054543038091e-10       9.352010321334e-13       1.508968404369e-11       0.000000000000e+00 
  289       6.011121178064e-10       9.568864102768e-13       1.519534214495e-11       0.000000000000e+00 
  290       5.967431829841e-10       9.787916521881e-13       1.529654926163e-11       0.000000000000e+00 
  291       5.923490842887e-10       1.000911119976e-12       1.539323925026e-11       0.000000000000e+00 
  292       5.879314342145e-10       1.023238996346e-12       1.548534620590e-11       0.000000000000e+00 
  293       5.834918729449e-10       1.045769283078e-12       1.557280446996e-11       0.000000000000e+00 
  294       5.790320684953e-10       1.068495799510e-12       1.565554863816e-11       0.000000000000e+00 
  295       5.745537168549e-10       1.091412181012e-12       1.573351356845e-11       0.000000000000e+00 
  296       5.700585421287e-10       1.114511877471e-12       1.580663438892e-11       0.000000000000e+00 
  297       5.655481923061e-10       1.137788318119e-12       1.587485308654e-11       0.000000000000e+00 
  298       5.610239206586e-10       1.161235418029e-12       1.593813861211e-11       0.000000000000e+00 
  299       5.564868890999e-10       1.184847093321e-12       1.599646777011e-11       0.000000000000e+00 
  300       5.519382711612e-10       1.208617095754e-12       1.604981874287e-11       0.000000000000e+00 
  301       5.473792519923e-10       1.232539011423e-12       1.609817110744e-11       0.000000000000e+00 
  302       5.428110283618e-10       1.256606259469e-12       1.614150585241e-11       0.000000000000e+00 
  303       5.382348086580e-10       1.280812090784e-12       1.617980539474e-11       0.000000000000e+00 
  304       5.336518128892e-10       1.305149586713e-12       1.621305359663e-11       0.000000000000e+00 
  305       5.290632726847e-10       1.329611657764e-12       1.624123578232e-11       0.000000000000e+00 
  306       5.244704312950e-10       1.354191042309e-12       1.626433875496e-11       0.000000000000e+00 
  307       5.198745435925e-10       1.378880305290e-12       1.628235081344e-11       0.000000000000e+00 
  308       5.152768760723e-10       1.403671836928e-12       1.629526176922e-11       0.000000000000e+00 
  309       5.106787068525e-10       1.428557851421e-12       1.630306296320e-11       0.000000000000e+00 
  310       5.060813256751e-10       1.453530385658e-12       1.630574728249e-11       0.000000000000e+00 
  311       5.014860339064e-10       1.478581297917e-12       1.630330917734e-11       0.000000000000e+00 
  312       4.968941445377e-10       1.503702266573e-12       1.629574467791e-11       0.000000000000e+00 
  313       4.923069821857e-10       1.528884788804e-12       1.628305141114e-11       0.000000000000e+00 
  314       4.877258830934e-10       1.554120179295e-12       1.626522861759e-11       0.000000000000e+00 
  315       4.831521951306e-10       1.579399568943e-12       1.624227716825e-11       0.000000000000e+00 
  316       4.785872777942e-10       1.604713903564e-12       1.621419958142e-11       0.000000000000e+00 
  317       4.740325022092e-10       1.630053942596e-12       1.618100003953e-11       0.000000000000e+00 
  318       4.694892511293e-10       1.655410257804e-12       1.614268440596e-11       0.000000000000e+00 
  319       4.649589189371e-10       1.680773231990e-12       1.609926024192e-11       0.000000000000e+00 
  320       4.604429116450e-10       1.706133057692e-12       1.605073682326e-11       0.000000000000e+00 
  321       4.559426468958e-10       1.731479735892e-12       1.599712515731e-11       0.000000000000e+00 
  322       4.514595539633e-10       1.756803074720e-12       1.593843799973e-11       0.000000000000e+00 
  323       4.469950737527e-10       1.782092688164e-12       1.587468987135e-11       0.000000000000e+00 
  324       4.425506588013e-10       1.807337994767e-12       1.580589707499e-11       0.000000000000e+00 
  325       4.381277732795e-10       1.832528216340e-12       1.573207771232e-11       0.000000000000e+00 
  326       4.337278929906e-10       1.857652376662e-12       1.565325170071e-11       0.000000000000e+00 
  327       4.293525053720e-10       1.882699300188e-12       1.556944079002e-11       0.000000000000e+00 
  328       4.250031094957e-10       1.907657610754e-12       1.548066857949e-11       0.000000000000e+00 
  329       4.206812160689e-10       1.932515730280e-12       1.538696053456e-11       0.000000000000e+00 
  330       4.163883474343e-10       1.957261877476e-12       1.528834400369e-11       0.000000000000e+00 
  331       4.121260375711e-10       1.981884066552e-12       1.518484823524e-11       0.000000000000e+00 
  332       4.078957140745e-10       2.006370974476e-12       1.507650490025e-11       0.000000000000e+00 
  333       4.036983384064e-10       2.030714587226e-12       1.496334965163e-11       0.000000000000e+00 
  334       3.995347499471e-10       2.054907666484e-12       1.484542066594e-11       0.000000000000e+00 
  335       3.954057824727e-10       2.078942891147e-12       1.472275816092e-11       0.000000000000e+00 
  336       3.913122640283e-10       2.102812856971e-12       1.459540441284e-11       0.000000000000e+00 
  337       3.872550168000e-10       2.126510076219e-12       1.446340377390e-11       0.000000000000e+00 
  338       3.832348569875e-10       2.150026977309e-12       1.432680268965e-11       0.000000000000e+00 
  339       3.792525946766e-10       2.173355904463e-12       1.418564971632e-11       0.000000000000e+00 
  340       3.753090337118e-10       2.196489117357e-12       1.403999553825e-11       0.000000000000e+00 
  341       3.714049715686e-10       2.219418790763e-12       1.388989298526e-11       0.000000000000e+00 
  342       3.675411992263e-10       2.242137014202e-12       1.373539705007e-11       0.000000000000e+00 
  343       3.637185010400e-10       2.264635791592e-12       1.357656490562e-11       0.000000000000e+00 
  344       3.599376546138e-10       2.286907040892e-12       1.341345592253e-11       0.000000000000e+00 
  345       3.561994306725e-10       2.308942593753e-12       1.324613168647e-11       0.000000000000e+00 
  346       3.525045929349e-10       2.330734195167e-12       1.307465601551e-11       0.000000000000e+00 
  347       3.488538979856e-10       2.352273503112e-12       1.289909497755e-11       0.000000000000e+00 
  348       3.452480951478e-10       2.373552088202e-12       1.271951690771e-11       0.000000000000e+00 
  349       3.416879263559e-10       2.394561433333e-12       1.253599242568e-11       0.000000000000e+00 
  350       3.381741260279e-10       2.415292933333e-12       1.234859445314e-11       0.000000000000e+00 
  351       3.347074209378e-10       2.435737894612e-12       1.215739823114e-11       0.000000000000e+00 
  352       3.312885300882e-10       2.455887534802e-12       1.196248133749e-11       0.000000000000e+00 
  353       3.279181645827e-10       2.475732982414e-12       1.176392370415e-11       0.000000000000e+00 
  354       3.245970274987e-10       2.495265276481e-12       1.156180763460e-11       0.000000000000e+00 
  355       3.213258137594e-10       2.514475366207e-12       1.135621782127e-11       0.000000000000e+00 
  356       3.181052100067e-10       2.533354110617e-12       1.114724136288e-11       0.000000000000e+00 
  357       3.149358944735e-10       2.551892278199e-12       1.093496778185e-11       0.000000000000e+00 
  358       3.118185368563e-10       2.570080546560e-12       1.071948904171e-11       0.000000000000e+00 
  359       3.087537981877e-10       2.587909502068e-12       1.050089956443e-11       0.000000000000e+00 
  360       3.057423307087e-10       2.605369639503e-12       1.027929624789e-11       0.000000000000e+00 
  361       3.027847777415e-10       2.622451361703e-12       1.005477848319e-11       0.000000000000e+00 
  362       2.998817735617e-10       2.639144979213e-12       9.827448172072e-12       0.000000000000e+00 
  363       2.970339432711e-10       2.655440709934e-12       9.597409744333e-12       0.000000000000e+00 
  364       2.942419026699e-10       2.671328678769e-12       9.364770175169e-12       0.000000000000e+00 
  365       2.915062581293e-10       2.686798917272e-12       9.129639002587e-12       0.000000000000e+00 
  366       2.888276064642e-10       2.701841363296e-12       8.892128344791e-12       0.000000000000e+00 
  367       2.862065348054e-10       2.716445860640e-12       8.652352917566e-12       0.000000000000e+00 
  368       2.836436204722e-10       2.730602158699e-12       8.410430051671e-12       0.000000000000e+00 
  369       2.811394308450e-10       2.744299912110e-12       8.166479710224e-12       0.000000000000e+00 
  370       2.786945232377e-10       2.757528680400e-12       7.920624506093e-12       0.000000000000e+00 
  371       2.763093835302e-10       2.770279209000e-12       7.672981018063e-12       0.000000000000e+00 
  372       2.739842396807e-10       2.782547328244e-12       7.423633329319e-12       0.000000000000e+00 
  373       2.717192406714e-10       2.794330206135e-12       7.172658488386e-12       0.000000000000e+00 
  374       2.695145169102e-10       2.805625081501e-12       6.920135126738e-12       0.000000000000e+00 
  375       2.673701800502e-10       2.816429264756e-12       6.666143468613e-12       0.000000000000e+00 
  376       2.652863228086e-10       2.826740138665e-12       6.410765340845e-12       0.000000000000e+00 
  377       2.632630187861e-10       2.836555159104e-12       6.154084182678e-12       0.000000000000e+00 
  378       2.613003222860e-10       2.845871855823e-12       5.896185055596e-12       0.000000000000e+00 
  379       2.593982681339e-10       2.854687833208e-12       5.637154653141e-12       0.000000000000e+00 
  380       2.575568714964e-10       2.863000771042e-12       5.377081310739e-12       0.000000000000e+00 
  381       2.557761277006e-10       2.870808425268e-12       5.116055015518e-12       0.000000000000e+00 
  382       2.540560120533e-10       2.878108628754e-12       4.854167416138e-12       0.000000000000e+00 
  383       2.523964796603e-10       2.884899292048e-12       4.591511832606e-12       0.000000000000e+00 
  384       2.507974652459e-10       2.891178404147e-12       4.328183266103e-12       0.000000000000e+00 
  385       2.492588829714e-10       2.896944033256e-12       4.064278408807e-12       0.000000000000e+00 
  386       2.477806262551e-10       2.902194327551e-12       3.799895653714e-12       0.000000000000e+00 
  387       2.463625675913e-10       2.906927515938e-12       3.535135104461e-12       0.000000000000e+00 
  388       2.450045583695e-10       2.911141908822e-12       3.270098585150e-12       0.000000000000e+00 
  389       2.437064286935e-10       2.914835898861e-12       3.004889650169e-12       0.000000000000e+00 
  390       2.424679872010e-10       2.918007961734e-12       2.739613594017e-12       0.000000000000e+00 
  391       2.412890208826e-10       2.920656656901e-12       2.474377461122e-12       0.000000000000e+00 
  392       2.401692949013e-10       2.922780628365e-12       2.209290055672e-12       0.000000000000e+00 
  393       2.391085524112e-10       2.924378605433e-12       1.944461951427e-12       0.000000000000e+00 
  394       2.381065143774e-10       2.925449403482e-12       1.680005501553e-12       0.000000000000e+00 
  395       2.371628793949e-10       2.925991924715e-12       1.416034848435e-12       0.000000000000e+00 
  396       2.362773235080e-10       2.926005158930e-12       1.152665933505e-12       0.000000000000e+00 
  397       2.354495000292e-10       2.925488184276e-12       8.900165070659e-13       0.000000000000e+00 
  398       2.346790393590e-10       2.924440168019e-12       6.282061381085e-13       0.000000000000e+00 
  399       2.339655488047e-10       2.922860367304e-12       3.673562241396e-13       0.000000000000e+00 
  400       2.333086124000e-10       2.920748129914e-12       1.075900010025e-13       0.000000000000e+00 
  401       2.327077907237e-10       2.918102895035e-12      -1.509674473002e-13       0.000000000000e+00 
  402       2.321626207198e-10       2.914924194016e-12      -4.081891787836e-13       0.000000000000e+00 
  403       2.316726155157e-10       2.911211651135e-12      -6.639463836578e-13       0.000000000000e+00 
  404       2.312372642425e-10       2.906964984356e-12      -9.181083745054e-13       0.000000000000e+00 
  405       2.308560318536e-10       2.902184006094e-12      -1.170542576458e-12       0.000000000000e+00 
  406       2.305283589439e-10       2.896868623978e-12      -1.421114517376e-12       0.000000000000e+00 
  407       2.302536615695e-10       2.891018841609e-12      -1.669687818021e-12       0.000000000000e+00 
  408       2.300313310666e-10       2.884634759327e-12      -1.916124182238e-12       0.000000000000e+00 
  409       2.298607338710e-10       2.877716574970e-12      -2.160283387130e-12       0.000000000000e+00 
  410       2.297412518727e-10       2.870265306853e-12      -2.402037466523e-12       0.000000000000e+00 
  411       2.296724054250e-10       2.862284989356e-12      -2.641313834878e-12       0.000000000000e+00 
  412       2.296537343373e-10       2.853780556597e-12      -2.878053671464e-12       0.000000000000e+00 
  413       2.296847575815e-10       2.844757128515e-12      -3.112197865319e-12       0.000000000000e+00 
  414       2.297649731401e-10       2.835220012142e-12      -3.343687015540e-12       0.000000000000e+00 
  415       2.298938578544e-10       2.825174702883e-12      -3.572461431561e-12       0.000000000000e+00 
  416       2.300708672725e-10       2.814626885793e-12      -3.798461133442e-12       0.000000000000e+00 
  417       2.302954354975e-10       2.803582436852e-12      -4.021625852155e-12       0.000000000000e+00 
  418       2.305669750357e-10       2.792047424238e-12      -4.241895029862e-12       0.000000000000e+00 
  419       2.308848766446e-10       2.780028109611e-12      -4.459207820208e-12       0.000000000000e+00 
  420       2.312485091808e-10       2.767530949382e-12      -4.673503088600e-12       0.000000000000e+00 
  421       2.316572194485e-10       2.754562595996e-12      -4.884719412493e-12       0.000000000000e+00 
  422       2.321103320476e-10       2.741129899201e-12      -5.092795081674e-12       0.000000000000e+00 
  423       2.326071492214e-10       2.727239907331e-12      -5.297668098551e-12       0.000000000000e+00 
  424       2.331469507051e-10       2.712899868580e-12      -5.499276178432e-12       0.000000000000e+00 
  425       2.337289935740e-10       2.698117232277e-12      -5.697556749810e-12       0.000000000000e+00 
  426       2.343525120910e-10       2.682899650164e-12      -5.892446954654e-12       0.000000000000e+00 
  427       2.350167175556e-10       2.667254977672e-12      -6.083883648686e-12       0.000000000000e+00 
  428       2.357207981512e-10       2.651191275199e-12      -6.271803401669e-12       0.000000000000e+00 
  429       2.364639187937e-10       2.634716809382e-12      -6.456142497694e-12       0.000000000000e+00 
  430       2.372452209795e-10       2.617840054379e-12      -6.636836935459e-12       0.000000000000e+00 
  431       2.380638226336e-10       2.600569693140e-12      -6.813822428559e-12       0.000000000000e+00 
  432       2.389188179576e-10       2.582914618690e-12      -6.987034405769e-12       0.000000000000e+00 
  433       2.398092772781e-10       2.564883935398e-12      -7.156408011325e-12       0.000000000000e+00 
  434       2.407342468946e-10       2.546486960258e-12      -7.321878105215e-12       0.000000000000e+00 
  435       2.416927489275e-10       2.527733224164e-12      -7.483379263460e-12       0.000000000000e+00 
  436       2.426837811665e-10       2.508632473189e-12      -7.640845778397e-12       0.000000000000e+00 
  437       2.437063169187e-10       2.489194669855e-12      -7.794211658968e-12       0.000000000000e+00 
  438       2.447593048564e-10       2.469429994418e-12      -7.943410631003e-12       0.000000000000e+00 
  439       2.458416688656e-10       2.449348846137e-12      -8.088376137501e-12       0.000000000000e+00 
  440       2.469523078938e-10       2.428961844555e-12      -8.229041338920e-12       0.000000000000e+00 
  441       2.480900957983e-10       2.408279830772e-12      -8.365339113459e-12       0.000000000000e+00 
  442       2.492538811943e-10       2.387313868725e-12      -8.497202057344e-12       0.000000000000e+00 
  443       2.504424873029e-10       2.366075246462e-12      -8.624562485110e-12       0.000000000000e+00 
  444       2.516547117995e-10       2.344575477418e-12      -8.747352429889e-12       0.000000000000e+00 
  445       2.528893266615e-10       2.322826301694e-12      -8.865503643691e-12       0.000000000000e+00 
  446       2.541450780166e-10       2.300839687332e-12      -8.978947597692e-12       0.000000000000e+00 
  447       2.554206859912e-10       2.278627831590e-12      -9.087615482518e-12       0.000000000000e+00 
  448       2.567148445581e-10       2.256203162219e-12      -9.191438208529e-12       0.000000000000e+00 
  449       2.580263430048e-10       2.233577879343e-12      -9.290358234529e-12       0.000000000000e+00 
  450       2.593544349762e-10       2.210762562162e-12      -9.384365474844e-12       0.000000000000e+00 
  451       2.606984810787e-10       2.187767519656e-12      -9.473462555111e-12       0.000000000000e+00 
  452       2.620578282606e-10       2.164603246914e-12      -9.557653096183e-12       0.000000000000e+00 
  453       2.634318097324e-10       2.141280426131e-12      -9.636941721437e-12       0.000000000000e+00 
  454       2.648197448874e-10       2.117809927616e-12      -9.711334064090e-12       0.000000000000e+00 
  455       2.662209392214e-10       2.094202810795e-12      -9.780836774503e-12       0.000000000000e+00 
  456       2.676346842536e-10       2.070470325211e-12      -9.845457527492e-12       0.000000000000e+00 
  457       2.690602574470e-10       2.046623911535e-12      -9.905205029639e-12       0.000000000000e+00 
  458       2.704969221281e-10       2.022675202560e-12      -9.960089026602e-12       0.000000000000e+00 
  459       2.719439274082e-10       1.998636024212e-12      -1.001012031042e-11       0.000000000000e+00 
  460       2.734005081028e-10       1.974518396553e-12      -1.005531072683e-11       0.000000000000e+00 
  461       2.748658846525e-10       1.950334534778e-12      -1.009567318258e-11       0.000000000000e+00 
  462       2.763392630435e-10       1.926096850227e-12      -1.013122165271e-11       0.000000000000e+00 
  463       2.778198347272e-10       1.901817951384e-12      -1.016197118791e-11       0.000000000000e+00 
  464       2.793067765414e-10       1.877510644879e-12      -1.018793792178e-11       0.000000000000e+00 
  465       2.807992506301e-10       1.853187936498e-12      -1.020913907817e-11       0.000000000000e+00 
  466       2.822964043640e-10       1.828863032179e-12      -1.022559297850e-11       0.000000000000e+00 
  467       2.837973702610e-10       1.804549339020e-12      -1.023731904904e-11       0.000000000000e+00 
  468       2.853012659063e-10       1.780260466283e-12      -1.024433782821e-11       0.000000000000e+00 
  469       2.868071938729e-10       1.756010226395e-12      -1.024667097395e-11       0.000000000000e+00 
  470       2.883142416418e-10       1.731812635952e-12      -1.024434127097e-11       0.000000000000e+00 
  471       2.898214815226e-10       1.707681916724e-12      -1.023737263807e-11       0.000000000000e+00 
  472       2.913279705736e-10       1.683632496660e-12      -1.022579013550e-11       0.000000000000e+00 
  473       2.928327505222e-10       1.659679010885e-12      -1.020961997219e-11       0.000000000000e+00 
  474       2.943348476856e-10       1.635836302712e-12      -1.018888951312e-11       0.000000000000e+00 
  475       2.958332728904e-10       1.612119424640e-12      -1.016362728660e-11       0.000000000000e+00 
  476       2.973270213936e-10       1.588543639359e-12      -1.013386299161e-11       0.000000000000e+00 
  477       2.988150728029e-10       1.565124420754e-12      -1.009962750506e-11       0.000000000000e+00 
  478       3.002963909966e-10       1.541877454908e-12      -1.006095288916e-11       0.000000000000e+00 
  479       3.017699240444e-10       1.518818641106e-12      -1.001787239866e-11       0.000000000000e+00 
  480       3.032346041274e-10       1.495964092839e-12      -9.970420488246e-12       0.000000000000e+00 
  481       3.046893474589e-10       1.473330138805e-12      -9.918632819764e-12       0.000000000000e+00 
  482       3.061330542043e-10       1.450933323918e-12      -9.862546269585e-12       0.000000000000e+00 
  483       3.075646084015e-10       1.428790410304e-12      -9.802198935894e-12       0.000000000000e+00 
  484       3.089828778817e-10       1.406918378313e-12      -9.737630146003e-12       0.000000000000e+00 
  485       3.103867141890e-10       1.385334427514e-12      -9.668880463662e-12       0.000000000000e+00 
  486       3.117749525016e-10       1.364055977706e-12      -9.595991696367e-12       0.000000000000e+00 
  487       3.131464115513e-10       1.343100669916e-12      -9.519006902670e-12       0.000000000000e+00 
  488       3.145000370290e-10       1.322484750930e-12      -9.437972909067e-12       0.000000000000e+00 
  489       3.158353366625e-10       1.302218171860e-12      -9.352947928312e-12       0.000000000000e+00 
  490       3.171519579488e-10       1.282309345469e-12      -9.263994182561e-12       0.000000000000e+00 
  491       3.184495458344e-10       1.262766749629e-12      -9.171175422877e-12       0.000000000000e+00 
  492       3.197277427081e-10       1.243598927511e-12      -9.074556937799e-12       0.000000000000e+00 
  493       3.209861883932e-10       1.224814487776e-12      -8.974205561917e-12       0.000000000000e+00 
  494       3.222245201402e-10       1.206422104768e-12      -8.870189684439e-12       0.000000000000e+00 
  495       3.234423726193e-10       1.188430518699e-12      -8.762579257766e-12       0.000000000000e+00 
  496       3.246393779128e-10       1.170848535846e-12      -8.651445806064e-12       0.000000000000e+00 
  497       3.258151655075e-10       1.153685028739e-12      -8.536862433834e-12       0.000000000000e+00 
  498       3.269693622876e-10       1.136948936350e-12      -8.418903834485e-12       0.000000000000e+00 
  499       3.281015925268e-10       1.120649264287e-12      -8.297646298904e-12       0.000000000000e+00 
  500       3.292114778809e-10       1.104795084981e-12      -8.173167724028e-12       0.000000000000e+00 
  501       3.302986373805e-10       1.089395537882e-12      -8.045547621419e-12       0.000000000000e+00 
  502       3.313626874232e-10       1.074459829643e-12      -7.914867125830e-12       0.000000000000e+00 
  503       3.324032417664e-10       1.059997234317e-12      -7.781209003784e-12       0.000000000000e+00 
  504       3.334199115194e-10       1.046017093543e-12      -7.644657662136e-12       0.000000000000e+00 
  505       3.344123051364e-10       1.032528816740e-12      -7.505299156655e-12       0.000000000000e+00 
  506       3.353800284086e-10       1.019541881294e-12      -7.363221200588e-12       0.000000000000e+00 
  507       3.363226844570e-10       1.007065832754e-12      -7.218513173235e-12       0.000000000000e+00 
  508       3.372398737246e-10       9.951102850169e-13      -7.071266128521e-12       0.000000000000e+00 
  509       3.381311939691e-10       9.836849205223e-13      -6.921572803567e-12       0.000000000000e+00 
  510       3.389962402554e-10       9.727994904416e-13      -6.769527627261e-12       0.000000000000e+00 
  511       3.398346049480e-10       9.624638148688e-13      -6.615226728830e-12       0.000000000000e+00 
  512       3.406458777036e-10       9.526877830114e-13      -6.458767946412e-12       0.000000000000e+00 
  513       3.414296454635e-10       9.434813533809e-13      -6.300250835628e-12       0.000000000000e+00 
  514       3.421854924461e-10       9.348545539837e-13      -6.139776678153e-12       0.000000000000e+00 
  515       3.429130001398e-10       9.268174825116e-13      -5.977448490290e-12       0.000000000000e+00 
  516       3.436117472946e-10       9.193803065326e-13      -5.813371031536e-12       0.000000000000e+00 
  517       3.442813099156e-10       9.125532636817e-13      -5.647650813161e-12       0.000000000000e+00 
  518       3.449212612550e-10       9.063466618513e-13      -5.480396106773e-12       0.000000000000e+00 
  519       3.455311718045e-10       9.007708793821e-13      -5.311716952895e-12       0.000000000000e+00 
  520       3.461106092880e-10       8.958363652538e-13      -5.141725169534e-12       0.000000000000e+00 
  521       3.466591386541e-10       8.915536392757e-13      -4.970534360752e-12       0.000000000000e+00 
  522       3.471763220687e-10       8.879332922776e-13      -4.798259925241e-12       0.000000000000e+00 
  523       3.476617189071e-10       8.849859863002e-13      -4.625019064889e-12       0.000000000000e+00 
  524       3.481148857470e-10       8.827224547858e-13      -4.450930793360e-12       0.000000000000e+00 
  525       3.485353763605e-10       8.811535027695e-13      -4.276115944657e-12       0.000000000000e+00 
  526       3.489227417072e-10       8.802900070691e-13      -4.100697181698e-12       0.000000000000e+00 
  527       3.492766273999e-10       8.801410604744e-13      -3.924790639860e-12       0.000000000000e+00 
  528       3.495970690784e-10       8.807083475815e-13      -3.748480586487e-12       0.000000000000e+00 
  529       3.498842051780e-10       8.819916140191e-13      -3.571844078494e-12       0.000000000000e+00 
  530       3.501381802282e-10       8.839905077934e-13      -3.394959269044e-12       0.000000000000e+00 
  531       3.503591448871e-10       8.867045786789e-13      -3.217905412517e-12       0.000000000000e+00 
  532       3.505472559758e-10       8.901332776079e-13      -3.040762869470e-12       0.000000000000e+00 
  533       3.507026765135e-10       8.942759560617e-13      -2.863613111604e-12       0.000000000000e+00 
  534       3.508255757512e-10       8.991318654599e-13      -2.686538726728e-12       0.000000000000e+00 
  535       3.509161292070e-10       9.047001565516e-13      -2.509623423722e-12       0.000000000000e+00 
  536       3.509745187001e-10       9.109798788049e-13      -2.332952037501e-12       0.000000000000e+00 
  537       3.510009323856e-10       9.179699797979e-13      -2.156610533982e-12       0.000000000000e+00 
  538       3.509955647891e-10       9.256693046083e-13      -1.980686015045e-12       0.000000000000e+00 
  539       3.509586168410e-10       9.340765952042e-13      -1.805266723498e-12       0.000000000000e+00 
  540       3.508902959112e-10       9.431904898339e-13      -1.630442048041e-12       0.000000000000e+00 
  541       3.507908158436e-10       9.530095224168e-13      -1.456302528234e-12       0.000000000000e+00 
  542       3.506603969907e-10       9.635321219332e-13      -1.282939859455e-12       0.000000000000e+00 
  543       3.504992662480e-10       9.747566118144e-13      -1.110446897869e-12       0.000000000000e+00 
  544       3.503076570885e-10       9.866812093338e-13      -9.389176653880e-13       0.000000000000e+00 
  545       3.500858095977e-10       9.993040249964e-13      -7.684473546404e-13       0.000000000000e+00 
  546       3.498339705073e-10       1.012623061929e-12      -5.991323339312e-13       0.000000000000e+00 
  547       3.495523932307e-10       1.026636215272e-12      -4.310701522075e-13       0.000000000000e+00 
  548       3.492413378967e-10       1.041341271567e-12      -2.643595440228e-13       0.000000000000e+00 
  549       3.489010713846e-10       1.056735908149e-12      -9.910043450086e-14       0.000000000000e+00 
  550       3.485318673584e-10       1.072817692538e-12       6.460605569963e-14       0.000000000000e+00 
  551       3.481340063017e-10       1.089584081824e-12       2.266576054213e-13       0.000000000000e+00 
  552       3.477077755516e-10       1.107032422065e-12       3.869506880435e-13       0.000000000000e+00 
  553       3.472534693340e-10       1.125159947669e-12       5.453805665186e-13       0.000000000000e+00 
  554       3.467713887977e-10       1.143963780792e-12       7.018412884072e-13       0.000000000000e+00 
  555       3.462618420490e-10       1.163440930722e-12       8.562256809144e-13       0.000000000000e+00 
  556       3.457251441862e-10       1.183588293273e-12       1.008425345925e-12       0.000000000000e+00 
  557       3.451616173342e-10       1.204402650175e-12       1.158330655041e-12       0.000000000000e+00 
  558       3.445715906792e-10       1.225880668462e-12       1.305830744614e-12       0.000000000000e+00 
  559       3.439554005027e-10       1.248018899865e-12       1.450813510785e-12       0.000000000000e+00 
  560       3.433133902169e-10       1.270813780200e-12       1.593165604517e-12       0.000000000000e+00 
  561       3.426459103983e-10       1.294261628759e-12       1.732772426633e-12       0.000000000000e+00 
  562       3.419533188229e-10       1.318358647704e-12       1.869518122851e-12       0.000000000000e+00 
  563       3.412359805004e-10       1.343100921448e-12       2.003285578818e-12       0.000000000000e+00 
  564       3.404942677091e-10       1.368484416058e-12       2.133956415149e-12       0.000000000000e+00 
  565       3.397285600298e-10       1.394504978632e-12       2.261410982461e-12       0.000000000000e+00 
  566       3.389392570653e-10       1.421157457887e-12       2.385542570169e-12       0.000000000000e+00 
  567       3.381268168854e-10       1.448433042259e-12       2.506300444606e-12       0.000000000000e+00 
  568       3.372917186387e-10       1.476321852115e-12       2.623647908324e-12       0.000000000000e+00 
  569       3.364344499975e-10       1.504813811431e-12       2.737548186867e-12       0.000000000000e+00 
  570       3.355555071964e-10       1.533898646856e-12       2.847964429123e-12       0.000000000000e+00 
  571       3.346553950722e-10       1.563565886772e-12       2.954859707676e-12       0.000000000000e+00 
  572       3.337346271027e-10       1.593804860355e-12       3.058197019155e-12       0.000000000000e+00 
  573       3.327937254462e-10       1.624604696640e-12       3.157939284585e-12       0.000000000000e+00 
  574       3.318332209809e-10       1.655954323579e-12       3.254049349737e-12       0.000000000000e+00 
  575       3.308536533441e-10       1.687842467104e-12       3.346489985481e-12       0.000000000000e+00 
  576       3.298555709711e-10       1.720257650191e-12       3.435223888133e-12       0.000000000000e+00 
  577       3.288395311351e-10       1.753188191916e-12       3.520213679808e-12       0.000000000000e+00 
  578       3.278060999862e-10       1.786622206524e-12       3.601421908772e-12       0.000000000000e+00 
  579       3.267558525905e-10       1.820547602485e-12       3.678811049789e-12       0.000000000000e+00 
  580       3.256893729696e-10       1.854952081557e-12       3.752343504474e-12       0.000000000000e+00 
  581       3.246072541399e-10       1.889823137849e-12       3.821981601643e-12       0.000000000000e+00 
  582       3.235100981518e-10       1.925148056881e-12       3.887687597665e-12       0.000000000000e+00 
  583       3.223985161288e-10       1.960913914649e-12       3.949423676810e-12       0.000000000000e+00 
  584       3.212731283073e-10       1.997107576682e-12       4.007151951602e-12       0.000000000000e+00 
  585       3.201345640752e-10       2.033715697105e-12       4.060834463169e-12       0.000000000000e+00 
  586       3.189834620117e-10       2.070724717706e-12       4.110433181591e-12       0.000000000000e+00 
  587       3.178204699266e-10       2.108120866987e-12       4.155910006257e-12       0.000000000000e+00 
  588       3.166462448989e-10       2.145890159238e-12       4.197226766208e-12       0.000000000000e+00 
  589       3.154614533171e-10       2.184018393588e-12       4.234345220493e-12       0.000000000000e+00 
  590       3.142667709176e-10       2.222491153074e-12       4.267227058518e-12       0.000000000000e+00 
  591       3.130628828244e-10       2.261293803698e-12       4.295833900397e-12       0.000000000000e+00 
  592       3.118504835885e-10       2.300411493492e-12       4.320127297302e-12       0.000000000000e+00 
  593       3.106302772266e-10       2.339829151579e-12       4.340068731811e-12       0.000000000000e+00 
  594       3.094029772611e-10       2.379531487231e-12       4.355619618267e-12       0.000000000000e+00 
  595       3.081693067590e-10       2.419502988937e-12       4.366741303119e-12       0.000000000000e+00 
  596       3.069299983711e-10       2.459727923459e-12       4.373395065277e-12       0.000000000000e+00 
  597       3.056857943715e-10       2.500190334896e-12       4.375542116465e-12       0.000000000000e+00 
  598       3.044374466967e-10       2.540874043747e-12       4.373143601566e-12       0.000000000000e+00 
  599       3.031857169852e-10       2.581762645970e-12       4.366160598979e-12       0.000000000000e+00 
  600       3.019313766163e-10       2.622839512047e-12       4.354554120964e-12       0.000000000000e+00 
  601       3.006752067496e-10       2.664087786040e-12       4.338285113995e-12       0.000000000000e+00 
  602       2.994179983646e-10       2.705490384661e-12       4.317314459112e-12       0.000000000000e+00 
  603       2.981605522994e-10       2.747029996324e-12       4.291602972270e-12       0.000000000000e+00 
  604       2.969036792905e-10       2.788689080215e-12       4.261111404689e-12       0.000000000000e+00 
  605       2.956481378090e-10       2.830450654408e-12       4.225811924811e-12       0.000000000000e+00 
  606       2.943944458476e-10       2.872300682970e-12       4.185722867112e-12       0.000000000000e+00 
  607       2.931430646796e-10       2.914225744482e-12       4.140874820707e-12       0.000000000000e+00 
  608       2.918944606696e-10       2.956212247504e-12       4.091299227579e-12       0.000000000000e+00 
  609       2.906491052934e-10       2.998246429896e-12       4.037028386686e-12       0.000000000000e+00 
  610       2.894074751558e-10       3.040314358141e-12       3.978095458070e-12       0.000000000000e+00 
  611       2.881700520103e-10       3.082401926656e-12       3.914534466966e-12       0.000000000000e+00 
  612       2.869373227778e-10       3.124494857123e-12       3.846380307911e-12       0.000000000000e+00 
  613       2.857097795656e-10       3.166578697801e-12       3.773668748852e-12       0.000000000000e+00 
  614       2.844879196860e-10       3.208638822847e-12       3.696436435253e-12       0.000000000000e+00 
  615       2.832722456756e-10       3.250660431641e-12       3.614720894208e-12       0.000000000000e+00 
  616       2.820632653141e-10       3.292628548100e-12       3.528560538547e-12       0.000000000000e+00 
  617       2.808614916431e-10       3.334528019999e-12       3.437994670942e-12       0.000000000000e+00 
  618       2.796674429850e-10       3.376343518297e-12       3.343063488020e-12       0.000000000000e+00 
  619       2.784816429624e-10       3.418059536447e-12       3.243808084471e-12       0.000000000000e+00 
  620       2.773046205164e-10       3.459660389723e-12       3.140270457154e-12       0.000000000000e+00 
  621       2.761369099257e-10       3.501130214540e-12       3.032493509207e-12       0.000000000000e+00 
  622       2.749790508258e-10       3.542452967769e-12       2.920521054157e-12       0.000000000000e+00 
  623       2.738315882275e-10       3.583612426061e-12       2.804397820028e-12       0.000000000000e+00 
  624       2.726950725363e-10       3.624592185166e-12       2.684169453446e-12       0.000000000000e+00 
  625       2.715700595709e-10       3.665375659253e-12       2.559882523755e-12       0.000000000000e+00 
  626       2.704571105823e-10       3.705946080229e-12       2.431584527118e-12       0.000000000000e+00 
  627       2.693567922726e-10       3.746286497060e-12       2.299323890630e-12       0.000000000000e+00 
  628       2.682696768142e-10       3.786379775090e-12       2.163149976427e-12       0.000000000000e+00 
  629       2.671963418684e-10       3.826208595363e-12       2.023113085791e-12       0.000000000000e+00 
  630       2.661373706047e-10       3.865755453940e-12       1.879264463263e-12       0.000000000000e+00 
  631       2.650933517191e-10       3.905002661220e-12       1.731656300748e-12       0.000000000000e+00 
  632       2.640648794537e-10       3.943932341262e-12       1.580341741627e-12       0.000000000000e+00 
  633       2.630525536152e-10       3.982526431102e-12       1.425374884861e-12       0.000000000000e+00 
  634       2.620569795940e-10       4.020766680075e-12       1.266810789106e-12       0.000000000000e+00 
  635       2.610787683830e-10       4.058634649132e-12       1.104705476814e-12       0.000000000000e+00 
  636       2.601185365967e-10       4.096111710165e-12       9.391159383499e-13       0.000000000000e+00 
  637       2.591769064900e-10       4.133179045322e-12       7.701001360929e-13       0.000000000000e+00 
  638       2.582545059769e-10       4.169817646330e-12       5.977170085495e-13       0.000000000000e+00 
  639       2.573519686499e-10       4.206008313813e-12       4.220264744606e-13       0.000000000000e+00 
  640       2.564699337986e-10       4.241731656612e-12       2.430894369104e-13       0.000000000000e+00 
  641       2.556090464286e-10       4.276968091108e-12       6.096778743490e-14       0.000000000000e+00 
  642       2.547699572807e-10       4.311697840537e-12      -1.242755898693e-13       0.000000000000e+00 
  643       2.539533228494e-10       4.345900934315e-12      -3.125768142364e-13       0.000000000000e+00 
  644       2.531597167327e-10       4.379559290044e-12      -5.038690744513e-13       0.000000000000e+00 
  645       2.523893614382e-10       4.412663012642e-12      -6.980767877841e-13       0.000000000000e+00 
  646       2.516423905453e-10       4.445204236422e-12      -8.951213007464e-13       0.000000000000e+00 
  647       2.509189368181e-10       4.477175055226e-12      -1.094922802139e-12       0.000000000000e+00 
  648       2.502191321985e-10       4.508567522350e-12      -1.297400318387e-12       0.000000000000e+00 
  649       2.495431078003e-10       4.539373650465e-12      -1.502471708871e-12       0.000000000000e+00 
  650       2.488909939019e-10       4.569585411536e-12      -1.710053661264e-12       0.000000000000e+00 
  651       2.482629199396e-10       4.599194736748e-12      -1.920061686863e-12       0.000000000000e+00 
  652       2.476590145013e-10       4.628193516422e-12      -2.132410115925e-12       0.000000000000e+00 
  653       2.470794053192e-10       4.656573599944e-12      -2.347012093000e-12       0.000000000000e+00 
  654       2.465242192640e-10       4.684326795678e-12      -2.563779572262e-12       0.000000000000e+00 
  655       2.459935823371e-10       4.711444870894e-12      -2.782623312850e-12       0.000000000000e+00 
  656       2.454876196649e-10       4.737919551689e-12      -3.003452874193e-12       0.000000000000e+00 
  657       2.450064554915e-10       4.763742522904e-12      -3.226176611351e-12       0.000000000000e+00 
  658       2.445502131722e-10       4.788905428052e-12      -3.450701670346e-12       0.000000000000e+00 
  659       2.441190151668e-10       4.813399869234e-12      -3.676933983496e-12       0.000000000000e+00 
  660       2.437129830328e-10       4.837217407064e-12      -3.904778264749e-12       0.000000000000e+00 
  661       2.433322374191e-10       4.860349560590e-12      -4.134138005016e-12       0.000000000000e+00 
  662       2.429768980587e-10       4.882787807214e-12      -4.364915467507e-12       0.000000000000e+00 
  663       2.426470837623e-10       4.904523582616e-12      -4.597011683064e-12       0.000000000000e+00 
  664       2.423429124119e-10       4.925548280675e-12      -4.830326445495e-12       0.000000000000e+00 
  665       2.420645009535e-10       4.945853253388e-12      -5.064758306906e-12       0.000000000000e+00 
  666       2.418119653910e-10       4.965429810795e-12      -5.300204573037e-12       0.000000000000e+00 
  667       2.415854207790e-10       4.984269220898e-12      -5.536561298597e-12       0.000000000000e+00 
  668       2.413849812164e-10       5.002362709587e-12      -5.773723282593e-12       0.000000000000e+00 
  669       2.412107598398e-10       5.019701460555e-12      -6.011584063671e-12       0.000000000000e+00 
  670       2.410628688164e-10       5.036276615225e-12      -6.250035915443e-12       0.000000000000e+00 
  671       2.409414193377e-10       5.052079272668e-12      -6.488969841826e-12       0.000000000000e+00 
  672       2.408465216126e-10       5.067100489528e-12      -6.728275572372e-12       0.000000000000e+00 
  673       2.407782848607e-10       5.081331279942e-12      -6.967841557606e-12       0.000000000000e+00 
  674       2.407368173058e-10       5.094762615460e-12      -7.207554964356e-12       0.000000000000e+00 
  675       2.407222261691e-10       5.107385424969e-12      -7.447301671089e-12       0.000000000000e+00 
  676       2.407346176621e-10       5.119190594613e-12      -7.686966263245e-12       0.000000000000e+00 
  677       2.407740969808e-10       5.130168967717e-12      -7.926432028568e-12       0.000000000000e+00 
  678       2.408407682981e-10       5.140311344706e-12      -8.165580952447e-12       0.000000000000e+00 
  679       2.409347347577e-10       5.149608483026e-12      -8.404293713240e-12       0.000000000000e+00 
  680       2.410560984669e-10       5.158051097070e-12      -8.642449677617e-12       0.000000000000e+00 
  681       2.412049604907e-10       5.165629858094e-12      -8.879926895887e-12       0.000000000000e+00 
  682       2.413814208440e-10       5.172335394143e-12      -9.116602097337e-12       0.000000000000e+00 
  683       2.415855190114e-10       5.178160421546e-12      -9.352359225969e-12       0.000000000000e+00 
  684       2.418170541224e-10       5.183106189500e-12      -9.587115257127e-12       0.000000000000e+00 
  685       2.420757609243e-10       5.187176172893e-12      -9.820794922712e-12       0.000000000000e+00 
  686       2.423613688869e-10       5.190373953660e-12      -1.005332221821e-11       0.000000000000e+00 
  687       2.426736021803e-10       5.192703221244e-12      -1.028462040023e-11       0.000000000000e+00 
  688       2.430121796535e-10       5.194167773075e-12      -1.051461198402e-11       0.000000000000e+00 
  689       2.433768148122e-10       5.194771515031e-12      -1.074321874098e-11       0.000000000000e+00 
  690       2.437672157965e-10       5.194518461911e-12      -1.097036169624e-11       0.000000000000e+00 
  691       2.441830853594e-10       5.193412737902e-12      -1.119596112614e-11       0.000000000000e+00 
  692       2.446241208446e-10       5.191458577051e-12      -1.141993655575e-11       0.000000000000e+00 
  693       2.450900141645e-10       5.188660323732e-12      -1.164220675645e-11       0.000000000000e+00 
  694       2.455804517784e-10       5.185022433115e-12      -1.186268974343e-11       0.000000000000e+00 
  695       2.460951146702e-10       5.180549471637e-12      -1.208130277320e-11       0.000000000000e+00 
  696       2.466336783270e-10       5.175246117468e-12      -1.229796234113e-11       0.000000000000e+00 
  697       2.471958127164e-10       5.169117160984e-12      -1.251258417900e-11       0.000000000000e+00 
  698       2.477811822650e-10       5.162167505233e-12      -1.272508325249e-11       0.000000000000e+00 
  699       2.483894458365e-10       5.154402166405e-12      -1.293537375873e-11       0.000000000000e+00 
  700       2.490202567094e-10       5.145826274304e-12      -1.314336912384e-11       0.000000000000e+00 
  701       2.496732625551e-10       5.136445072810e-12      -1.334898200042e-11       0.000000000000e+00 
  702       2.503481054162e-10       5.126263920358e-12      -1.355212426511e-11       0.000000000000e+00 
  703       2.510444216843e-10       5.115288290397e-12      -1.375270701610e-11       0.000000000000e+00 
  704       2.517618420779e-10       5.103523771867e-12      -1.395064057067e-11       0.000000000000e+00 
  705       2.524999916208e-10       5.090976069664e-12      -1.414583446272e-11       0.000000000000e+00 
  706       2.532584896198e-10       5.077651005111e-12      -1.433819744027e-11       0.000000000000e+00 
  707       2.540369496428e-10       5.063554516425e-12      -1.452763746302e-11       0.000000000000e+00 
  708       2.548349794971e-10       5.048692659188e-12      -1.471406169987e-11       0.000000000000e+00 
  709       2.556521812069e-10       5.033071606817e-12      -1.489737652642e-11       0.000000000000e+00 
  710       2.564881509919e-10       5.016697651031e-12      -1.507748752254e-11       0.000000000000e+00 
  711       2.573424792448e-10       4.999577202318e-12      -1.525429946988e-11       0.000000000000e+00 
  712       2.582147505099e-10       4.981716790413e-12      -1.542771634938e-11       0.000000000000e+00 
  713       2.591045434606e-10       4.963123064755e-12      -1.559764133882e-11       0.000000000000e+00 
  714       2.600114308776e-10       4.943802794966e-12      -1.576397681035e-11       0.000000000000e+00 
  715       2.609349796272e-10       4.923762871315e-12      -1.592662432799e-11       0.000000000000e+00 
  716       2.618747506388e-10       4.903010305190e-12      -1.608548464519e-11       0.000000000000e+00 
  717       2.628302988835e-10       4.881552229565e-12      -1.624045770233e-11       0.000000000000e+00 
  718       2.638011733517e-10       4.859395899468e-12      -1.639144262428e-11       0.000000000000e+00 
  719       2.647869170314e-10       4.836548692454e-12      -1.653833771789e-11       0.000000000000e+00 
  720       2.657870668859e-10       4.813018109072e-12      -1.668104046955e-11       0.000000000000e+00 
  721       2.668011538322e-10       4.788811773333e-12      -1.681944754270e-11       0.000000000000e+00 
  722       2.678287048520e-10       4.763938266965e-12      -1.695346835458e-11       0.000000000000e+00 
  723       2.688692494164e-10       4.738409649707e-12      -1.708306611233e-11       0.000000000000e+00 
  724       2.699223131473e-10       4.712238990848e-12      -1.720821760091e-11       0.000000000000e+00 
  725       2.709874156749e-10       4.685439540720e-12      -1.732889967958e-11       0.000000000000e+00 
  726       2.720640706160e-10       4.658024731353e-12      -1.744508928255e-11       0.000000000000e+00 
  727       2.731517855526e-10       4.630008177139e-12      -1.755676341965e-11       0.000000000000e+00 
  728       2.742500620105e-10       4.601403675492e-12      -1.766389917697e-11       0.000000000000e+00 
  729       2.753583954375e-10       4.572225207511e-12      -1.776647371749e-11       0.000000000000e+00 
  730       2.764762751824e-10       4.542486938634e-12      -1.786446428174e-11       0.000000000000e+00 
  731       2.776031844731e-10       4.512203219308e-12      -1.795784818848e-11       0.000000000000e+00 
  732       2.787386003953e-10       4.481388585643e-12      -1.804660283530e-11       0.000000000000e+00 
  733       2.798819938710e-10       4.450057760075e-12      -1.813070569930e-11       0.000000000000e+00 
  734       2.810328296371e-10       4.418225652029e-12      -1.821013433773e-11       0.000000000000e+00 
  735       2.821905662237e-10       4.385907358576e-12      -1.828486638865e-11       0.000000000000e+00 
  736       2.833546559328e-10       4.353118165094e-12      -1.835487957156e-11       0.000000000000e+00 
  737       2.845245448168e-10       4.319873545934e-12      -1.842015168805e-11       0.000000000000e+00 
  738       2.856996726570e-10       4.286189165074e-12      -1.848066062249e-11       0.000000000000e+00 
  739       2.868794729421e-10       4.252080876785e-12      -1.853638434261e-11       0.000000000000e+00 
  740       2.880633728466e-10       4.217564726288e-12      -1.858730090021e-11       0.000000000000e+00 
  741       2.892507932095e-10       4.182656950418e-12      -1.863338843180e-11       0.000000000000e+00 
  742       2.904411485130e-10       4.147373978283e-12      -1.867462515919e-11       0.000000000000e+00 
  743       2.916338468604e-10       4.111732431924e-12      -1.871098939023e-11       0.000000000000e+00 
  744       2.928282899553e-10       4.075749126978e-12      -1.874245951938e-11       0.000000000000e+00 
  745       2.940238730796e-10       4.039441073339e-12      -1.876901402843e-11       0.000000000000e+00 
  746       2.952199850723e-10       4.002825475814e-12      -1.879063148708e-11       0.000000000000e+00 
  747       2.964160083081e-10       3.965919734791e-12      -1.880729055363e-11       0.000000000000e+00 
  748       2.976113186755e-10       3.928741446895e-12      -1.881896997564e-11       0.000000000000e+00 
  749       2.988052855558e-10       3.891308405649e-12      -1.882564859053e-11       0.000000000000e+00 
  750       2.999972718013e-10       3.853638602136e-12      -1.882730532629e-11       0.000000000000e+00 
  751       3.011866337141e-10       3.815750225660e-12      -1.882391920206e-11       0.000000000000e+00 
  752       3.023727210241e-10       3.777661664408e-12      -1.881546932887e-11       0.000000000000e+00 
  753       3.035548768682e-10       3.739391506107e-12      -1.880193491019e-11       0.000000000000e+00 
  754       3.047324377684e-10       3.700958538686e-12      -1.878329524265e-11       0.000000000000e+00 
  755       3.059047336101e-10       3.662381750942e-12      -1.875952971667e-11       0.000000000000e+00 
  756       3.070710876214e-10       3.623680333193e-12      -1.873061781709e-11       0.000000000000e+00 
  757       3.082308163508e-10       3.584873677943e-12      -1.869653912384e-11       0.000000000000e+00 
  758       3.093832296461e-10       3.545981380543e-12      -1.865727331259e-11       0.000000000000e+00 
  759       3.105276306329e-10       3.507023239851e-12      -1.861280015538e-11       0.000000000000e+00 
  760       3.116633156932e-10       3.468019258893e-12      -1.856309952130e-11       0.000000000000e+00 
  761       3.127896313370e-10       3.428988628975e-12      -1.850816177496e-11       0.000000000000e+00 
  762       3.139061460568e-10       3.389946659333e-12      -1.844801918938e-11       0.000000000000e+00 
  763       3.150124817255e-10       3.350907789936e-12      -1.838271513655e-11       0.000000000000e+00 
  764       3.161082569909e-10       3.311886603150e-12      -1.831229374697e-11       0.000000000000e+00 
  765       3.171930872667e-10       3.272897824190e-12      -1.823679991241e-11       0.000000000000e+00 
  766       3.182665847226e-10       3.233956321569e-12      -1.815627928874e-11       0.000000000000e+00 
  767       3.193283582744e-10       3.195077107551e-12      -1.807077829870e-11       0.000000000000e+00 
  768       3.203780135747e-10       3.156275338599e-12      -1.798034413475e-11       0.000000000000e+00 
  769       3.214151530027e-10       3.117566315824e-12      -1.788502476181e-11       0.000000000000e+00 
  770       3.224393756547e-10       3.078965485441e-12      -1.778486892011e-11       0.000000000000e+00 
  771       3.234502773348e-10       3.040488439213e-12      -1.767992612796e-11       0.000000000000e+00 
  772       3.244474505444e-10       3.002150914907e-12      -1.757024668457e-11       0.000000000000e+00 
  773       3.254304844731e-10       2.963968796741e-12      -1.745588167284e-11       0.000000000000e+00 
  774       3.263989649888e-10       2.925958115835e-12      -1.733688296218e-11       0.000000000000e+00 
  775       3.273524746279e-10       2.888135050661e-12      -1.721330321128e-11       0.000000000000e+00 
  776       3.282905925858e-10       2.850515927497e-12      -1.708519587093e-11       0.000000000000e+00 
  777       3.292128947070e-10       2.813117220871e-12      -1.695261518682e-11       0.000000000000e+00 
  778       3.301189534755e-10       2.775955554018e-12      -1.681561620233e-11       0.000000000000e+00 
  779       3.310083380050e-10       2.739047699327e-12      -1.667425476137e-11       0.000000000000e+00 
  780       3.318806140293e-10       2.702410578791e-12      -1.652858751112e-11       0.000000000000e+00 
  781       3.327353438926e-10       2.666061264459e-12      -1.637867190487e-11       0.000000000000e+00 
  782       3.335720865395e-10       2.630016978886e-12      -1.622456620481e-11       0.000000000000e+00 
  783       3.343903975059e-10       2.594295095584e-12      -1.606632948485e-11       0.000000000000e+00 
  784       3.351898289086e-10       2.558913139471e-12      -1.590402163340e-11       0.000000000000e+00 
  785       3.359699294360e-10       2.523888787322e-12      -1.573770335615e-11       0.000000000000e+00 
  786       3.367302443384e-10       2.489239868219e-12      -1.556743617893e-11       0.000000000000e+00 
  787       3.374703154179e-10       2.454984364005e-12      -1.539328245047e-11       0.000000000000e+00 
  788       3.381896810194e-10       2.421140409729e-12      -1.521530534519e-11       0.000000000000e+00 
  789       3.388878760202e-10       2.387726294098e-12      -1.503356886604e-11       0.000000000000e+00 
  790       3.395644318206e-10       2.354760459933e-12      -1.484813784728e-11       0.000000000000e+00 
  791       3.402188763342e-10       2.322261504609e-12      -1.465907795727e-11       0.000000000000e+00 
  792       3.408507339781e-10       2.290248180517e-12      -1.446645570129e-11       0.000000000000e+00 
  793       3.414595256633e-10       2.258739395504e-12      -1.427033842434e-11       0.000000000000e+00 
  794       3.420447687849e-10       2.227754213331e-12      -1.407079431391e-11       0.000000000000e+00 
  795       3.426059772124e-10       2.197311854119e-12      -1.386789240283e-11       0.000000000000e+00 
  796       3.431426612802e-10       2.167431694804e-12      -1.366170257205e-11       0.000000000000e+00 
  797       3.436543277773e-10       2.138133269581e-12      -1.345229555342e-11       0.000000000000e+00 
  798       3.441404799384e-10       2.109436270359e-12      -1.323974293251e-11       0.000000000000e+00 
  799       3.446006174337e-10       2.081360547212e-12      -1.302411715142e-11       0.000000000000e+00 
  800       3.450343105878e-10       2.053923828039e-12      -1.280549271429e-11       0.000000000000e+00 
  801       3.454414245413e-10       2.027134831037e-12      -1.258394982236e-11       0.000000000000e+00 
  802       3.458218991589e-10       2.001000027497e-12      -1.235957081077e-11       0.000000000000e+00 
  803       3.461756751749e-10       1.975525911228e-12      -1.213243895485e-11       0.000000000000e+00 
  804       3.465026941980e-10       1.950718998582e-12      -1.190263847318e-11       0.000000000000e+00 
  805       3.468028987152e-10       1.926585828479e-12      -1.167025453058e-11       0.000000000000e+00 
  806       3.470762320960e-10       1.903132962429e-12      -1.143537324116e-11       0.000000000000e+00 
  807       3.473226385966e-10       1.880366984554e-12      -1.119808167132e-11       0.000000000000e+00 
  808       3.475420633641e-10       1.858294501614e-12      -1.095846784281e-11       0.000000000000e+00 
  809       3.477344524407e-10       1.836922143027e-12      -1.071662073574e-11       0.000000000000e+00 
  810       3.478997527678e-10       1.816256560898e-12      -1.047263029159e-11       0.000000000000e+00 
  811       3.480379121905e-10       1.796304430033e-12      -1.022658741628e-11       0.000000000000e+00 
  812       3.481488794614e-10       1.777072447974e-12      -9.978583983139e-12       0.000000000000e+00 
  813       3.482326042450e-10       1.758567335011e-12      -9.728712835976e-12       0.000000000000e+00 
  814       3.482890371218e-10       1.740795834214e-12      -9.477067792087e-12       0.000000000000e+00 
  815       3.483181295927e-10       1.723764711452e-12      -9.223743645284e-12       0.000000000000e+00 
  816       3.483198340829e-10       1.707480755417e-12      -8.968836168925e-12       0.000000000000e+00 
  817       3.482941039463e-10       1.691950777648e-12      -8.712442118935e-12       0.000000000000e+00 
  818       3.482408934696e-10       1.677181612552e-12      -8.454659236835e-12       0.000000000000e+00 
  819       3.481601578766e-10       1.663180117432e-12      -8.195586252767e-12       0.000000000000e+00 
  820       3.480518533321e-10       1.649953172507e-12      -7.935322888522e-12       0.000000000000e+00 
  821       3.479159369466e-10       1.637507680933e-12      -7.673969860564e-12       0.000000000000e+00 
  822       3.477523667799e-10       1.625850568834e-12      -7.411628883058e-12       0.000000000000e+00 
  823       3.475611018457e-10       1.614988785316e-12      -7.148402670895e-12       0.000000000000e+00 
  824       3.473421021159e-10       1.604929302498e-12      -6.884394942719e-12       0.000000000000e+00 
  825       3.470953285241e-10       1.595679115530e-12      -6.619710423953e-12       0.000000000000e+00 
  826       3.468207429708e-10       1.587245242621e-12      -6.354454849825e-12       0.000000000000e+00 
  827       3.465183083266e-10       1.579634725056e-12      -6.088734968393e-12       0.000000000000e+00 
  828       3.461879884370e-10       1.572854627229e-12      -5.822658543574e-12       0.000000000000e+00 
  829       3.458297481267e-10       1.566912036654e-12      -5.556334358168e-12       0.000000000000e+00 
  830       3.454435532030e-10       1.561814063999e-12      -5.289872216885e-12       0.000000000000e+00 
  831       3.450293704611e-10       1.557567843105e-12      -5.023382949372e-12       0.000000000000e+00 
  832       3.445871676873e-10       1.554180531007e-12      -4.756978413237e-12       0.000000000000e+00 
  833       3.441169136638e-10       1.551659307963e-12      -4.490771497075e-12       0.000000000000e+00 
  834       3.436185781726e-10       1.550011377471e-12      -4.224876123500e-12       0.000000000000e+00 
  835       3.430921319999e-10       1.549243966299e-12      -3.959407252163e-12       0.000000000000e+00 
  836       3.425375469400e-10       1.549364324501e-12      -3.694480882784e-12       0.000000000000e+00 
  837       3.419547958000e-10       1.550379725446e-12      -3.430214058175e-12       0.000000000000e+00 
  838       3.413438524033e-10       1.552297465841e-12      -3.166724867269e-12       0.000000000000e+00 
  839       3.407047401572e-10       1.555122706244e-12      -2.904124167582e-12       0.000000000000e+00 
  840       3.400376786710e-10       1.558851951390e-12      -2.642490588647e-12       0.000000000000e+00 
  841       3.393429396966e-10       1.563479456498e-12      -2.381895099739e-12       0.000000000000e+00 
  842       3.386207988093e-10       1.568999376152e-12      -2.122409252643e-12       0.000000000000e+00 
  843       3.378715354199e-10       1.575405763961e-12      -1.864105183274e-12       0.000000000000e+00 
  844       3.370954327879e-10       1.582692572213e-12      -1.607055613289e-12       0.000000000000e+00 
  845       3.362927780332e-10       1.590853651529e-12      -1.351333851706e-12       0.000000000000e+00 
  846       3.354638621489e-10       1.599882750522e-12      -1.097013796519e-12       0.000000000000e+00 
  847       3.346089800139e-10       1.609773515450e-12      -8.441699363174e-13       0.000000000000e+00 
  848       3.337284304051e-10       1.620519489871e-12      -5.928773518962e-13       0.000000000000e+00 
  849       3.328225160099e-10       1.632114114302e-12      -3.432117178774e-13       0.000000000000e+00 
  850       3.318915434389e-10       1.644550725870e-12      -9.524930432456e-14       0.000000000000e+00 
  851       3.309358232381e-10       1.657822557974e-12       1.509330216411e-13       0.000000000000e+00 
  852       3.299556699013e-10       1.671922739933e-12       3.952577942243e-13       0.000000000000e+00 
  853       3.289514018829e-10       1.686844296648e-12       6.376469473391e-13       0.000000000000e+00 
  854       3.279233416102e-10       1.702580148253e-12       8.780218129933e-13       0.000000000000e+00 
  855       3.268718154955e-10       1.719123109776e-12       1.116303119671e-12       0.000000000000e+00 
  856       3.257971539494e-10       1.736465890787e-12       1.352410990719e-12       0.000000000000e+00 
  857       3.246996913922e-10       1.754601095061e-12       1.586264942726e-12       0.000000000000e+00 
  858       3.235797662674e-10       1.773521220231e-12       1.817783883911e-12       0.000000000000e+00 
  859       3.224377210533e-10       1.793218657441e-12       2.046886112505e-12       0.000000000000e+00 
  860       3.212739022760e-10       1.813685691005e-12       2.273489315133e-12       0.000000000000e+00 
  861       3.200886605218e-10       1.834914498062e-12       2.497510565201e-12       0.000000000000e+00 
  862       3.188823504494e-10       1.856897148230e-12       2.718866321278e-12       0.000000000000e+00 
  863       3.176553308024e-10       1.879625603264e-12       2.937472425479e-12       0.000000000000e+00 
  864       3.164079644222e-10       1.903091716708e-12       3.153244101853e-12       0.000000000000e+00 
  865       3.151406182599e-10       1.927287233557e-12       3.366095954759e-12       0.000000000000e+00 
  866       3.138536633891e-10       1.952203789905e-12       3.575941967257e-12       0.000000000000e+00 
  867       3.125474750182e-10       1.977832912605e-12       3.782695499488e-12       0.000000000000e+00 
  868       3.112224325030e-10       2.004166018926e-12       3.986269287058e-12       0.000000000000e+00 
  869       3.098789193589e-10       2.031194416204e-12       4.186575439425e-12       0.000000000000e+00 
  870       3.085173232738e-10       2.058909301501e-12       4.383525438276e-12       0.000000000000e+00 
  871       3.071380361202e-10       2.087301761260e-12       4.577030135920e-12       0.000000000000e+00 
  872       3.057414539676e-10       2.116362770960e-12       4.766999753661e-12       0.000000000000e+00 
  873       3.043279770953e-10       2.146083194773e-12       4.953343880192e-12       0.000000000000e+00 
  874       3.028980100048e-10       2.176453785218e-12       5.135971469972e-12       0.000000000000e+00 
  875       3.014519614319e-10       2.207465182816e-12       5.314790841611e-12       0.000000000000e+00 
  876       2.999902443595e-10       2.239107915749e-12       5.489709676257e-12       0.000000000000e+00 
  877       2.985132760299e-10       2.271372399512e-12       5.660635015975e-12       0.000000000000e+00 
  878       2.970214768617e-10       2.304248197396e-12       5.827485813155e-12       0.000000000000e+00 
  879       2.955152671541e-10       2.337721789139e-12       5.990230810680e-12       0.000000000000e+00 
  880       2.939950703522e-10       2.371778764492e-12       6.148851288382e-12       0.000000000000e+00 
  881       2.924613141505e-10       2.406404558572e-12       6.303328569442e-12       0.000000000000e+00 
  882       2.909144305047e-10       2.441584451401e-12       6.453644020722e-12       0.000000000000e+00 
  883       2.893548556444e-10       2.477303567447e-12       6.599779053102e-12       0.000000000000e+00 
  884       2.877830300853e-10       2.513546875168e-12       6.741715121814e-12       0.000000000000e+00 
  885       2.861993986412e-10       2.550299186548e-12       6.879433726779e-12       0.000000000000e+00 
  886       2.846044104366e-10       2.587545156643e-12       7.012916412941e-12       0.000000000000e+00 
  887       2.829985189191e-10       2.625269283117e-12       7.142144770603e-12       0.000000000000e+00 
  888       2.813821818713e-10       2.663455905783e-12       7.267100435761e-12       0.000000000000e+00 
  889       2.797558614232e-10       2.702089206148e-12       7.387765090441e-12       0.000000000000e+00 
  890       2.781200240649e-10       2.741153206949e-12       7.504120463035e-12       0.000000000000e+00 
  891       2.764751406582e-10       2.780631771696e-12       7.616148328630e-12       0.000000000000e+00 
  892       2.748216864495e-10       2.820508604212e-12       7.723830509353e-12       0.000000000000e+00 
  893       2.731601410819e-10       2.860767248175e-12       7.827148874699e-12       0.000000000000e+00 
  894       2.714909886072e-10       2.901391086657e-12       7.926085341869e-12       0.000000000000e+00 
  895       2.698147174986e-10       2.942363341663e-12       8.020621876104e-12       0.000000000000e+00 
  896       2.681318206627e-10       2.983667073678e-12       8.110740491022e-12       0.000000000000e+00 
  897       2.664427954521e-10       3.025285181202e-12       8.196423248953e-12       0.000000000000e+00 
  898       2.647481436774e-10       3.067200400291e-12       8.277652261272e-12       0.000000000000e+00 
  899       2.630483716195e-10       3.109395304101e-12       8.354409688737e-12       0.000000000000e+00 
  900       2.613439900422e-10       3.151852302426e-12       8.426677741823e-12       0.000000000000e+00 
  901       2.596355142039e-10       3.194553641239e-12       8.494438681057e-12       0.000000000000e+00 
  902       2.579234638708e-10       3.237481402234e-12       8.557674817355e-12       0.000000000000e+00 
  903       2.562083633282e-10       3.280617502366e-12       8.616368512355e-12       0.000000000000e+00 
  904       2.544907413934e-10       3.323943693390e-12       8.670502178753e-12       0.000000000000e+00 
  905       2.527711314280e-10       3.367441561406e-12       8.720058280639e-12       0.000000000000e+00 
  906       2.510500713497e-10       3.411092526394e-12       8.765019333832e-12       0.000000000000e+00 
  907       2.493281036452e-10       3.454877841760e-12       8.805367906216e-12       0.000000000000e+00 
  908       2.476057753821e-10       3.498778593872e-12       8.841086618072e-12       0.000000000000e+00 
  909       2.458836382212e-10       3.542775701605e-12       8.872158142418e-12       0.000000000000e+00 
  910       2.441622484291e-10       3.586849915880e-12       8.898565205341e-12       0.000000000000e+00 
  911       2.424421668902e-10       3.630981819201e-12       8.920290586333e-12       0.000000000000e+00 
  912       2.407239591189e-10       3.675151825204e-12       8.937317118626e-12       0.000000000000e+00 
  913       2.390081952723e-10       3.719340178189e-12       8.949627689530e-12       0.000000000000e+00 
  914       2.372954501622e-10       3.763526952667e-12       8.957205240763e-12       0.000000000000e+00 
  915       2.355863032673e-10       3.807692052896e-12       8.960032768791e-12       0.000000000000e+00 
  916       2.338813387458e-10       3.851815212425e-12       8.958093325163e-12       0.000000000000e+00 
  917       2.321811006807e-10       3.895877094077e-12       8.951379477258e-12       0.000000000000e+00 
  918       2.304859580109e-10       3.939862610016e-12       8.939921854947e-12       0.000000000000e+00 
  919       2.287962374739e-10       3.983757653635e-12       8.923761059144e-12       0.000000000000e+00 
  920       2.271122681834e-10       4.027548003602e-12       8.902938244277e-12       0.000000000000e+00 
  921       2.254343816355e-10       4.071219323554e-12       8.877495119971e-12       0.000000000000e+00 
  922       2.237629117139e-10       4.114757161800e-12       8.847473952730e-12       0.000000000000e+00 
  923       2.220981946969e-10       4.158146951016e-12       8.812917567621e-12       0.000000000000e+00 
  924       2.204405692622e-10       4.201374007943e-12       8.773869349962e-12       0.000000000000e+00 
  925       2.187903764936e-10       4.244423533084e-12       8.730373247001e-12       0.000000000000e+00 
  926       2.171479598866e-10       4.287280610401e-12       8.682473769601e-12       0.000000000000e+00 
  927       2.155136653541e-10       4.329930207014e-12       8.630215993925e-12       0.000000000000e+00 
  928       2.138878412327e-10       4.372357172900e-12       8.573645563120e-12       0.000000000000e+00 
  929       2.122708382885e-10       4.414546240585e-12       8.512808689000e-12       0.000000000000e+00 
  930       2.106630097230e-10       4.456482024848e-12       8.447752153729e-12       0.000000000000e+00 
  931       2.090647111787e-10       4.498149022415e-12       8.378523311508e-12       0.000000000000e+00 
  932       2.074763007454e-10       4.539531611656e-12       8.305170090255e-12       0.000000000000e+00 
  933       2.058981389662e-10       4.580614052285e-12       8.227740993292e-12       0.000000000000e+00 
  934       2.043305888428e-10       4.621380485057e-12       8.146285101026e-12       0.000000000000e+00 
  935       2.027740158422e-10       4.661814931464e-12       8.060852072635e-12       0.000000000000e+00 
  936       2.012287879018e-10       4.701901293433e-12       7.971492147753e-12       0.000000000000e+00 
  937       1.996952754361e-10       4.741623353026e-12       7.878256148150e-12       0.000000000000e+00 
  938       1.981738513421e-10       4.780964772133e-12       7.781195479418e-12       0.000000000000e+00 
  939       1.966648910051e-10       4.819909092175e-12       7.680362132656e-12       0.000000000000e+00 
  940       1.951687723052e-10       4.858439733797e-12       7.575808686153e-12       0.000000000000e+00 
  941       1.936858756226e-10       4.896539996568e-12       7.467588307069e-12       0.000000000000e+00 
  942       1.922165838439e-10       4.934193058677e-12       7.355754753124e-12       0.000000000000e+00 
  943       1.907612823678e-10       4.971381976634e-12       7.240362374280e-12       0.000000000000e+00 
  944       1.893203591112e-10       5.008089684961e-12       7.121466114421e-12       0.000000000000e+00 
  945       1.878942045149e-10       5.044298995897e-12       6.999121513042e-12       0.000000000000e+00 
  946       1.864832115495e-10       5.079992599091e-12       6.873384706931e-12       0.000000000000e+00 
  947       1.850877757216e-10       5.115153061300e-12       6.744312431852e-12       0.000000000000e+00 
  948       1.837082950794e-10       5.149762826089e-12       6.611962024230e-12       0.000000000000e+00 
  949       1.823451702188e-10       5.183804213526e-12       6.476391422834e-12       0.000000000000e+00 
  950       1.809988042891e-10       5.217259419879e-12       6.337659170464e-12       0.000000000000e+00 
  951       1.796696029993e-10       5.250110517317e-12       6.195824415627e-12       0.000000000000e+00 
  952       1.783579746234e-10       5.282339453605e-12       6.050946914231e-12       0.000000000000e+00 
  953       1.770643300070e-10       5.313928051801e-12       5.903087031262e-12       0.000000000000e+00 
  954       1.757890825727e-10       5.344858009957e-12       5.752305742468e-12       0.000000000000e+00 
  955       1.745326483262e-10       5.375110900811e-12       5.598664636049e-12       0.000000000000e+00 
  956       1.732953871141e-10       5.404670414141e-12       5.442227267848e-12       0.000000000000e+00 
  957       1.720774254022e-10       5.433529121939e-12       5.283063246248e-12       0.000000000000e+00 
  958       1.708788308016e-10       5.461681815982e-12       5.121244213020e-12       0.000000000000e+00 
  959       1.696996705698e-10       5.489123274537e-12       4.956842497328e-12       0.000000000000e+00 
  960       1.685400116085e-10       5.515848262357e-12       4.789931117588e-12       0.000000000000e+00 
  961       1.673999204621e-10       5.541851530673e-12       4.620583783327e-12       0.000000000000e+00 
  962       1.662794633161e-10       5.567127817181e-12       4.448874897049e-12       0.000000000000e+00 
  963       1.651787059947e-10       5.591671846039e-12       4.274879556094e-12       0.000000000000e+00 
  964       1.640977139595e-10       5.615478327857e-12       4.098673554499e-12       0.000000000000e+00 
  965       1.630365523077e-10       5.638541959685e-12       3.920333384861e-12       0.000000000000e+00 
  966       1.619952857698e-10       5.660857425013e-12       3.739936240196e-12       0.000000000000e+00 
  967       1.609739787085e-10       5.682419393752e-12       3.557560015802e-12       0.000000000000e+00 
  968       1.599726951164e-10       5.703222522236e-12       3.373283311122e-12       0.000000000000e+00 
  969       1.589914986145e-10       5.723261453206e-12       3.187185431601e-12       0.000000000000e+00 
  970       1.580304524500e-10       5.742530815808e-12       2.999346390553e-12       0.000000000000e+00 
  971       1.570896194951e-10       5.761025225579e-12       2.809846911015e-12       0.000000000000e+00 
  972       1.561690622447e-10       5.778739284441e-12       2.618768427617e-12       0.000000000000e+00 
  973       1.552688428147e-10       5.795667580695e-12       2.426193088437e-12       0.000000000000e+00 
  974       1.543890229406e-10       5.811804689010e-12       2.232203756866e-12       0.000000000000e+00 
  975       1.535296639751e-10       5.827145170414e-12       2.036884013466e-12       0.000000000000e+00 
  976       1.526908268866e-10       5.841683572288e-12       1.840318157835e-12       0.000000000000e+00 
  977       1.518725722576e-10       5.855414428358e-12       1.642591210465e-12       0.000000000000e+00 
  978       1.510749602825e-10       5.868332258685e-12       1.443788914607e-12       0.000000000000e+00 
  979       1.502980507661e-10       5.880431569656e-12       1.243997738130e-12       0.000000000000e+00 
  980       1.495419031217e-10       5.891706853978e-12       1.043304875382e-12       0.000000000000e+00 
  981       1.488065763693e-10       5.902152590668e-12       8.417982490530e-13       0.000000000000e+00 
  982       1.480921291339e-10       5.911763245047e-12       6.395665120359e-13       0.000000000000e+00 
  983       1.473986196433e-10       5.920533268728e-12       4.366990492874e-13       0.000000000000e+00 
  984       1.467261057271e-10       5.928457099612e-12       2.332859796895e-13       0.000000000000e+00 
  985       1.460746448140e-10       5.935529161876e-12       2.941815791151e-14       0.000000000000e+00 
  986       1.454442939306e-10       5.941743865968e-12      -1.748128237294e-13       0.000000000000e+00 
  987       1.448351096996e-10       5.947095608593e-12      -3.793146334060e-13       0.000000000000e+00 
  988       1.442471483375e-10       5.951578772715e-12      -5.839941979204e-13       0.000000000000e+00 
  989       1.436804656534e-10       5.955187727536e-12      -7.887577008419e-13       0.000000000000e+00 
  990       1.431351170468e-10       5.957916828499e-12      -9.935105806462e-13       0.000000000000e+00 
  991       1.426111575060e-10       5.959760417272e-12      -1.198157528854e-12       0.000000000000e+00 
  992       1.421086416062e-10       5.960712821744e-12      -1.402602488168e-12       0.000000000000e+00 
  993       1.416276235079e-10       5.960768356014e-12      -1.606748650615e-12       0.000000000000e+00 
  994       1.411681569547e-10       5.959921320386e-12      -1.810498455680e-12       0.000000000000e+00 
  995       1.407302553309e-10       5.958168025712e-12      -2.013760369778e-12       0.000000000000e+00 
  996       1.403137711933e-10       5.955512899001e-12      -2.216469337416e-12       0.000000000000e+00 
  997       1.399185149673e-10       5.951962467423e-12      -2.418566626554e-12       0.000000000000e+00 
  998       1.395442947209e-10       5.947523342322e-12      -2.619993073457e-12       0.000000000000e+00 
  999       1.391909161580e-10       5.942202219445e-12      -2.820689081651e-12       0.000000000000e+00 
 1000       1.388581826117e-10       5.936005879186e-12      -3.020594620889e-12       0.000000000000e+00 
 1001       1.385458950380e-10       5.928941186818e-12      -3.219649226104e-12       0.000000000000e+00 
 1002       1.382538520088e-10       5.921015092733e-12      -3.417791996373e-12       0.000000000000e+00 
 1003       1.379818497056e-10       5.912234632676e-12      -3.614961593878e-12       0.000000000000e+00 
 1004       1.377296819124e-10       5.902606927986e-12      -3.811096242860e-12       0.000000000000e+00 
 1005       1.374971400096e-10       5.892139185828e-12      -4.006133728585e-12       0.000000000000e+00 
 1006       1.372840129671e-10       5.880838699433e-12      -4.200011396298e-12       0.000000000000e+00 
 1007       1.370900873376e-10       5.868712848332e-12      -4.392666150188e-12       0.000000000000e+00 
 1008       1.369151472502e-10       5.855769098599e-12      -4.584034452345e-12       0.000000000000e+00 
 1009       1.367589744034e-10       5.842015003079e-12      -4.774052321720e-12       0.000000000000e+00 
 1010       1.366213480589e-10       5.827458201632e-12      -4.962655333084e-12       0.000000000000e+00 
 1011       1.365020450347e-10       5.812106421366e-12      -5.149778615990e-12       0.000000000000e+00 
 1012       1.364008396984e-10       5.795967476877e-12      -5.335356853731e-12       0.000000000000e+00 
 1013       1.363175039610e-10       5.779049270483e-12      -5.519324282299e-12       0.000000000000e+00 
 1014       1.362518072697e-10       5.761359792459e-12      -5.701614689348e-12       0.000000000000e+00 
 1015       1.362035166015e-10       5.742907121282e-12      -5.882161413149e-12       0.000000000000e+00 
 1016       1.361723964568e-10       5.723699423858e-12      -6.060897341554e-12       0.000000000000e+00 
 1017       1.361582088524e-10       5.703744955765e-12      -6.237754910955e-12       0.000000000000e+00 
 1018       1.361607133152e-10       5.683052061488e-12      -6.412666105239e-12       0.000000000000e+00 
 1019       1.361796668752e-10       5.661629174656e-12      -6.585562454756e-12       0.000000000000e+00 
 1020       1.362148240592e-10       5.639484818280e-12      -6.756375035271e-12       0.000000000000e+00 
 1021       1.362659368839e-10       5.616627604986e-12      -6.925034466929e-12       0.000000000000e+00 
 1022       1.363327548495e-10       5.593066237257e-12      -7.091470913213e-12       0.000000000000e+00 
 1023       1.364150249330e-10       5.568809507666e-12      -7.255614079901e-12       0.000000000000e+00 
 1024       1.365124915815e-10       5.543866299114e-12      -7.417393214030e-12       0.000000000000e+00 
 1025       1.366248967055e-10       5.518245585069e-12      -7.576737102855e-12       0.000000000000e+00 
 1026       1.367519796725e-10       5.491956429798e-12      -7.733574072806e-12       0.000000000000e+00 
 1027       1.368934773002e-10       5.465007988608e-12      -7.887831988449e-12       0.000000000000e+00 
 1028       1.370491238498e-10       5.437409508083e-12      -8.039438251448e-12       0.000000000000e+00 
 1029       1.372186510197e-10       5.409170326317e-12      -8.188319799522e-12       0.000000000000e+00 
 1030       1.374017879383e-10       5.380299873155e-12      -8.334403105406e-12       0.000000000000e+00 
 1031       1.375982611581e-10       5.350807670427e-12      -8.477614175810e-12       0.000000000000e+00 
 1032       1.378077946483e-10       5.320703332186e-12      -8.617878550380e-12       0.000000000000e+00 
 1033       1.380301097887e-10       5.289996564945e-12      -8.755121300655e-12       0.000000000000e+00 
 1034       1.382649231014e-10       5.258697811527e-12      -8.889277378905e-12       0.000000000000e+00 
 1035       1.385119394243e-10       5.226820192101e-12      -9.020322826866e-12       0.000000000000e+00 
 1036       1.387708586281e-10       5.194377591039e-12      -9.148244005864e-12       0.000000000000e+00 
 1037       1.390413778618e-10       5.161384016102e-12      -9.273027287043e-12       0.000000000000e+00 
 1038       1.393231915463e-10       5.127853598741e-12      -9.394659051484e-12       0.000000000000e+00 
 1039       1.396159913673e-10       5.093800594414e-12      -9.513125690326e-12       0.000000000000e+00 
 1040       1.399194662682e-10       5.059239382890e-12      -9.628413604885e-12       0.000000000000e+00 
 1041       1.402333024436e-10       5.024184468562e-12      -9.740509206775e-12       0.000000000000e+00 
 1042       1.405571833321e-10       4.988650480752e-12      -9.849398918029e-12       0.000000000000e+00 
 1043       1.408907896098e-10       4.952652174022e-12      -9.955069171218e-12       0.000000000000e+00 
 1044       1.412337991828e-10       4.916204428482e-12      -1.005750640957e-11       0.000000000000e+00 
 1045       1.415858871809e-10       4.879322250103e-12      -1.015669708710e-11       0.000000000000e+00 
 1046       1.419467259505e-10       4.842020771018e-12      -1.025262766871e-11       0.000000000000e+00 
 1047       1.423159850476e-10       4.804315249840e-12      -1.034528463034e-11       0.000000000000e+00 
 1048       1.426933312311e-10       4.766221071966e-12      -1.043465445904e-11       0.000000000000e+00 
 1049       1.430784284556e-10       4.727753749884e-12      -1.052072365315e-11       0.000000000000e+00 
 1050       1.434709378651e-10       4.688928923487e-12      -1.060347872238e-11       0.000000000000e+00 
 1051       1.438705177856e-10       4.649762360382e-12      -1.068290618793e-11       0.000000000000e+00 
 1052       1.442768237182e-10       4.610269956192e-12      -1.075899258264e-11       0.000000000000e+00 
 1053       1.446895083326e-10       4.570467734874e-12      -1.083172445108e-11       0.000000000000e+00 
 1054       1.451082214599e-10       4.530371849022e-12      -1.090108834968e-11       0.000000000000e+00 
 1055       1.455326100858e-10       4.489998580178e-12      -1.096707084686e-11       0.000000000000e+00 
 1056       1.459623183438e-10       4.449364339141e-12      -1.102965852314e-11       0.000000000000e+00 
 1057       1.463969875081e-10       4.408485666276e-12      -1.108883797125e-11       0.000000000000e+00 
 1058       1.468362559870e-10       4.367379231823e-12      -1.114459579627e-11       0.000000000000e+00 
 1059       1.472797593158e-10       4.326061836205e-12      -1.119691861575e-11       0.000000000000e+00 
 1060       1.477271301499e-10       4.284550410340e-12      -1.124579305983e-11       0.000000000000e+00 
 1061       1.481779982581e-10       4.242862015946e-12      -1.129120577132e-11       0.000000000000e+00 
 1062       1.486319905156e-10       4.201013845852e-12      -1.133314340589e-11       0.000000000000e+00 
 1063       1.490887308969e-10       4.159023224308e-12      -1.137159263214e-11       0.000000000000e+00 
 1064       1.495478404695e-10       4.116907607293e-12      -1.140654013172e-11       0.000000000000e+00 
 1065       1.500089373864e-10       4.074684582822e-12      -1.143797259949e-11       0.000000000000e+00 
 1066       1.504716368794e-10       4.032371871260e-12      -1.146587674360e-11       0.000000000000e+00 
 1067       1.509355512525e-10       3.989987325624e-12      -1.149023928563e-11       0.000000000000e+00 
 1068       1.514002898745e-10       3.947548931901e-12      -1.151104696069e-11       0.000000000000e+00 
 1069       1.518654591727e-10       3.905074809347e-12      -1.152828651758e-11       0.000000000000e+00 
 1070       1.523306626255e-10       3.862583210805e-12      -1.154194471887e-11       0.000000000000e+00 
 1071       1.527955007559e-10       3.820092523007e-12      -1.155200834104e-11       0.000000000000e+00 
 1072       1.532595711241e-10       3.777621266887e-12      -1.155846417460e-11       0.000000000000e+00 
 1073       1.537224989418e-10       3.735187068091e-12      -1.156130683158e-11       0.000000000000e+00 
 1074       1.541840293825e-10       3.692803552524e-12      -1.156056228426e-11       0.000000000000e+00 
 1075       1.546439365143e-10       3.650483409144e-12      -1.155626464719e-11       0.000000000000e+00 
 1076       1.551019927894e-10       3.608239416129e-12      -1.154844839983e-11       0.000000000000e+00 
 1077       1.555579690406e-10       3.566084441078e-12      -1.153714838748e-11       0.000000000000e+00 
 1078       1.560116344775e-10       3.524031441211e-12      -1.152239982222e-11       0.000000000000e+00 
 1079       1.564627566829e-10       3.482093463574e-12      -1.150423828381e-11       0.000000000000e+00 
 1080       1.569111016091e-10       3.440283645242e-12      -1.148269972068e-11       0.000000000000e+00 
 1081       1.573564335740e-10       3.398615213514e-12      -1.145782045079e-11       0.000000000000e+00 
 1082       1.577985152577e-10       3.357101486122e-12      -1.142963716265e-11       0.000000000000e+00 
 1083       1.582371076985e-10       3.315755871429e-12      -1.139818691617e-11       0.000000000000e+00 
 1084       1.586719702896e-10       3.274591868631e-12      -1.136350714364e-11       0.000000000000e+00 
 1085       1.591028607749e-10       3.233623067961e-12      -1.132563565066e-11       0.000000000000e+00 
 1086       1.595295352458e-10       3.192863150887e-12      -1.128461061707e-11       0.000000000000e+00 
 1087       1.599517481370e-10       3.152325890318e-12      -1.124047059786e-11       0.000000000000e+00 
 1088       1.603692522233e-10       3.112025150803e-12      -1.119325452415e-11       0.000000000000e+00 
 1089       1.607817986155e-10       3.071974888732e-12      -1.114300170408e-11       0.000000000000e+00 
 1090       1.611891367571e-10       3.032189152542e-12      -1.108975182376e-11       0.000000000000e+00 
 1091       1.615910144201e-10       2.992682082915e-12      -1.103354494820e-11       0.000000000000e+00 
 1092       1.619871777016e-10       2.953467912979e-12      -1.097442152226e-11       0.000000000000e+00 
 1093       1.623773710204e-10       2.914560968514e-12      -1.091242237156e-11       0.000000000000e+00 
 1094       1.627613371126e-10       2.875975668151e-12      -1.084758870343e-11       0.000000000000e+00 
 1095       1.631388170285e-10       2.837726523572e-12      -1.077996210782e-11       0.000000000000e+00 
 1096       1.635095501286e-10       2.799828139717e-12      -1.070958455826e-11       0.000000000000e+00 
 1097       1.638732740799e-10       2.762295214980e-12      -1.063649841279e-11       0.000000000000e+00 
 1098       1.642297248525e-10       2.725142541416e-12      -1.056074641487e-11       0.000000000000e+00 
 1099       1.645786367156e-10       2.688385004938e-12      -1.048237169434e-11       0.000000000000e+00 
 1100       1.649197422337e-10       2.652037585523e-12      -1.040141776834e-11       0.000000000000e+00 
 1101       1.652527722634e-10       2.616115357409e-12      -1.031792854224e-11       0.000000000000e+00 
 1102       1.655774559493e-10       2.580633489303e-12      -1.023194831059e-11       0.000000000000e+00 
 1103       1.658935207202e-10       2.545607244577e-12      -1.014352175803e-11       0.000000000000e+00 
 1104       1.662006922858e-10       2.511051981472e-12      -1.005269396024e-11       0.000000000000e+00 
 1105       1.664986946328e-10       2.476983153301e-12      -9.959510384877e-12       0.000000000000e+00 
 1106       1.667872500211e-10       2.443416308651e-12      -9.864016892482e-12       0.000000000000e+00 
 1107       1.670660789803e-10       2.410367091579e-12      -9.766259737446e-12       0.000000000000e+00 
 1108       1.673349003058e-10       2.377851241823e-12      -9.666285568920e-12       0.000000000000e+00 
 1109       1.675934310553e-10       2.345884594996e-12      -9.564141431763e-12       0.000000000000e+00 
 1110       1.678413865450e-10       2.314483082792e-12      -9.459874767463e-12       0.000000000000e+00 
 1111       1.680784803459e-10       2.283662733186e-12      -9.353533415078e-12       0.000000000000e+00 
 1112       1.683044663772e-10       2.253437669177e-12      -9.245166878009e-12       0.000000000000e+00 
 1113       1.685192657991e-10       2.223814075812e-12      -9.134830140657e-12       0.000000000000e+00 
 1114       1.687228417805e-10       2.194796154282e-12      -9.022579903774e-12       0.000000000000e+00 
 1115       1.689151575530e-10       2.166388116204e-12      -8.908473324226e-12       0.000000000000e+00 
 1116       1.690961764112e-10       2.138594183622e-12      -8.792568016046e-12       0.000000000000e+00 
 1117       1.692658617137e-10       2.111418589021e-12      -8.674922051496e-12       0.000000000000e+00 
 1118       1.694241768830e-10       2.084865575332e-12      -8.555593962115e-12       0.000000000000e+00 
 1119       1.695710854060e-10       2.058939395938e-12      -8.434642739783e-12       0.000000000000e+00 
 1120       1.697065508344e-10       2.033644314686e-12      -8.312127837772e-12       0.000000000000e+00 
 1121       1.698305367850e-10       2.008984605892e-12      -8.188109171802e-12       0.000000000000e+00 
 1122       1.699430069403e-10       1.984964554346e-12      -8.062647121102e-12       0.000000000000e+00 
 1123       1.700439250486e-10       1.961588455326e-12      -7.935802529457e-12       0.000000000000e+00 
 1124       1.701332549247e-10       1.938860614603e-12      -7.807636706274e-12       0.000000000000e+00 
 1125       1.702109604499e-10       1.916785348444e-12      -7.678211427630e-12       0.000000000000e+00 
 1126       1.702770055727e-10       1.895366983628e-12      -7.547588937334e-12       0.000000000000e+00 
 1127       1.703313543092e-10       1.874609857449e-12      -7.415831947977e-12       0.000000000000e+00 
 1128       1.703739707431e-10       1.854518317722e-12      -7.283003641995e-12       0.000000000000e+00 
 1129       1.704048190265e-10       1.835096722794e-12      -7.149167672718e-12       0.000000000000e+00 
 1130       1.704238633802e-10       1.816349441554e-12      -7.014388165430e-12       0.000000000000e+00 
 1131       1.704310680939e-10       1.798280853432e-12      -6.878729718425e-12       0.000000000000e+00 
 1132       1.704263975266e-10       1.780895348417e-12      -6.742257404063e-12       0.000000000000e+00 
 1133       1.704098161073e-10       1.764197327057e-12      -6.605036769821e-12       0.000000000000e+00 
 1134       1.703812883351e-10       1.748191200471e-12      -6.467133839358e-12       0.000000000000e+00 
 1135       1.703407787795e-10       1.732881390355e-12      -6.328615113563e-12       0.000000000000e+00 
 1136       1.702882520811e-10       1.718272328990e-12      -6.189547571616e-12       0.000000000000e+00 
 1137       1.702236729518e-10       1.704368459249e-12      -6.049998672040e-12       0.000000000000e+00 
 1138       1.701470061750e-10       1.691174234608e-12      -5.910036353761e-12       0.000000000000e+00 
 1139       1.700582166064e-10       1.678694119148e-12      -5.769729037161e-12       0.000000000000e+00 
 1140       1.699572691742e-10       1.666932587568e-12      -5.629145625135e-12       0.000000000000e+00 
 1141       1.698441288792e-10       1.655894125191e-12      -5.488355504148e-12       0.000000000000e+00 
 1142       1.697187607957e-10       1.645583227970e-12      -5.347428545289e-12       0.000000000000e+00 
 1143       1.695811300713e-10       1.636004402498e-12      -5.206435105327e-12       0.000000000000e+00 
 1144       1.694312019280e-10       1.627162166014e-12      -5.065446027771e-12       0.000000000000e+00 
 1145       1.692689416619e-10       1.619061046412e-12      -4.924532643920e-12       0.000000000000e+00 
 1146       1.690943146439e-10       1.611705582249e-12      -4.783766773924e-12       0.000000000000e+00 
 1147       1.689072863201e-10       1.605100322751e-12      -4.643220727836e-12       0.000000000000e+00 
 1148       1.687078222121e-10       1.599249827822e-12      -4.502967306671e-12       0.000000000000e+00 
 1149       1.684958879175e-10       1.594158668052e-12      -4.363079803462e-12       0.000000000000e+00 
 1150       1.682714491102e-10       1.589831424723e-12      -4.223632004312e-12       0.000000000000e+00 
 1151       1.680345005674e-10       1.586270923987e-12      -4.084692976099e-12       0.000000000000e+00 
 1152       1.677851536541e-10       1.583472914837e-12      -3.946311354987e-12       0.000000000000e+00 
 1153       1.675235499502e-10       1.581431323575e-12      -3.808530860519e-12       0.000000000000e+00 
 1154       1.672498323279e-10       1.580140013362e-12      -3.671395491461e-12       0.000000000000e+00 
 1155       1.669641449541e-10       1.579592784069e-12      -3.534949526389e-12       0.000000000000e+00 
 1156       1.666666332939e-10       1.579783372122e-12      -3.399237524269e-12       0.000000000000e+00 
 1157       1.663574441133e-10       1.580705450350e-12      -3.264304325047e-12       0.000000000000e+00 
 1158       1.660367254827e-10       1.582352627835e-12      -3.130195050228e-12       0.000000000000e+00 
 1159       1.657046267792e-10       1.584718449758e-12      -2.996955103464e-12       0.000000000000e+00 
 1160       1.653612986900e-10       1.587796397248e-12      -2.864630171134e-12       0.000000000000e+00 
 1161       1.650068932157e-10       1.591579887228e-12      -2.733266222933e-12       0.000000000000e+00 
 1162       1.646415636728e-10       1.596062272266e-12      -2.602909512451e-12       0.000000000000e+00 
 1163       1.642654646967e-10       1.601236840420e-12      -2.473606577764e-12       0.000000000000e+00 
 1164       1.638787522453e-10       1.607096815089e-12      -2.345404242009e-12       0.000000000000e+00 
 1165       1.634815836013e-10       1.613635354856e-12      -2.218349613977e-12       0.000000000000e+00 
 1166       1.630741173759e-10       1.620845553342e-12      -2.092490088692e-12       0.000000000000e+00 
 1167       1.626565135111e-10       1.628720439050e-12      -1.967873347997e-12       0.000000000000e+00 
 1168       1.622289332833e-10       1.637252975212e-12      -1.844547361137e-12       0.000000000000e+00 
 1169       1.617915393059e-10       1.646436059641e-12      -1.722560385345e-12       0.000000000000e+00 
 1170       1.613444955326e-10       1.656262524575e-12      -1.601960966424e-12       0.000000000000e+00 
 1171       1.608879672602e-10       1.666725136528e-12      -1.482797939333e-12       0.000000000000e+00 
 1172       1.604221211319e-10       1.677816596135e-12      -1.365120428770e-12       0.000000000000e+00 
 1173       1.599471251398e-10       1.689529538003e-12      -1.248977849757e-12       0.000000000000e+00 
 1174       1.594631486285e-10       1.701856530555e-12      -1.134419908224e-12       0.000000000000e+00 
 1175       1.589703622978e-10       1.714790075882e-12      -1.021496601592e-12       0.000000000000e+00 
 1176       1.584689382056e-10       1.728322609588e-12      -9.102582193590e-13       0.000000000000e+00 
 1177       1.579590497711e-10       1.742446500639e-12      -8.007553436826e-13       0.000000000000e+00 
 1178       1.574408717779e-10       1.757154051213e-12      -6.930388499655e-13       0.000000000000e+00 
 1179       1.569145803768e-10       1.772437496541e-12      -5.871599074385e-13       0.000000000000e+00 
 1180       1.563803530888e-10       1.788289004766e-12      -4.831699797456e-13       0.000000000000e+00 
 1181       1.558383688083e-10       1.804700676779e-12      -3.811208255276e-13       0.000000000000e+00 
 1182       1.552888078059e-10       1.821664546075e-12      -2.810644990064e-13       0.000000000000e+00 
 1183       1.547318517318e-10       1.839172578599e-12      -1.830533505692e-13       0.000000000000e+00 
 1184       1.541676836183e-10       1.857216672592e-12      -8.714002735296e-14       0.000000000000e+00 
 1185       1.535964878830e-10       1.875788658441e-12       6.622526172069e-15       0.000000000000e+00 
 1186       1.530184503319e-10       1.894880298525e-12       9.818106761762e-14       0.000000000000e+00 
 1187       1.524337581625e-10       1.914483287066e-12       1.874820560935e-13       0.000000000000e+00 
 1188       1.518425999665e-10       1.934589249974e-12       2.744716516232e-13       0.000000000000e+00 
 1189       1.512451657331e-10       1.955189744694e-12       3.590957145600e-13       0.000000000000e+00 
 1190       1.506416493842e-10       1.976275708997e-12       4.413077477321e-13       0.000000000000e+00 
 1191       1.500322564092e-10       1.997835800229e-12       5.210928308392e-13       0.000000000000e+00 
 1192       1.494171963298e-10       2.019858035357e-12       5.984439788710e-13       0.000000000000e+00 
 1193       1.487966801798e-10       2.042330339985e-12       6.733542261306e-13       0.000000000000e+00 
 1194       1.481709205080e-10       2.065240548154e-12       7.458166263230e-13       0.000000000000e+00 
 1195       1.475401313814e-10       2.088576402141e-12       8.158242526432e-13       0.000000000000e+00 
 1196       1.469045283887e-10       2.112325552263e-12       8.833701978648e-13       0.000000000000e+00 
 1197       1.462643286435e-10       2.136475556680e-12       9.484475744281e-13       0.000000000000e+00 
 1198       1.456197507872e-10       2.161013881190e-12       1.011049514528e-12       0.000000000000e+00 
 1199       1.449710149925e-10       2.185927899036e-12       1.071169170205e-12       0.000000000000e+00 
 1200       1.443183429665e-10       2.211204890704e-12       1.128799713428e-12       0.000000000000e+00 
 1201       1.436619579540e-10       2.236832043728e-12       1.183934336189e-12       0.000000000000e+00 
 1202       1.430020847407e-10       2.262796452486e-12       1.236566250586e-12       0.000000000000e+00 
 1203       1.423389496565e-10       2.289085118004e-12       1.286688688916e-12       0.000000000000e+00 
 1204       1.416727805786e-10       2.315684947761e-12       1.334294903760e-12       0.000000000000e+00 
 1205       1.410038069348e-10       2.342582755481e-12       1.379378168072e-12       0.000000000000e+00 
 1206       1.403322597065e-10       2.369765260943e-12       1.421931775268e-12       0.000000000000e+00 
 1207       1.396583714325e-10       2.397219089780e-12       1.461949039316e-12       0.000000000000e+00 
 1208       1.389823762116e-10       2.424930773275e-12       1.499423294818e-12       0.000000000000e+00 
 1209       1.383045097060e-10       2.452886748172e-12       1.534347897108e-12       0.000000000000e+00 
 1210       1.376250091449e-10       2.481073356467e-12       1.566716222332e-12       0.000000000000e+00 
 1211       1.369441133271e-10       2.509476845216e-12       1.596521667539e-12       0.000000000000e+00 
 1212       1.362620626248e-10       2.538083366334e-12       1.623757650772e-12       0.000000000000e+00 
 1213       1.355790989865e-10       2.566878976397e-12       1.648417611151e-12       0.000000000000e+00 
 1214       1.348954659402e-10       2.595849636442e-12       1.670495008968e-12       0.000000000000e+00 
 1215       1.342114085969e-10       2.624981211770e-12       1.689983325768e-12       0.000000000000e+00 
 1216       1.335271736534e-10       2.654259471744e-12       1.706876064444e-12       0.000000000000e+00 
 1217       1.328430093962e-10       2.683670089596e-12       1.721166749322e-12       0.000000000000e+00 
 1218       1.321591657038e-10       2.713198642221e-12       1.732848926247e-12       0.000000000000e+00 
 1219       1.314758940508e-10       2.742830609984e-12       1.741916162677e-12       0.000000000000e+00 
 1220       1.307934475106e-10       2.772551376519e-12       1.748362047768e-12       0.000000000000e+00 
 1221       1.301120807587e-10       2.802346228531e-12       1.752180192460e-12       0.000000000000e+00 
 1222       1.294320500762e-10       2.832200355596e-12       1.753364229573e-12       0.000000000000e+00 
 1223       1.287536133527e-10       2.862098849963e-12       1.751907813884e-12       0.000000000000e+00 
 1224       1.280770300897e-10       2.892026706356e-12       1.747804622228e-12       0.000000000000e+00 
 1225       1.274025614038e-10       2.921968821772e-12       1.741048353576e-12       0.000000000000e+00 
 1226       1.267304700297e-10       2.951909995289e-12       1.731632729128e-12       0.000000000000e+00 
 1227       1.260610203238e-10       2.981834927859e-12       1.719551492401e-12       0.000000000000e+00 
 1228       1.253944782674e-10       3.011728222116e-12       1.704798409317e-12       0.000000000000e+00 
 1229       1.247310906480e-10       3.041575246984e-12       1.687373206662e-12       0.000000000000e+00 
 1230       1.240710223275e-10       3.071364743170e-12       1.667299464592e-12       0.000000000000e+00 
 1231       1.234144182348e-10       3.101086248270e-12       1.644606937118e-12       0.000000000000e+00 
 1232       1.227614241205e-10       3.130729234635e-12       1.619325633598e-12       0.000000000000e+00 
 1233       1.221121865592e-10       3.160283109242e-12       1.591485819300e-12       0.000000000000e+00 
 1234       1.214668529507e-10       3.189737213565e-12       1.561118015956e-12       0.000000000000e+00 
 1235       1.208255715217e-10       3.219080823443e-12       1.528253002329e-12       0.000000000000e+00 
 1236       1.201884913272e-10       3.248303148954e-12       1.492921814768e-12       0.000000000000e+00 
 1237       1.195557622524e-10       3.277393334280e-12       1.455155747766e-12       0.000000000000e+00 
 1238       1.189275350138e-10       3.306340457578e-12       1.414986354527e-12       0.000000000000e+00 
 1239       1.183039611612e-10       3.335133530853e-12       1.372445447518e-12       0.000000000000e+00 
 1240       1.176851930791e-10       3.363761499824e-12       1.327565099033e-12       0.000000000000e+00 
 1241       1.170713839883e-10       3.392213243797e-12       1.280377641751e-12       0.000000000000e+00 
 1242       1.164626879474e-10       3.420477575534e-12       1.230915669297e-12       0.000000000000e+00 
 1243       1.158592598543e-10       3.448543241120e-12       1.179212036802e-12       0.000000000000e+00 
 1244       1.152612554483e-10       3.476398919837e-12       1.125299861461e-12       0.000000000000e+00 
 1245       1.146688313108e-10       3.504033224032e-12       1.069212523092e-12       0.000000000000e+00 
 1246       1.140821448676e-10       3.531434698988e-12       1.010983664700e-12       0.000000000000e+00 
 1247       1.135013543901e-10       3.558591822792e-12       9.506471930328e-13       0.000000000000e+00 
 1248       1.129266189972e-10       3.585493006206e-12       8.882372791421e-13       0.000000000000e+00 
 1249       1.123580986565e-10       3.612126592537e-12       8.237883589431e-13       0.000000000000e+00 
 1250       1.117959541859e-10       3.638480857507e-12       7.573351337744e-13       0.000000000000e+00 
 1251       1.112403472555e-10       3.664544009123e-12       6.889125709574e-13       0.000000000000e+00 
 1252       1.106914403890e-10       3.690304187545e-12       6.185559043563e-13       0.000000000000e+00 
 1253       1.101493969651e-10       3.715749464960e-12       5.463006349378e-13       0.000000000000e+00 
 1254       1.096143812192e-10       3.740867845447e-12       4.721825313308e-13       0.000000000000e+00 
 1255       1.090865582453e-10       3.765647264851e-12       3.962376303859e-13       0.000000000000e+00 
 1256       1.085660939968e-10       3.790075590649e-12       3.185022377356e-13       0.000000000000e+00 
 1257       1.080531552890e-10       3.814140621824e-12       2.390129283536e-13       0.000000000000e+00 
 1258       1.075479097998e-10       3.837830088733e-12       1.578065471148e-13       0.000000000000e+00 
 1259       1.070505260719e-10       3.861131652977e-12       7.492020935486e-14       0.000000000000e+00 
 1260       1.065611735142e-10       3.884032907268e-12      -9.608698569918e-15       0.000000000000e+00 
 1261       1.060800224032e-10       3.906521375305e-12      -9.574251872299e-14       0.000000000000e+00 
 1262       1.056072438848e-10       3.928584511639e-12      -1.834433210278e-13       0.000000000000e+00 
 1263       1.051430099755e-10       3.950209701546e-12      -2.726729027079e-13       0.000000000000e+00 
 1264       1.046874935647e-10       3.971384260892e-12      -3.633927877276e-13       0.000000000000e+00 
 1265       1.042408684154e-10       3.992095436011e-12      -4.555642262317e-13       0.000000000000e+00 
 1266       1.038033091665e-10       4.012330403566e-12      -5.491481939863e-13       0.000000000000e+00 
 1267       1.033749913337e-10       4.032076270425e-12      -6.441053918186e-13       0.000000000000e+00 
 1268       1.029560626275e-10       4.051321734406e-12      -7.403954171319e-13       0.000000000000e+00 
 1269       1.025465565388e-10       4.070062087738e-12      -8.379742691208e-13       0.000000000000e+00 
 1270       1.021464777601e-10       4.088294271026e-12      -9.367968136795e-13       0.000000000000e+00 
 1271       1.017558307783e-10       4.106015217607e-12      -1.036817608097e-12       0.000000000000e+00 
 1272       1.013746198744e-10       4.123221853536e-12      -1.137990900436e-12       0.000000000000e+00 
 1273       1.010028491228e-10       4.139911097587e-12      -1.240270628910e-12       0.000000000000e+00 
 1274       1.006405223909e-10       4.156079861243e-12      -1.343610421265e-12       0.000000000000e+00 
 1275       1.002876433383e-10       4.171725048691e-12      -1.447963594154e-12       0.000000000000e+00 
 1276       9.994421541666e-11       4.186843556814e-12      -1.553283152519e-12       0.000000000000e+00 
 1277       9.961024186850e-11       4.201432275187e-12      -1.659521788967e-12       0.000000000000e+00 
 1278       9.928572572719e-11       4.215488086069e-12      -1.766631883151e-12       0.000000000000e+00 
 1279       9.897066981612e-11       4.229007864398e-12      -1.874565501145e-12       0.000000000000e+00 
 1280       9.866507674817e-11       4.241988477785e-12      -1.983274394827e-12       0.000000000000e+00 
 1281       9.836894892519e-11       4.254426786505e-12      -2.092710001254e-12       0.000000000000e+00 
 1282       9.808228853737e-11       4.266319643495e-12      -2.202823442040e-12       0.000000000000e+00 
 1283       9.780509756271e-11       4.277663894345e-12      -2.313565522740e-12       0.000000000000e+00 
 1284       9.753737776646e-11       4.288456377291e-12      -2.424886732221e-12       0.000000000000e+00 
 1285       9.727913070053e-11       4.298693923213e-12      -2.536737242047e-12       0.000000000000e+00 
 1286       9.703035770294e-11       4.308373355622e-12      -2.649066905854e-12       0.000000000000e+00 
 1287       9.679105989723e-11       4.317491490662e-12      -2.761825258728e-12       0.000000000000e+00 
 1288       9.656123819192e-11       4.326045137095e-12      -2.874961516586e-12       0.000000000000e+00 
 1289       9.634089327994e-11       4.334031096302e-12      -2.988424575554e-12       0.000000000000e+00 
 1290       9.613002563804e-11       4.341446162275e-12      -3.102163011344e-12       0.000000000000e+00 
 1291       9.592863552624e-11       4.348287121605e-12      -3.216125078633e-12       0.000000000000e+00 
 1292       9.573672298727e-11       4.354550753486e-12      -3.330258710442e-12       0.000000000000e+00 
 1293       9.555428784598e-11       4.360233829699e-12      -3.444511517517e-12       0.000000000000e+00 
 1294       9.538132970880e-11       4.365333114613e-12      -3.558830787701e-12       0.000000000000e+00 
 1295       9.521784796315e-11       4.369845365173e-12      -3.673163485319e-12       0.000000000000e+00 
 1296       9.506384177689e-11       4.373767330899e-12      -3.787456250554e-12       0.000000000000e+00 
 1297       9.491931009773e-11       4.377095753875e-12      -3.901655398824e-12       0.000000000000e+00 
 1298       9.478425165271e-11       4.379827368748e-12      -4.015706920165e-12       0.000000000000e+00 
 1299       9.465866494756e-11       4.381958902715e-12      -4.129556478604e-12       0.000000000000e+00 
 1300       9.454254826622e-11       4.383487075524e-12      -4.243149411540e-12       0.000000000000e+00 
 1301       9.443589967018e-11       4.384408599463e-12      -4.356430729125e-12       0.000000000000e+00 
 1302       9.433871699801e-11       4.384720179355e-12      -4.469345113638e-12       0.000000000000e+00 
 1303       9.425099786470e-11       4.384418512551e-12      -4.581836918866e-12       0.000000000000e+00 
 1304       9.417273966117e-11       4.383500288926e-12      -4.693850169485e-12       0.000000000000e+00 
 1305       9.410393955363e-11       4.381962190871e-12      -4.805328560431e-12       0.000000000000e+00 
 1306       9.404459448311e-11       4.379800893287e-12      -4.916215456288e-12       0.000000000000e+00 
 1307       9.399468190960e-11       4.377014508564e-12      -5.026457962374e-12       0.000000000000e+00 
 1308       9.395410181032e-11       4.373606939215e-12      -5.136019189115e-12       0.000000000000e+00 
 1309       9.392273403153e-11       4.369583573920e-12      -5.244866123634e-12       0.000000000000e+00 
 1310       9.390045748295e-11       4.364949847054e-12      -5.352965570148e-12       0.000000000000e+00 
 1311       9.388715013582e-11       4.359711238782e-12      -5.460284149628e-12       0.000000000000e+00 
 1312       9.388268902100e-11       4.353873275154e-12      -5.566788299469e-12       0.000000000000e+00 
 1313       9.388695022704e-11       4.347441528201e-12      -5.672444273150e-12       0.000000000000e+00 
 1314       9.389980889826e-11       4.340421616028e-12      -5.777218139900e-12       0.000000000000e+00 
 1315       9.392113923285e-11       4.332819202912e-12      -5.881075784363e-12       0.000000000000e+00 
 1316       9.395081448092e-11       4.324639999394e-12      -5.983982906262e-12       0.000000000000e+00 
 1317       9.398870694263e-11       4.315889762379e-12      -6.085905020061e-12       0.000000000000e+00 
 1318       9.403468796619e-11       4.306574295227e-12      -6.186807454632e-12       0.000000000000e+00 
 1319       9.408862794605e-11       4.296699447847e-12      -6.286655352921e-12       0.000000000000e+00 
 1320       9.415039632089e-11       4.286271116799e-12      -6.385413671607e-12       0.000000000000e+00 
 1321       9.421986157173e-11       4.275295245381e-12      -6.483047180771e-12       0.000000000000e+00 
 1322       9.429689122004e-11       4.263777823731e-12      -6.579520463557e-12       0.000000000000e+00 
 1323       9.438135182578e-11       4.251724888917e-12      -6.674797915839e-12       0.000000000000e+00 
 1324       9.447310898552e-11       4.239142525035e-12      -6.768843745884e-12       0.000000000000e+00 
 1325       9.457202733046e-11       4.226036863305e-12      -6.861621974018e-12       0.000000000000e+00 
 1326       9.467797052459e-11       4.212414082163e-12      -6.953096432286e-12       0.000000000000e+00 
 1327       9.479080126273e-11       4.198280407359e-12      -7.043230764123e-12       0.000000000000e+00 
 1328       9.491038126860e-11       4.183642112051e-12      -7.131988424011e-12       0.000000000000e+00 
 1329       9.503657129291e-11       4.168505516900e-12      -7.219332677149e-12       0.000000000000e+00 
 1330       9.516923111148e-11       4.152876990166e-12      -7.305226599115e-12       0.000000000000e+00 
 1331       9.530821952326e-11       4.136762947803e-12      -7.389633075530e-12       0.000000000000e+00 
 1332       9.545339434845e-11       4.120169853552e-12      -7.472514801725e-12       0.000000000000e+00 
 1333       9.560461242656e-11       4.103104219042e-12      -7.553834282400e-12       0.000000000000e+00 
 1334       9.576172961454e-11       4.085572603877e-12      -7.633553831294e-12       0.000000000000e+00 
 1335       9.592460078478e-11       4.067581615738e-12      -7.711635570846e-12       0.000000000000e+00 
 1336       9.609307982325e-11       4.049137910477e-12      -7.788041431861e-12       0.000000000000e+00 
 1337       9.626701962760e-11       4.030248192207e-12      -7.862733153172e-12       0.000000000000e+00 
 1338       9.644627210515e-11       4.010919213404e-12      -7.935672281309e-12       0.000000000000e+00 
 1339       9.663068817108e-11       3.991157775000e-12      -8.006820170158e-12       0.000000000000e+00 
 1340       9.682011774645e-11       3.970970726474e-12      -8.076137980627e-12       0.000000000000e+00 
 1341       9.701440975627e-11       3.950364965954e-12      -8.143586680313e-12       0.000000000000e+00 
 1342       9.721341212762e-11       3.929347440308e-12      -8.209127043162e-12       0.000000000000e+00 
 1343       9.741697178774e-11       3.907925145239e-12      -8.272719649139e-12       0.000000000000e+00 
 1344       9.762493466204e-11       3.886105125382e-12      -8.334324883885e-12       0.000000000000e+00 
 1345       9.783714567226e-11       3.863894474398e-12      -8.393902938388e-12       0.000000000000e+00 
 1346       9.805344831906e-11       3.841300779780e-12      -8.451419927055e-12       0.000000000000e+00 
 1347       9.827368342879e-11       3.818333462357e-12      -8.506866315333e-12       0.000000000000e+00 
 1348       9.849769038927e-11       3.795002451527e-12      -8.560238691612e-12       0.000000000000e+00 
 1349       9.872530756213e-11       3.771317742000e-12      -8.611533667035e-12       0.000000000000e+00 
 1350       9.895637228079e-11       3.747289393913e-12      -8.660747875576e-12       0.000000000000e+00 
 1351       9.919072084857e-11       3.722927532964e-12      -8.707877974105e-12       0.000000000000e+00 
 1352       9.942818853670e-11       3.698242350528e-12      -8.752920642459e-12       0.000000000000e+00 
 1353       9.966860958241e-11       3.673244103789e-12      -8.795872583511e-12       0.000000000000e+00 
 1354       9.991181718698e-11       3.647943115859e-12      -8.836730523237e-12       0.000000000000e+00 
 1355       1.001576435138e-10       3.622349775908e-12      -8.875491210789e-12       0.000000000000e+00 
 1356       1.004059196863e-10       3.596474539282e-12      -8.912151418562e-12       0.000000000000e+00 
 1357       1.006564757862e-10       3.570327927634e-12      -8.946707942265e-12       0.000000000000e+00 
 1358       1.009091408515e-10       3.543920529045e-12      -8.979157600988e-12       0.000000000000e+00 
 1359       1.011637428745e-10       3.517262998150e-12      -9.009497237271e-12       0.000000000000e+00 
 1360       1.014201087998e-10       3.490366056260e-12      -9.037723717178e-12       0.000000000000e+00 
 1361       1.016780645224e-10       3.463240491493e-12      -9.063833930360e-12       0.000000000000e+00 
 1362       1.019374348859e-10       3.435897158890e-12      -9.087824790129e-12       0.000000000000e+00 
 1363       1.021980436804e-10       3.408346980547e-12      -9.109693233525e-12       0.000000000000e+00 
 1364       1.024597136404e-10       3.380600945735e-12      -9.129436221387e-12       0.000000000000e+00 
 1365       1.027222664433e-10       3.352670111027e-12      -9.147050738418e-12       0.000000000000e+00 
 1366       1.029855227068e-10       3.324565600423e-12      -9.162533793262e-12       0.000000000000e+00 
 1367       1.032493019879e-10       3.296298605471e-12      -9.175882418565e-12       0.000000000000e+00 
 1368       1.035134227799e-10       3.267880385396e-12      -9.187093671050e-12       0.000000000000e+00 
 1369       1.037777025111e-10       3.239322267223e-12      -9.196164631583e-12       0.000000000000e+00 
 1370       1.040419575429e-10       3.210635645900e-12      -9.203092405244e-12       0.000000000000e+00 
 1371       1.043060031673e-10       3.181831984425e-12      -9.207874121397e-12       0.000000000000e+00 
 1372       1.045696536056e-10       3.152922813969e-12      -9.210506933758e-12       0.000000000000e+00 
 1373       1.048327220060e-10       3.123919734003e-12      -9.210988020462e-12       0.000000000000e+00 
 1374       1.050950204419e-10       3.094834412419e-12      -9.209314584138e-12       0.000000000000e+00 
 1375       1.053563599099e-10       3.065678585657e-12      -9.205483851973e-12       0.000000000000e+00 
 1376       1.056165503278e-10       3.036464058831e-12      -9.199493075783e-12       0.000000000000e+00 
 1377       1.058754005325e-10       3.007202705848e-12      -9.191339532086e-12       0.000000000000e+00 
 1378       1.061327182785e-10       2.977906469540e-12      -9.181020522164e-12       0.000000000000e+00 
 1379       1.063883102356e-10       2.948587361783e-12      -9.168533372138e-12       0.000000000000e+00 
 1380       1.066419819870e-10       2.919257463626e-12      -9.153875433035e-12       0.000000000000e+00 
 1381       1.068935380273e-10       2.889928925410e-12      -9.137044080858e-12       0.000000000000e+00 
 1382       1.071427817609e-10       2.860613966898e-12      -9.118036716656e-12       0.000000000000e+00 
 1383       1.073895154996e-10       2.831324877398e-12      -9.096850766590e-12       0.000000000000e+00 
 1384       1.076335404609e-10       2.802074015886e-12      -9.073483682008e-12       0.000000000000e+00 
 1385       1.078746727101e-10       2.772873118583e-12      -9.047937447804e-12       0.000000000000e+00 
 1386       1.081127911746e-10       2.743731213438e-12      -9.020232159467e-12       0.000000000000e+00 
 1387       1.083477901325e-10       2.714656683870e-12      -8.990392589524e-12       0.000000000000e+00 
 1388       1.085795633139e-10       2.685657959406e-12      -8.958443692602e-12       0.000000000000e+00 
 1389       1.088080038997e-10       2.656743515760e-12      -8.924410605778e-12       0.000000000000e+00 
 1390       1.090330045207e-10       2.627921874912e-12      -8.888318648931e-12       0.000000000000e+00 
 1391       1.092544572570e-10       2.599201605192e-12      -8.850193325093e-12       0.000000000000e+00 
 1392       1.094722536362e-10       2.570591321362e-12      -8.810060320802e-12       0.000000000000e+00 
 1393       1.096862846335e-10       2.542099684695e-12      -8.767945506447e-12       0.000000000000e+00 
 1394       1.098964406699e-10       2.513735403059e-12      -8.723874936628e-12       0.000000000000e+00 
 1395       1.101026116119e-10       2.485507230993e-12      -8.677874850498e-12       0.000000000000e+00 
 1396       1.103046867699e-10       2.457423969797e-12      -8.629971672122e-12       0.000000000000e+00 
 1397       1.105025548980e-10       2.429494467604e-12      -8.580192010823e-12       0.000000000000e+00 
 1398       1.106961041922e-10       2.401727619469e-12      -8.528562661535e-12       0.000000000000e+00 
 1399       1.108852222902e-10       2.374132367444e-12      -8.475110605154e-12       0.000000000000e+00 
 1400       1.110697962701e-10       2.346717700666e-12      -8.419863008888e-12       0.000000000000e+00 
 1401       1.112497126495e-10       2.319492655432e-12      -8.362847226611e-12       0.000000000000e+00 
 1402       1.114248573845e-10       2.292466315284e-12      -8.304090799211e-12       0.000000000000e+00 
 1403       1.115951158687e-10       2.265647811089e-12      -8.243621454942e-12       0.000000000000e+00 
 1404       1.117603729326e-10       2.239046321121e-12      -8.181467109776e-12       0.000000000000e+00 
 1405       1.119205128422e-10       2.212671071143e-12      -8.117655867754e-12       0.000000000000e+00 
 1406       1.120754192984e-10       2.186531334486e-12      -8.052216021336e-12       0.000000000000e+00 
 1407       1.122249754358e-10       2.160636432131e-12      -7.985176051752e-12       0.000000000000e+00 
 1408       1.123690638218e-10       2.134995732794e-12      -7.916564629356e-12       0.000000000000e+00 
 1409       1.125075664558e-10       2.109618653002e-12      -7.846410613974e-12       0.000000000000e+00 
 1410       1.126403647682e-10       2.084514657177e-12      -7.774743055254e-12       0.000000000000e+00 
 1411       1.127673396193e-10       2.059693257718e-12      -7.701591193024e-12       0.000000000000e+00 
 1412       1.128883712985e-10       2.035164015081e-12      -7.626984457633e-12       0.000000000000e+00 
 1413       1.130033395233e-10       2.010936537860e-12      -7.550952470312e-12       0.000000000000e+00 
 1414       1.131121234384e-10       1.987020482870e-12      -7.473525043518e-12       0.000000000000e+00 
 1415       1.132146016145e-10       1.963425555226e-12      -7.394732181288e-12       0.000000000000e+00 
 1416       1.133106520480e-10       1.940161508429e-12      -7.314604079591e-12       0.000000000000e+00 
 1417       1.134001521590e-10       1.917238144440e-12      -7.233171126676e-12       0.000000000000e+00 
 1418       1.134829787916e-10       1.894665313767e-12      -7.150463903427e-12       0.000000000000e+00 
 1419       1.135590082118e-10       1.872452915547e-12      -7.066513183711e-12       0.000000000000e+00 
 1420       1.136281161073e-10       1.850610897620e-12      -6.981349934730e-12       0.000000000000e+00 
 1421       1.136901775863e-10       1.829149256621e-12      -6.895005317375e-12       0.000000000000e+00 
 1422       1.137450671765e-10       1.808078038052e-12      -6.807510686570e-12       0.000000000000e+00 
 1423       1.137926588243e-10       1.787407336368e-12      -6.718897591632e-12       0.000000000000e+00 
 1424       1.138328471491e-10       1.767145973652e-12      -6.629198401640e-12       0.000000000000e+00 
 1425       1.138656114480e-10       1.747297520632e-12      -6.538448187885e-12       0.000000000000e+00 
 1426       1.138909523465e-10       1.727864234965e-12      -6.446682861453e-12       0.000000000000e+00 
 1427       1.139088706034e-10       1.708848378929e-12      -6.353938550344e-12       0.000000000000e+00 
 1428       1.139193671106e-10       1.690252219434e-12      -6.260251599860e-12       0.000000000000e+00 
 1429       1.139224428938e-10       1.672078028024e-12      -6.165658572990e-12       0.000000000000e+00 
 1430       1.139180991127e-10       1.654328080876e-12      -6.070196250802e-12       0.000000000000e+00 
 1431       1.139063370612e-10       1.637004658808e-12      -5.973901632829e-12       0.000000000000e+00 
 1432       1.138871581677e-10       1.620110047279e-12      -5.876811937457e-12       0.000000000000e+00 
 1433       1.138605639958e-10       1.603646536394e-12      -5.778964602314e-12       0.000000000000e+00 
 1434       1.138265562441e-10       1.587616420907e-12      -5.680397284657e-12       0.000000000000e+00 
 1435       1.137851367467e-10       1.572022000222e-12      -5.581147861762e-12       0.000000000000e+00 
 1436       1.137363074735e-10       1.556865578400e-12      -5.481254431310e-12       0.000000000000e+00 
 1437       1.136800705306e-10       1.542149464159e-12      -5.380755311774e-12       0.000000000000e+00 
 1438       1.136164281606e-10       1.527875970878e-12      -5.279689042813e-12       0.000000000000e+00 
 1439       1.135453827427e-10       1.514047416601e-12      -5.178094385653e-12       0.000000000000e+00 
 1440       1.134669367933e-10       1.500666124040e-12      -5.076010323478e-12       0.000000000000e+00 
 1441       1.133810929659e-10       1.487734420578e-12      -4.973476061820e-12       0.000000000000e+00 
 1442       1.132878540520e-10       1.475254638271e-12      -4.870531028943e-12       0.000000000000e+00 
 1443       1.131872229808e-10       1.463229113852e-12      -4.767214876235e-12       0.000000000000e+00 
 1444       1.130792028199e-10       1.451660188738e-12      -4.663567478594e-12       0.000000000000e+00 
 1445       1.129637967756e-10       1.440550209024e-12      -4.559628934817e-12       0.000000000000e+00 
 1446       1.128410081928e-10       1.429901525497e-12      -4.455439567985e-12       0.000000000000e+00 
 1447       1.127108405559e-10       1.419716493631e-12      -4.351039925857e-12       0.000000000000e+00 
 1448       1.125732974886e-10       1.409997473593e-12      -4.246470781253e-12       0.000000000000e+00 
 1449       1.124283827545e-10       1.400746830249e-12      -4.141773132444e-12       0.000000000000e+00 
 1450       1.122761002574e-10       1.391966933162e-12      -4.036988203539e-12       0.000000000000e+00 
 1451       1.121164540415e-10       1.383660156600e-12      -3.932157444875e-12       0.000000000000e+00 
 1452       1.119494482915e-10       1.375828879534e-12      -3.827322533405e-12       0.000000000000e+00 
 1453       1.117750873336e-10       1.368475485647e-12      -3.722525373082e-12       0.000000000000e+00 
 1454       1.115933756350e-10       1.361602363332e-12      -3.617808095252e-12       0.000000000000e+00 
 1455       1.114043178047e-10       1.355211905701e-12      -3.513213059041e-12       0.000000000000e+00 
 1456       1.112079185935e-10       1.349306510580e-12      -3.408782851742e-12       0.000000000000e+00 
 1457       1.110041828948e-10       1.343888580521e-12      -3.304560289201e-12       0.000000000000e+00 
 1458       1.107931157444e-10       1.338960522799e-12      -3.200588416212e-12       0.000000000000e+00 
 1459       1.105747223210e-10       1.334524749417e-12      -3.096910506895e-12       0.000000000000e+00 
 1460       1.103490079464e-10       1.330583677112e-12      -2.993570065094e-12       0.000000000000e+00 
 1461       1.101159780861e-10       1.327139727352e-12      -2.890610824759e-12       0.000000000000e+00 
 1462       1.098756383493e-10       1.324195326346e-12      -2.788076750336e-12       0.000000000000e+00 
 1463       1.096280086809e-10       1.321751762888e-12      -2.686008937311e-12       0.000000000000e+00 
 1464       1.093731660915e-10       1.319805749417e-12      -2.584436279169e-12       0.000000000000e+00 
 1465       1.091112023551e-10       1.318352826581e-12      -2.483384707901e-12       0.000000000000e+00 
 1466       1.088422098575e-10       1.317388502221e-12      -2.382880285605e-12       0.000000000000e+00 
 1467       1.085662815974e-10       1.316908251303e-12      -2.282949204689e-12       0.000000000000e+00 
 1468       1.082835111875e-10       1.316907515857e-12      -2.183617788095e-12       0.000000000000e+00 
 1469       1.079939928554e-10       1.317381704923e-12      -2.084912489508e-12       0.000000000000e+00 
 1470       1.076978214451e-10       1.318326194481e-12      -1.986859893572e-12       0.000000000000e+00 
 1471       1.073950924178e-10       1.319736327398e-12      -1.889486716104e-12       0.000000000000e+00 
 1472       1.070859018531e-10       1.321607413363e-12      -1.792819804309e-12       0.000000000000e+00 
 1473       1.067703464501e-10       1.323934728826e-12      -1.696886136995e-12       0.000000000000e+00 
 1474       1.064485235284e-10       1.326713516939e-12      -1.601712824784e-12       0.000000000000e+00 
 1475       1.061205310296e-10       1.329938987497e-12      -1.507327110330e-12       0.000000000000e+00 
 1476       1.057864675176e-10       1.333606316870e-12      -1.413756368535e-12       0.000000000000e+00 
 1477       1.054464321807e-10       1.337710647952e-12      -1.321028106756e-12       0.000000000000e+00 
 1478       1.051005248320e-10       1.342247090091e-12      -1.229169965027e-12       0.000000000000e+00 
 1479       1.047488459106e-10       1.347210719035e-12      -1.138209716271e-12       0.000000000000e+00 
 1480       1.043914964829e-10       1.352596576868e-12      -1.048175266512e-12       0.000000000000e+00 
 1481       1.040285782438e-10       1.358399671948e-12      -9.590946550915e-13       0.000000000000e+00 
 1482       1.036601935173e-10       1.364614978852e-12      -8.709960548840e-13       0.000000000000e+00 
 1483       1.032864452581e-10       1.371237438306e-12      -7.839077725093e-13       0.000000000000e+00 
 1484       1.029074370525e-10       1.378261957133e-12      -6.978582485477e-13       0.000000000000e+00 
 1485       1.025232731196e-10       1.385683408187e-12      -6.128760577545e-13       0.000000000000e+00 
 1486       1.021340583121e-10       1.393496630295e-12      -5.289899092744e-13       0.000000000000e+00 
 1487       1.017398981179e-10       1.401696428194e-12      -4.462286468555e-13       0.000000000000e+00 
 1488       1.013408986607e-10       1.410277572470e-12      -3.646212490643e-13       0.000000000000e+00 
 1489       1.009371667016e-10       1.419234799502e-12      -2.841968294999e-13       0.000000000000e+00 
 1490       1.005288096396e-10       1.428562811393e-12      -2.049846370079e-13       0.000000000000e+00 
 1491       1.001159355134e-10       1.438256275918e-12      -1.270140558957e-13       0.000000000000e+00 
 1492       9.969865300189e-11       1.448309826455e-12      -5.031460614603e-14       0.000000000000e+00 
 1493       9.927707142559e-11       1.458718061930e-12       2.508405636798e-14       0.000000000000e+00 
 1494       9.885130074768e-11       1.469475546756e-12       9.915213966880e-14       0.000000000000e+00 
 1495       9.842145157507e-11       1.480576810768e-12       1.718597154599e-13       0.000000000000e+00 
 1496       9.798763515954e-11       1.492016349165e-12       2.431767189116e-13       0.000000000000e+00 
 1497       9.754996339884e-11       1.503788622450e-12       3.130729484462e-13       0.000000000000e+00 
 1498       9.710854883774e-11       1.515888056367e-12       3.815180655240e-13       0.000000000000e+00 
 1499       9.666350466921e-11       1.528309041844e-12       4.484815944288e-13       0.000000000000e+00 
 1500       9.621494473547e-11       1.541045934925e-12       5.139329220535e-13       0.000000000000e+00 
 1501       9.576298352911e-11       1.554093056718e-12       5.778412976854e-13       0.000000000000e+00 
 1502       9.530773694301e-11       1.567444335379e-12       6.401804505216e-13       0.000000000000e+00 
 1503       9.484932452580e-11       1.581092228401e-12       7.009424918325e-13       0.000000000000e+00 
 1504       9.438786725059e-11       1.595028789709e-12       7.601241477528e-13       0.000000000000e+00 
 1505       9.392348676921e-11       1.609246026581e-12       8.177221538684e-13       0.000000000000e+00 
 1506       9.345630541343e-11       1.623735899565e-12       8.737332552475e-13       0.000000000000e+00 
 1507       9.298644619606e-11       1.638490322400e-12       9.281542064717e-13       0.000000000000e+00 
 1508       9.251403281209e-11       1.653501161938e-12       9.809817716671e-13       0.000000000000e+00 
 1509       9.203918963987e-11       1.668760238061e-12       1.032212724535e-12       0.000000000000e+00 
 1510       9.156204174220e-11       1.684259323602e-12       1.081843848384e-12       0.000000000000e+00 
 1511       9.108271486753e-11       1.699990144267e-12       1.129871936159e-12       0.000000000000e+00 
 1512       9.060133545103e-11       1.715944378554e-12       1.176293790476e-12       0.000000000000e+00 
 1513       9.011803061583e-11       1.732113657672e-12       1.221106223647e-12       0.000000000000e+00 
 1514       8.963292817406e-11       1.748489565465e-12       1.264306057718e-12       0.000000000000e+00 
 1515       8.914615662805e-11       1.765063638326e-12       1.305890124495e-12       0.000000000000e+00 
 1516       8.865784517149e-11       1.781827365123e-12       1.345855265579e-12       0.000000000000e+00 
 1517       8.816812369051e-11       1.798772187116e-12       1.384198332392e-12       0.000000000000e+00 
 1518       8.767712276488e-11       1.815889497879e-12       1.420916186214e-12       0.000000000000e+00 
 1519       8.718497366912e-11       1.833170643218e-12       1.456005698208e-12       0.000000000000e+00 
 1520       8.669180837366e-11       1.850606921093e-12       1.489463749457e-12       0.000000000000e+00 
 1521       8.619775954595e-11       1.868189581537e-12       1.521287230991e-12       0.000000000000e+00 
 1522       8.570296055166e-11       1.885909826577e-12       1.551473043818e-12       0.000000000000e+00 
 1523       8.520754545578e-11       1.903758810154e-12       1.580018098959e-12       0.000000000000e+00 
 1524       8.471164902376e-11       1.921727638043e-12       1.606919317473e-12       0.000000000000e+00 
 1525       8.421540672267e-11       1.939807367774e-12       1.632173630495e-12       0.000000000000e+00 
 1526       8.371895472235e-11       1.957989008550e-12       1.655777979261e-12       0.000000000000e+00 
 1527       8.322242989652e-11       1.976263521169e-12       1.677729315142e-12       0.000000000000e+00 
 1528       8.272596982396e-11       1.994621817944e-12       1.698024599675e-12       0.000000000000e+00 
 1529       8.222971278963e-11       2.013054762623e-12       1.716660804593e-12       0.000000000000e+00 
 1530       8.173379778581e-11       2.031553170309e-12       1.733634911858e-12       0.000000000000e+00 
 1531       8.123836451325e-11       2.050107807380e-12       1.748943913689e-12       0.000000000000e+00 
 1532       8.074355338232e-11       2.068709391409e-12       1.762584812597e-12       0.000000000000e+00 
 1533       8.024950551414e-11       2.087348591086e-12       1.774554621412e-12       0.000000000000e+00 
 1534       7.975636274173e-11       2.106016026136e-12       1.784850363316e-12       0.000000000000e+00 
 1535       7.926426761115e-11       2.124702267238e-12       1.793469071874e-12       0.000000000000e+00 
 1536       7.877336338264e-11       2.143397835951e-12       1.800407791068e-12       0.000000000000e+00 
 1537       7.828379403176e-11       2.162093204628e-12       1.805663575320e-12       0.000000000000e+00 
 1538       7.779570425054e-11       2.180778796338e-12       1.809233489532e-12       0.000000000000e+00 
 1539       7.730923944863e-11       2.199444984787e-12       1.811114609112e-12       0.000000000000e+00 
 1540       7.682454575443e-11       2.218082094239e-12       1.811304020006e-12       0.000000000000e+00 
 1541       7.634175889583e-11       2.236680930372e-12       1.809802283964e-12       0.000000000000e+00 
 1542       7.586097072484e-11       2.255234378529e-12       1.806623870251e-12       0.000000000000e+00 
 1543       7.538226237744e-11       2.273735820482e-12       1.801786823018e-12       0.000000000000e+00 
 1544       7.490571536583e-11       2.292178604815e-12       1.795309305261e-12       0.000000000000e+00 
 1545       7.443141157888e-11       2.310556046872e-12       1.787209599028e-12       0.000000000000e+00 
 1546       7.395943328281e-11       2.328861428704e-12       1.777506105622e-12       0.000000000000e+00 
 1547       7.348986312172e-11       2.347087999015e-12       1.766217345811e-12       0.000000000000e+00 
 1548       7.302278411820e-11       2.365228973113e-12       1.753361960029e-12       0.000000000000e+00 
 1549       7.255827967389e-11       2.383277532851e-12       1.738958708587e-12       0.000000000000e+00 
 1550       7.209643357005e-11       2.401226826578e-12       1.723026471877e-12       0.000000000000e+00 
 1551       7.163732996817e-11       2.419069969085e-12       1.705584250577e-12       0.000000000000e+00 
 1552       7.118105341056e-11       2.436800041551e-12       1.686651165860e-12       0.000000000000e+00 
 1553       7.072768882088e-11       2.454410091491e-12       1.666246459596e-12       0.000000000000e+00 
 1554       7.027732150476e-11       2.471893132705e-12       1.644389494560e-12       0.000000000000e+00 
 1555       6.983003715038e-11       2.489242145220e-12       1.621099754642e-12       0.000000000000e+00 
 1556       6.938592182904e-11       2.506450075241e-12       1.596396845045e-12       0.000000000000e+00 
 1557       6.894506199573e-11       2.523509835097e-12       1.570300492497e-12       0.000000000000e+00 
 1558       6.850754448973e-11       2.540414303188e-12       1.542830545457e-12       0.000000000000e+00 
 1559       6.807345653521e-11       2.557156323931e-12       1.514006974317e-12       0.000000000000e+00 
 1560       6.764288574175e-11       2.573728707708e-12       1.483849871612e-12       0.000000000000e+00 
 1561       6.721592010499e-11       2.590124230812e-12       1.452379452224e-12       0.000000000000e+00 
 1562       6.679264800714e-11       2.606335635397e-12       1.419616053589e-12       0.000000000000e+00 
 1563       6.637315821763e-11       2.622355629421e-12       1.385580135902e-12       0.000000000000e+00 
 1564       6.595753989366e-11       2.638176886593e-12       1.350292282326e-12       0.000000000000e+00 
 1565       6.554588258077e-11       2.653792046326e-12       1.313773199193e-12       0.000000000000e+00 
 1566       6.513827621342e-11       2.669193713676e-12       1.276043716214e-12       0.000000000000e+00 
 1567       6.473481111561e-11       2.684374459293e-12       1.237124786684e-12       0.000000000000e+00 
 1568       6.433557800142e-11       2.699326819371e-12       1.197037487688e-12       0.000000000000e+00 
 1569       6.394066797559e-11       2.714043295586e-12       1.155803020306e-12       0.000000000000e+00 
 1570       6.355017253415e-11       2.728516355054e-12       1.113442709823e-12       0.000000000000e+00 
 1571       6.316418356494e-11       2.742738430270e-12       1.069978005928e-12       0.000000000000e+00 
 1572       6.278279334821e-11       2.756701919056e-12       1.025430482928e-12       0.000000000000e+00 
 1573       6.240609455724e-11       2.770399184513e-12       9.798218399479e-13       0.000000000000e+00 
 1574       6.203418025887e-11       2.783822554962e-12       9.331739011391e-13       0.000000000000e+00 
 1575       6.166714391409e-11       2.796964323895e-12       8.855086158861e-13       0.000000000000e+00 
 1576       6.130507937865e-11       2.809816749919e-12       8.368480590114e-13       0.000000000000e+00 
 1577       6.094808090361e-11       2.822372056706e-12       7.872144309820e-13       0.000000000000e+00 
 1578       6.059624313593e-11       2.834622432937e-12       7.366300581153e-13       0.000000000000e+00 
 1579       6.024966111908e-11       2.846560032251e-12       6.851173927854e-13       0.000000000000e+00 
 1580       5.990841525746e-11       2.858177990828e-12       6.326996047658e-13       0.000000000000e+00 
 1581       5.957252605641e-11       2.869473490539e-12       5.794023608324e-13       0.000000000000e+00 
 1582       5.924199896437e-11       2.880444724052e-12       5.252520620474e-13       0.000000000000e+00 
 1583       5.891683937076e-11       2.891089879764e-12       4.702752543523e-13       0.000000000000e+00 
 1584       5.859705260587e-11       2.901407141797e-12       4.144986288018e-13       0.000000000000e+00 
 1585       5.828264394070e-11       2.911394689992e-12       3.579490217991e-13       0.000000000000e+00 
 1586       5.797361858684e-11       2.921050699911e-12       3.006534153295e-13       0.000000000000e+00 
 1587       5.766998169631e-11       2.930373342824e-12       2.426389371953e-13       0.000000000000e+00 
 1588       5.737173836143e-11       2.939360785714e-12       1.839328612502e-13       0.000000000000e+00 
 1589       5.707889361467e-11       2.948011191266e-12       1.245626076336e-13       0.000000000000e+00 
 1590       5.679145242852e-11       2.956322717865e-12       6.455574300527e-14       0.000000000000e+00 
 1591       5.650941971534e-11       2.964293519595e-12       3.939980779654e-15       0.000000000000e+00 
 1592       5.623280032721e-11       2.971921746229e-12      -5.725681863965e-14       0.000000000000e+00 
 1593       5.596159905582e-11       2.979205543230e-12      -1.190066476254e-13       0.000000000000e+00 
 1594       5.569582063229e-11       2.986143051744e-12      -1.812813510924e-13       0.000000000000e+00 
 1595       5.543546972704e-11       2.992732408597e-12      -2.440526262629e-13       0.000000000000e+00 
 1596       5.518055094968e-11       2.998971746290e-12      -3.072920224320e-13       0.000000000000e+00 
 1597       5.493106884882e-11       3.004859192996e-12      -3.709709407337e-13       0.000000000000e+00 
 1598       5.468702791196e-11       3.010392872556e-12      -4.350606339060e-13       0.000000000000e+00 
 1599       5.444843256534e-11       3.015570904473e-12      -4.995322060564e-13       0.000000000000e+00 
 1600       5.421528717381e-11       3.020391403910e-12      -5.643566124280e-13       0.000000000000e+00 
 1601       5.398759604067e-11       3.024852481685e-12      -6.295046591644e-13       0.000000000000e+00 
 1602       5.376536340751e-11       3.028952244265e-12      -6.949470030757e-13       0.000000000000e+00 
 1603       5.354859345414e-11       3.032688793766e-12      -7.606541514038e-13       0.000000000000e+00 
 1604       5.333729029838e-11       3.036060227945e-12      -8.265964615880e-13       0.000000000000e+00 
 1605       5.313145799594e-11       3.039064640199e-12      -8.927441410308e-13       0.000000000000e+00 
 1606       5.293110054028e-11       3.041700119558e-12      -9.590672468629e-13       0.000000000000e+00 
 1607       5.273622186248e-11       3.043964750682e-12      -1.025535685709e-12       0.000000000000e+00 
 1608       5.254682583109e-11       3.045856613858e-12      -1.092119213455e-12       0.000000000000e+00 
 1609       5.236291625196e-11       3.047373784994e-12      -1.158787435009e-12       0.000000000000e+00 
 1610       5.218449686815e-11       3.048514335617e-12      -1.225509804073e-12       0.000000000000e+00 
 1611       5.201157135977e-11       3.049276332866e-12      -1.292255622902e-12       0.000000000000e+00 
 1612       5.184414334380e-11       3.049657839491e-12      -1.358994042077e-12       0.000000000000e+00 
 1613       5.168221637402e-11       3.049656913846e-12      -1.425694060262e-12       0.000000000000e+00 
 1614       5.152579394079e-11       3.049271609888e-12      -1.492324523977e-12       0.000000000000e+00 
 1615       5.137487947097e-11       3.048499977170e-12      -1.558854127359e-12       0.000000000000e+00 
 1616       5.122947632777e-11       3.047340060837e-12      -1.625251411929e-12       0.000000000000e+00 
 1617       5.108958781056e-11       3.045789901625e-12      -1.691484766359e-12       0.000000000000e+00 
 1618       5.095521715479e-11       3.043847535854e-12      -1.757522426236e-12       0.000000000000e+00 
 1619       5.082635715172e-11       3.041511887556e-12      -1.823334611072e-12       0.000000000000e+00 
 1620       5.070295890540e-11       3.038785453683e-12      -1.888899956943e-12       0.000000000000e+00 
 1621       5.058496279308e-11       3.035671643157e-12      -1.954199141511e-12       0.000000000000e+00 
 1622       5.047230881910e-11       3.032173886974e-12      -2.019212751917e-12       0.000000000000e+00 
 1623       5.036493661426e-11       3.028295638244e-12      -2.083921284644e-12       0.000000000000e+00 
 1624       5.026278543520e-11       3.024040372222e-12      -2.148305145382e-12       0.000000000000e+00 
 1625       5.016579416377e-11       3.019411586352e-12      -2.212344648891e-12       0.000000000000e+00 
 1626       5.007390130645e-11       3.014412800297e-12      -2.276020018862e-12       0.000000000000e+00 
 1627       4.998704499370e-11       3.009047555981e-12      -2.339311387782e-12       0.000000000000e+00 
 1628       4.990516297937e-11       3.003319417621e-12      -2.402198796798e-12       0.000000000000e+00 
 1629       4.982819264006e-11       2.997231971768e-12      -2.464662195578e-12       0.000000000000e+00 
 1630       4.975607097452e-11       2.990788827341e-12      -2.526681442178e-12       0.000000000000e+00 
 1631       4.968873460302e-11       2.983993615664e-12      -2.588236302902e-12       0.000000000000e+00 
 1632       4.962611976675e-11       2.976849990504e-12      -2.649306452167e-12       0.000000000000e+00 
 1633       4.956816232718e-11       2.969361628107e-12      -2.709871472366e-12       0.000000000000e+00 
 1634       4.951479776549e-11       2.961532227232e-12      -2.769910853730e-12       0.000000000000e+00 
 1635       4.946596118190e-11       2.953365509193e-12      -2.829403994194e-12       0.000000000000e+00 
 1636       4.942158729506e-11       2.944865217892e-12      -2.888330199258e-12       0.000000000000e+00 
 1637       4.938161044149e-11       2.936035119855e-12      -2.946668681851e-12       0.000000000000e+00 
 1638       4.934596457489e-11       2.926879004273e-12      -3.004398562197e-12       0.000000000000e+00 
 1639       4.931458326558e-11       2.917400683034e-12      -3.061498867672e-12       0.000000000000e+00 
 1640       4.928739969985e-11       2.907603990761e-12      -3.117948532675e-12       0.000000000000e+00 
 1641       4.926434667935e-11       2.897492784851e-12      -3.173726398485e-12       0.000000000000e+00 
 1642       4.924535662048e-11       2.887070945510e-12      -3.228811213128e-12       0.000000000000e+00 
 1643       4.923036155379e-11       2.876342375788e-12      -3.283181631239e-12       0.000000000000e+00 
 1644       4.921929312333e-11       2.865311001619e-12      -3.336816213925e-12       0.000000000000e+00 
 1645       4.921208258604e-11       2.853980771854e-12      -3.389693428630e-12       0.000000000000e+00 
 1646       4.920866081116e-11       2.842355658302e-12      -3.441791648997e-12       0.000000000000e+00 
 1647       4.920895827959e-11       2.830439655762e-12      -3.493089154731e-12       0.000000000000e+00 
 1648       4.921290508328e-11       2.818236782066e-12      -3.543564131463e-12       0.000000000000e+00 
 1649       4.922043092461e-11       2.805751078107e-12      -3.593194670614e-12       0.000000000000e+00 
 1650       4.923146511580e-11       2.792986607884e-12      -3.641958769257e-12       0.000000000000e+00 
 1651       4.924593657824e-11       2.779947458533e-12      -3.689834329981e-12       0.000000000000e+00 
 1652       4.926377384193e-11       2.766637740368e-12      -3.736799160754e-12       0.000000000000e+00 
 1653       4.928490504481e-11       2.753061586913e-12      -3.782830974787e-12       0.000000000000e+00 
 1654       4.930925793221e-11       2.739223154942e-12      -3.827907390396e-12       0.000000000000e+00 
 1655       4.933675985616e-11       2.725126624517e-12      -3.872005930869e-12       0.000000000000e+00 
 1656       4.936733777484e-11       2.710776199020e-12      -3.915104024323e-12       0.000000000000e+00 
 1657       4.940091825191e-11       2.696176105193e-12      -3.957179003573e-12       0.000000000000e+00 
 1658       4.943742639301e-11       2.681330879394e-12      -3.998211417484e-12       0.000000000000e+00 
 1659       4.947678264617e-11       2.666246229048e-12      -4.038194997267e-12       0.000000000000e+00 
 1660       4.951890597189e-11       2.650928178871e-12      -4.077126777855e-12       0.000000000000e+00 
 1661       4.956371490291e-11       2.635382785389e-12      -4.115003794401e-12       0.000000000000e+00 
 1662       4.961112754348e-11       2.619616136985e-12      -4.151823082288e-12       0.000000000000e+00 
 1663       4.966106156874e-11       2.603634353951e-12      -4.187581677136e-12       0.000000000000e+00 
 1664       4.971343422405e-11       2.587443588538e-12      -4.222276614808e-12       0.000000000000e+00 
 1665       4.976816232430e-11       2.571050025000e-12      -4.255904931421e-12       0.000000000000e+00 
 1666       4.982516225330e-11       2.554459879650e-12      -4.288463663350e-12       0.000000000000e+00 
 1667       4.988434996304e-11       2.537679400902e-12      -4.319949847239e-12       0.000000000000e+00 
 1668       4.994564097312e-11       2.520714869328e-12      -4.350360520008e-12       0.000000000000e+00 
 1669       5.000895037000e-11       2.503572597700e-12      -4.379692718860e-12       0.000000000000e+00 
 1670       5.007419280640e-11       2.486258931044e-12      -4.407943481289e-12       0.000000000000e+00 
 1671       5.014128250061e-11       2.468780246686e-12      -4.435109845088e-12       0.000000000000e+00 
 1672       5.021013323583e-11       2.451142954304e-12      -4.461188848357e-12       0.000000000000e+00 
 1673       5.028065835951e-11       2.433353495974e-12      -4.486177529511e-12       0.000000000000e+00 
 1674       5.035277078269e-11       2.415418346224e-12      -4.510072927287e-12       0.000000000000e+00 
 1675       5.042638297932e-11       2.397344012077e-12      -4.532872080753e-12       0.000000000000e+00 
 1676       5.050140698562e-11       2.379137033104e-12      -4.554572029313e-12       0.000000000000e+00 
 1677       5.057775439942e-11       2.360803981475e-12      -4.575169812720e-12       0.000000000000e+00 
 1678       5.065533637946e-11       2.342351462002e-12      -4.594662471078e-12       0.000000000000e+00 
 1679       5.073406364477e-11       2.323786112193e-12      -4.613047044855e-12       0.000000000000e+00 
 1680       5.081384647399e-11       2.305114602303e-12      -4.630320574884e-12       0.000000000000e+00 
 1681       5.089459470471e-11       2.286343635375e-12      -4.646480102381e-12       0.000000000000e+00 
 1682       5.097621773278e-11       2.267479947299e-12      -4.661522668941e-12       0.000000000000e+00 
 1683       5.105862451171e-11       2.248530306853e-12      -4.675445316556e-12       0.000000000000e+00 
 1684       5.114172355194e-11       2.229501515759e-12      -4.688245087617e-12       0.000000000000e+00 
 1685       5.122542292021e-11       2.210400408725e-12      -4.699919024923e-12       0.000000000000e+00 
 1686       5.130963023892e-11       2.191233853502e-12      -4.710464171689e-12       0.000000000000e+00 
 1687       5.139425268540e-11       2.172008750926e-12      -4.719877571554e-12       0.000000000000e+00 
 1688       5.147919699133e-11       2.152732034973e-12      -4.728156268589e-12       0.000000000000e+00 
 1689       5.156436944200e-11       2.133410672804e-12      -4.735297307306e-12       0.000000000000e+00 
 1690       5.164967587571e-11       2.114051664815e-12      -4.741297732661e-12       0.000000000000e+00 
 1691       5.173502168306e-11       2.094662044689e-12      -4.746154590067e-12       0.000000000000e+00 
 1692       5.182031180632e-11       2.075248879443e-12      -4.749864925401e-12       0.000000000000e+00 
 1693       5.190545073876e-11       2.055819269474e-12      -4.752425785008e-12       0.000000000000e+00 
 1694       5.199034252397e-11       2.036380348616e-12      -4.753834215714e-12       0.000000000000e+00 
 1695       5.207489075521e-11       2.016939284181e-12      -4.754087264831e-12       0.000000000000e+00 
 1696       5.215899857475e-11       1.997503277014e-12      -4.753181980163e-12       0.000000000000e+00 
 1697       5.224257584526e-11       1.978079209069e-12      -4.751117952115e-12       0.000000000000e+00 
 1698       5.232556073289e-11       1.958672582732e-12      -4.747904963958e-12       0.000000000000e+00 
 1699       5.240789830893e-11       1.939288572451e-12      -4.743555407533e-12       0.000000000000e+00 
 1700       5.248953339432e-11       1.919932376412e-12      -4.738081747262e-12       0.000000000000e+00 
 1701       5.257041055929e-11       1.900609216573e-12      -4.731496520256e-12       0.000000000000e+00 
 1702       5.265047412296e-11       1.881324338697e-12      -4.723812336431e-12       0.000000000000e+00 
 1703       5.272966815298e-11       1.862083012389e-12      -4.715041878622e-12       0.000000000000e+00 
 1704       5.280793646522e-11       1.842890531130e-12      -4.705197902696e-12       0.000000000000e+00 
 1705       5.288522262334e-11       1.823752212307e-12      -4.694293237665e-12       0.000000000000e+00 
 1706       5.296146993846e-11       1.804673397257e-12      -4.682340785800e-12       0.000000000000e+00 
 1707       5.303662146878e-11       1.785659451290e-12      -4.669353522745e-12       0.000000000000e+00 
 1708       5.311062001924e-11       1.766715763733e-12      -4.655344497633e-12       0.000000000000e+00 
 1709       5.318340814114e-11       1.747847747960e-12      -4.640326833194e-12       0.000000000000e+00 
 1710       5.325492813176e-11       1.729060841426e-12      -4.624313725874e-12       0.000000000000e+00 
 1711       5.332512203403e-11       1.710360505704e-12      -4.607318445946e-12       0.000000000000e+00 
 1712       5.339393163614e-11       1.691752226517e-12      -4.589354337625e-12       0.000000000000e+00 
 1713       5.346129847119e-11       1.673241513776e-12      -4.570434819180e-12       0.000000000000e+00 
 1714       5.352716381683e-11       1.654833901609e-12      -4.550573383049e-12       0.000000000000e+00 
 1715       5.359146869485e-11       1.636534948401e-12      -4.529783595953e-12       0.000000000000e+00 
 1716       5.365415387091e-11       1.618350236826e-12      -4.508079099008e-12       0.000000000000e+00 
 1717       5.371515985406e-11       1.600285373881e-12      -4.485473607842e-12       0.000000000000e+00 
 1718       5.377442689648e-11       1.582345990922e-12      -4.461980912702e-12       0.000000000000e+00 
 1719       5.383189499304e-11       1.564537743696e-12      -4.437614878576e-12       0.000000000000e+00 
 1720       5.388750388100e-11       1.546866312378e-12      -4.412389445302e-12       0.000000000000e+00 
 1721       5.394119303957e-11       1.529337401607e-12      -4.386318627680e-12       0.000000000000e+00 
 1722       5.399290168962e-11       1.511956740514e-12      -4.359416515592e-12       0.000000000000e+00 
 1723       5.404256879328e-11       1.494730082765e-12      -4.331697274107e-12       0.000000000000e+00 
 1724       5.409013305358e-11       1.477663206587e-12      -4.303175143602e-12       0.000000000000e+00 
 1725       5.413553291407e-11       1.460761914809e-12      -4.273864439875e-12       0.000000000000e+00 
 1726       5.417870655850e-11       1.444032034895e-12      -4.243779554252e-12       0.000000000000e+00 
 1727       5.421959191040e-11       1.427479418976e-12      -4.212934953710e-12       0.000000000000e+00 
 1728       5.425812663278e-11       1.411109943886e-12      -4.181345180982e-12       0.000000000000e+00 
 1729       5.429424812769e-11       1.394929511198e-12      -4.149024854678e-12       0.000000000000e+00 
 1730       5.432789353593e-11       1.378944047256e-12      -4.115988669394e-12       0.000000000000e+00 
 1731       5.435899973664e-11       1.363159503211e-12      -4.082251395826e-12       0.000000000000e+00 
 1732       5.438750334694e-11       1.347581855055e-12      -4.047827880887e-12       0.000000000000e+00 
 1733       5.441334072159e-11       1.332217103656e-12      -4.012733047816e-12       0.000000000000e+00 
 1734       5.443644795259e-11       1.317071274792e-12      -3.976981896297e-12       0.000000000000e+00 
 1735       5.445676086887e-11       1.302150419185e-12      -3.940589502566e-12       0.000000000000e+00 
 1736       5.447422509823e-11       1.287459855351e-12      -3.903571536703e-12       0.000000000000e+00 
 1737       5.448882634694e-11       1.273001891092e-12      -3.865945819020e-12       0.000000000000e+00 
 1738       5.450056037464e-11       1.258778082867e-12      -3.827730777014e-12       0.000000000000e+00 
 1739       5.450942295521e-11       1.244789991242e-12      -3.788944929523e-12       0.000000000000e+00 
 1740       5.451540987679e-11       1.231039180887e-12      -3.749606886856e-12       0.000000000000e+00 
 1741       5.451851694181e-11       1.217527220590e-12      -3.709735350929e-12       0.000000000000e+00 
 1742       5.451873996703e-11       1.204255683253e-12      -3.669349115402e-12       0.000000000000e+00 
 1743       5.451607478359e-11       1.191226145901e-12      -3.628467065808e-12       0.000000000000e+00 
 1744       5.451051723703e-11       1.178440189685e-12      -3.587108179694e-12       0.000000000000e+00 
 1745       5.450206318733e-11       1.165899399887e-12      -3.545291526747e-12       0.000000000000e+00 
 1746       5.449070850896e-11       1.153605365925e-12      -3.503036268936e-12       0.000000000000e+00 
 1747       5.447644909088e-11       1.141559681353e-12      -3.460361660641e-12       0.000000000000e+00 
 1748       5.445928083662e-11       1.129763943871e-12      -3.417287048789e-12       0.000000000000e+00 
 1749       5.443919966431e-11       1.118219755327e-12      -3.373831872991e-12       0.000000000000e+00 
 1750       5.441620150667e-11       1.106928721720e-12      -3.330015665670e-12       0.000000000000e+00 
 1751       5.439028231111e-11       1.095892453209e-12      -3.285858052201e-12       0.000000000000e+00 
 1752       5.436143803972e-11       1.085112564109e-12      -3.241378751043e-12       0.000000000000e+00 
 1753       5.432966466934e-11       1.074590672905e-12      -3.196597573874e-12       0.000000000000e+00 
 1754       5.429495819156e-11       1.064328402249e-12      -3.151534425722e-12       0.000000000000e+00 
 1755       5.425731461279e-11       1.054327378969e-12      -3.106209305104e-12       0.000000000000e+00 
 1756       5.421672995428e-11       1.044589234071e-12      -3.060642304159e-12       0.000000000000e+00 
 1757       5.417320025215e-11       1.035115602742e-12      -3.014853608780e-12       0.000000000000e+00 
 1758       5.412672155745e-11       1.025908124360e-12      -2.968863498749e-12       0.000000000000e+00 
 1759       5.407728993617e-11       1.016968442491e-12      -2.922692347872e-12       0.000000000000e+00 
 1760       5.402490146930e-11       1.008298204900e-12      -2.876360624116e-12       0.000000000000e+00 
 1761       5.396955225285e-11       9.998990635494e-13      -2.829888889736e-12       0.000000000000e+00 
 1762       5.391123839788e-11       9.917726746089e-13      -2.783297801417e-12       0.000000000000e+00 
 1763       5.384995603056e-11       9.839206984559e-13      -2.736608110404e-12       0.000000000000e+00 
 1764       5.378570129220e-11       9.763447996816e-13      -2.689840662637e-12       0.000000000000e+00 
 1765       5.371847033925e-11       9.690466470951e-13      -2.643016398884e-12       0.000000000000e+00 
 1766       5.364825934341e-11       9.620279137275e-13      -2.596156354878e-12       0.000000000000e+00 
 1767       5.357506449159e-11       9.552902768366e-13      -2.549281661451e-12       0.000000000000e+00 
 1768       5.349888198600e-11       9.488354179109e-13      -2.502413544666e-12       0.000000000000e+00 
 1769       5.341970804415e-11       9.426650226743e-13      -2.455573325950e-12       0.000000000000e+00 
 1770       5.333753889891e-11       9.367807810905e-13      -2.408782422236e-12       0.000000000000e+00 
 1771       5.325237079854e-11       9.311843873668e-13      -2.362062346087e-12       0.000000000000e+00 
 1772       5.316420000672e-11       9.258775399591e-13      -2.315434705837e-12       0.000000000000e+00 
 1773       5.307302280260e-11       9.208619415760e-13      -2.268921205724e-12       0.000000000000e+00 
 1774       5.297883548083e-11       9.161392991832e-13      -2.222543646023e-12       0.000000000000e+00 
 1775       5.288164142267e-11       9.117106527040e-13      -2.176322487281e-12       0.000000000000e+00 
 1776       5.278147237302e-11       9.075743550616e-13      -2.130272529815e-12       0.000000000000e+00 
 1777       5.267836733889e-11       9.037280754934e-13      -2.084407198862e-12       0.000000000000e+00 
 1778       5.257236553452e-11       9.001694693219e-13      -2.038739977330e-12       0.000000000000e+00 
 1779       5.246350638171e-11       8.968961779337e-13      -1.993284405872e-12       0.000000000000e+00 
 1780       5.235182951009e-11       8.939058287581e-13      -1.948054082972e-12       0.000000000000e+00 
 1781       5.223737475746e-11       8.911960352462e-13      -1.903062665016e-12       0.000000000000e+00 
 1782       5.212018217007e-11       8.887643968492e-13      -1.858323866381e-12       0.000000000000e+00 
 1783       5.200029200293e-11       8.866084989980e-13      -1.813851459507e-12       0.000000000000e+00 
 1784       5.187774472016e-11       8.847259130811e-13      -1.769659274983e-12       0.000000000000e+00 
 1785       5.175258099521e-11       8.831141964242e-13      -1.725761201620e-12       0.000000000000e+00 
 1786       5.162484171124e-11       8.817708922683e-13      -1.682171186535e-12       0.000000000000e+00 
 1787       5.149456796139e-11       8.806935297493e-13      -1.638903235231e-12       0.000000000000e+00 
 1788       5.136180104911e-11       8.798796238761e-13      -1.595971411673e-12       0.000000000000e+00 
 1789       5.122658248844e-11       8.793266755097e-13      -1.553389838370e-12       0.000000000000e+00 
 1790       5.108895400431e-11       8.790321713420e-13      -1.511172696457e-12       0.000000000000e+00 
 1791       5.094895753289e-11       8.789935838749e-13      -1.469334225767e-12       0.000000000000e+00 
 1792       5.080663522185e-11       8.792083713983e-13      -1.427888724920e-12       0.000000000000e+00 
 1793       5.066202943068e-11       8.796739779699e-13      -1.386850551396e-12       0.000000000000e+00 
 1794       5.051518273100e-11       8.803878333933e-13      -1.346234121615e-12       0.000000000000e+00 
 1795       5.036613790688e-11       8.813473531971e-13      -1.306053911023e-12       0.000000000000e+00 
 1796       5.021493795512e-11       8.825499386136e-13      -1.266324454161e-12       0.000000000000e+00 
 1797       5.006162608554e-11       8.839929765578e-13      -1.227060344755e-12       0.000000000000e+00 
 1798       4.990624572136e-11       8.856738396059e-13      -1.188276235788e-12       0.000000000000e+00 
 1799       4.974884049940e-11       8.875898859743e-13      -1.149986839585e-12       0.000000000000e+00 
 1800       4.958945427049e-11       8.897384594986e-13      -1.112206927889e-12       0.000000000000e+00 
 1801       4.942813109971e-11       8.921168896120e-13      -1.074951331940e-12       0.000000000000e+00 
 1802       4.926491526669e-11       8.947224913243e-13      -1.038234942560e-12       0.000000000000e+00 
 1803       4.909985126598e-11       8.975525652009e-13      -1.002072710226e-12       0.000000000000e+00 
 1804       4.893298380728e-11       9.006043973412e-13      -9.664796451538e-13       0.000000000000e+00 
 1805       4.876435781579e-11       9.038752593577e-13      -9.314708173764e-13       0.000000000000e+00 
 1806       4.859401843252e-11       9.073624083550e-13      -8.970613568231e-13       0.000000000000e+00 
 1807       4.842201101456e-11       9.110630869079e-13      -8.632664533996e-13       0.000000000000e+00 
 1808       4.824838113542e-11       9.149745230410e-13      -8.301013570676e-13       0.000000000000e+00 
 1809       4.807317458531e-11       9.190939302072e-13      -7.975813779243e-13       0.000000000000e+00 
 1810       4.789643737147e-11       9.234185072661e-13      -7.657218862819e-13       0.000000000000e+00 
 1811       4.771821571845e-11       9.279454384637e-13      -7.345383127472e-13       0.000000000000e+00 
 1812       4.753855606844e-11       9.326718934103e-13      -7.040461483015e-13       0.000000000000e+00 
 1813       4.735750508157e-11       9.375950270598e-13      -6.742609443799e-13       0.000000000000e+00 
 1814       4.717511049470e-11       9.427117301397e-13      -6.451960132104e-13       0.000000000000e+00 
 1815       4.699142370484e-11       9.480178782816e-13      -6.168555083890e-13       0.000000000000e+00 
 1816       4.680649720722e-11       9.535090767911e-13      -5.892412886438e-13       0.000000000000e+00 
 1817       4.662038373897e-11       9.591809096164e-13      -5.623552125052e-13       0.000000000000e+00 
 1818       4.643313627948e-11       9.650289393185e-13      -5.361991383007e-13       0.000000000000e+00 
 1819       4.624480805072e-11       9.710487070401e-13      -5.107749241514e-13       0.000000000000e+00 
 1820       4.605545251761e-11       9.772357324761e-13      -4.860844279674e-13       0.000000000000e+00 
 1821       4.586512338831e-11       9.835855138429e-13      -4.621295074435e-13       0.000000000000e+00 
 1822       4.567387461460e-11       9.900935278481e-13      -4.389120200553e-13       0.000000000000e+00 
 1823       4.548176039220e-11       9.967552296604e-13      -4.164338230548e-13       0.000000000000e+00 
 1824       4.528883516108e-11       1.003566052879e-12      -3.946967734660e-13       0.000000000000e+00 
 1825       4.509515360584e-11       1.010521409505e-12      -3.737027280811e-13       0.000000000000e+00 
 1826       4.490077065605e-11       1.017616689906e-12      -3.534535434558e-13       0.000000000000e+00 
 1827       4.470574148653e-11       1.024847262794e-12      -3.339510759052e-13       0.000000000000e+00 
 1828       4.451012151774e-11       1.032208475188e-12      -3.151971815000e-13       0.000000000000e+00 
 1829       4.431396641610e-11       1.039695652386e-12      -2.971937160616e-13       0.000000000000e+00 
 1830       4.411733209433e-11       1.047304097937e-12      -2.799425351584e-13       0.000000000000e+00 
 1831       4.392027471177e-11       1.055029093606e-12      -2.634454941011e-13       0.000000000000e+00 
 1832       4.372285067475e-11       1.062865899349e-12      -2.477044479390e-13       0.000000000000e+00 
 1833       4.352511663688e-11       1.070809753279e-12      -2.327212514555e-13       0.000000000000e+00 
 1834       4.332712949945e-11       1.078855871637e-12      -2.184977591636e-13       0.000000000000e+00 
 1835       4.312894641169e-11       1.086999448761e-12      -2.050358253023e-13       0.000000000000e+00 
 1836       4.293062477119e-11       1.095235657056e-12      -1.923373038318e-13       0.000000000000e+00 
 1837       4.273222222417e-11       1.103559646967e-12      -1.804040484296e-13       0.000000000000e+00 
 1838       4.253379666584e-11       1.111966546942e-12      -1.692379124861e-13       0.000000000000e+00 
 1839       4.233540624076e-11       1.120451463408e-12      -1.588407491003e-13       0.000000000000e+00 
 1840       4.213710934312e-11       1.129009480735e-12      -1.492144110761e-13       0.000000000000e+00 
 1841       4.193896461715e-11       1.137635661214e-12      -1.403607509173e-13       0.000000000000e+00 
 1842       4.174103095739e-11       1.146325045016e-12      -1.322816208240e-13       0.000000000000e+00 
 1843       4.154336750909e-11       1.155072650171e-12      -1.249788726878e-13       0.000000000000e+00 
 1844       4.134603366847e-11       1.163873472532e-12      -1.184543580882e-13       0.000000000000e+00 
 1845       4.114908908313e-11       1.172722485749e-12      -1.127099282880e-13       0.000000000000e+00 
 1846       4.095259365234e-11       1.181614641233e-12      -1.077474342290e-13       0.000000000000e+00 
 1847       4.075660752742e-11       1.190544868133e-12      -1.035687265281e-13       0.000000000000e+00 
 1848       4.056119111203e-11       1.199508073299e-12      -1.001756554726e-13       0.000000000000e+00 
 1849       4.036640506252e-11       1.208499141255e-12      -9.757007101658e-14       0.000000000000e+00 
 1850       4.017231028829e-11       1.217512934170e-12      -9.575382277608e-14       0.000000000000e+00 
 1851       3.997896795210e-11       1.226544291824e-12      -9.472876002523e-14       0.000000000000e+00 
 1852       3.978643947043e-11       1.235588031581e-12      -9.449673169192e-14       0.000000000000e+00 
 1853       3.959478186178e-11       1.244639192194e-12      -9.505780902484e-14       0.000000000000e+00 
 1854       3.940403375074e-11       1.253693767394e-12      -9.640493825650e-14       0.000000000000e+00 
 1855       3.921422925407e-11       1.262747978033e-12      -9.852924570067e-14       0.000000000000e+00 
 1856       3.902540262284e-11       1.271798028757e-12      -1.014218111812e-13       0.000000000000e+00 
 1857       3.883758824265e-11       1.280840107976e-12      -1.050736679659e-13       0.000000000000e+00 
 1858       3.865082063373e-11       1.289870387848e-12      -1.094758026998e-13       0.000000000000e+00 
 1859       3.846513445117e-11       1.298885024255e-12      -1.146191553393e-13       0.000000000000e+00 
 1860       3.828056448510e-11       1.307880156783e-12      -1.204946190857e-13       0.000000000000e+00 
 1861       3.809714566081e-11       1.316851908698e-12      -1.270930403188e-13       0.000000000000e+00 
 1862       3.791491303898e-11       1.325796386924e-12      -1.344052185306e-13       0.000000000000e+00 
 1863       3.773390181582e-11       1.334709682026e-12      -1.424219062591e-13       0.000000000000e+00 
 1864       3.755414732329e-11       1.343587868180e-12      -1.511338090219e-13       0.000000000000e+00 
 1865       3.737568502919e-11       1.352427003161e-12      -1.605315852500e-13       0.000000000000e+00 
 1866       3.719855053743e-11       1.361223128311e-12      -1.706058462213e-13       0.000000000000e+00 
 1867       3.702277958814e-11       1.369972268527e-12      -1.813471559945e-13       0.000000000000e+00 
 1868       3.684840805787e-11       1.378670432231e-12      -1.927460313426e-13       0.000000000000e+00 
 1869       3.667547195975e-11       1.387313611355e-12      -2.047929416867e-13       0.000000000000e+00 
 1870       3.650400744369e-11       1.395897781312e-12      -2.174783090298e-13       0.000000000000e+00 
 1871       3.633405079654e-11       1.404418900983e-12      -2.307925078901e-13       0.000000000000e+00 
 1872       3.616563844223e-11       1.412872912687e-12      -2.447258652352e-13       0.000000000000e+00 
 1873       3.599880694201e-11       1.421255742165e-12      -2.592686604153e-13       0.000000000000e+00 
 1874       3.583359299458e-11       1.429563298553e-12      -2.744111250973e-13       0.000000000000e+00 
 1875       3.567003343628e-11       1.437791474368e-12      -2.901434431983e-13       0.000000000000e+00 
 1876       3.550816524125e-11       1.445936145476e-12      -3.064557508193e-13       0.000000000000e+00 
 1877       3.534802552163e-11       1.453993171080e-12      -3.233381361787e-13       0.000000000000e+00 
 1878       3.518965152770e-11       1.461958393692e-12      -3.407806395465e-13       0.000000000000e+00 
 1879       3.503308064808e-11       1.469827639113e-12      -3.587732531775e-13       0.000000000000e+00 
 1880       3.487835040990e-11       1.477596716413e-12      -3.773059212451e-13       0.000000000000e+00 
 1881       3.472549847899e-11       1.485261417904e-12      -3.963685397752e-13       0.000000000000e+00 
 1882       3.457456265999e-11       1.492817519127e-12      -4.159509565796e-13       0.000000000000e+00 
 1883       3.442558089662e-11       1.500260778820e-12      -4.360429711900e-13       0.000000000000e+00 
 1884       3.427859127177e-11       1.507586938905e-12      -4.566343347914e-13       0.000000000000e+00 
 1885       3.413363200774e-11       1.514791724460e-12      -4.777147501558e-13       0.000000000000e+00 
 1886       3.399074146635e-11       1.521870843703e-12      -4.992738715762e-13       0.000000000000e+00 
 1887       3.384995814917e-11       1.528819987962e-12      -5.213013048001e-13       0.000000000000e+00 
 1888       3.371132069766e-11       1.535634831664e-12      -5.437866069631e-13       0.000000000000e+00 
 1889       3.357486789339e-11       1.542311032302e-12      -5.667192865225e-13       0.000000000000e+00 
 1890       3.344063865813e-11       1.548844230423e-12      -5.900888031915e-13       0.000000000000e+00 
 1891       3.330867205411e-11       1.555230049599e-12      -6.138845678722e-13       0.000000000000e+00 
 1892       3.317900066543e-11       1.561464626401e-12      -6.380955559650e-13       0.000000000000e+00 
 1893       3.305163068606e-11       1.567546204826e-12      -6.627091441580e-13       0.000000000000e+00 
 1894       3.292656167818e-11       1.573473554160e-12      -6.877122645073e-13       0.000000000000e+00 
 1895       3.280379317686e-11       1.579245440097e-12      -7.130917901665e-13       0.000000000000e+00 
 1896       3.268332469003e-11       1.584860624742e-12      -7.388345353070e-13       0.000000000000e+00 
 1897       3.256515569840e-11       1.590317866602e-12      -7.649272550391e-13       0.000000000000e+00 
 1898       3.244928565544e-11       1.595615920584e-12      -7.913566453321e-13       0.000000000000e+00 
 1899       3.233571398735e-11       1.600753537989e-12      -8.181093429359e-13       0.000000000000e+00 
 1900       3.222444009296e-11       1.605729466512e-12      -8.451719253009e-13       0.000000000000e+00 
 1901       3.211546334371e-11       1.610542450233e-12      -8.725309104994e-13       0.000000000000e+00 
 1902       3.200878308364e-11       1.615191229617e-12      -9.001727571458e-13       0.000000000000e+00 
 1903       3.190439862927e-11       1.619674541508e-12      -9.280838643179e-13       0.000000000000e+00 
 1904       3.180230926959e-11       1.623991119126e-12      -9.562505714770e-13       0.000000000000e+00 
 1905       3.170251426605e-11       1.628139692062e-12      -9.846591583892e-13       0.000000000000e+00 
 1906       3.160501285243e-11       1.632118986273e-12      -1.013295845046e-12       0.000000000000e+00 
 1907       3.150980423486e-11       1.635927724082e-12      -1.042146791584e-12       0.000000000000e+00 
 1908       3.141688759175e-11       1.639564624170e-12      -1.071198098208e-12       0.000000000000e+00 
 1909       3.132626207373e-11       1.643028401572e-12      -1.100435805110e-12       0.000000000000e+00 
 1910       3.123792680364e-11       1.646317767678e-12      -1.129845892388e-12       0.000000000000e+00 
 1911       3.115188087642e-11       1.649431430222e-12      -1.159414279973e-12       0.000000000000e+00 
 1912       3.106812335914e-11       1.652368093283e-12      -1.189126827543e-12       0.000000000000e+00 
 1913       3.098665329088e-11       1.655126457279e-12      -1.218969334446e-12       0.000000000000e+00 
 1914       3.090746968274e-11       1.657705218963e-12      -1.248927539623e-12       0.000000000000e+00 
 1915       3.083057151776e-11       1.660103071419e-12      -1.278987121525e-12       0.000000000000e+00 
 1916       3.075595775087e-11       1.662318704059e-12      -1.309133698038e-12       0.000000000000e+00 
 1917       3.068362730887e-11       1.664350802619e-12      -1.339352826400e-12       0.000000000000e+00 
 1918       3.061357909036e-11       1.666198049153e-12      -1.369630003123e-12       0.000000000000e+00 
 1919       3.054581196570e-11       1.667859122030e-12      -1.399950663913e-12       0.000000000000e+00 
 1920       3.048032477695e-11       1.669332695932e-12      -1.430300183595e-12       0.000000000000e+00 
 1921       3.041711633785e-11       1.670617441846e-12      -1.460663876026e-12       0.000000000000e+00 
 1922       3.035618543375e-11       1.671712027064e-12      -1.491026994022e-12       0.000000000000e+00 
 1923       3.029753082156e-11       1.672615115176e-12      -1.521374729278e-12       0.000000000000e+00 
 1924       3.024115122974e-11       1.673325366069e-12      -1.551692212287e-12       0.000000000000e+00 
 1925       3.018704535819e-11       1.673841435919e-12      -1.581964512259e-12       0.000000000000e+00 
 1926       3.013521187825e-11       1.674161977190e-12      -1.612176637046e-12       0.000000000000e+00 
 1927       3.008564943266e-11       1.674285638630e-12      -1.642313533062e-12       0.000000000000e+00 
 1928       3.003835663546e-11       1.674211065265e-12      -1.672360085199e-12       0.000000000000e+00 
 1929       2.999333207200e-11       1.673936898397e-12      -1.702301116754e-12       0.000000000000e+00 
 1930       2.995057429884e-11       1.673461775598e-12      -1.732121389346e-12       0.000000000000e+00 
 1931       2.991007724414e-11       1.672784820539e-12      -1.761806589242e-12       0.000000000000e+00 
 1932       2.987181637057e-11       1.671907116535e-12      -1.791346294666e-12       0.000000000000e+00 
 1933       2.983576240741e-11       1.670830244160e-12      -1.820731030822e-12       0.000000000000e+00 
 1934       2.980188594042e-11       1.669555792438e-12      -1.849951285483e-12       0.000000000000e+00 
 1935       2.977015741170e-11       1.668085358862e-12      -1.878997508946e-12       0.000000000000e+00 
 1936       2.974054711945e-11       1.666420549399e-12      -1.907860113981e-12       0.000000000000e+00 
 1937       2.971302521778e-11       1.664562978506e-12      -1.936529475787e-12       0.000000000000e+00 
 1938       2.968756171656e-11       1.662514269138e-12      -1.964995931943e-12       0.000000000000e+00 
 1939       2.966412648114e-11       1.660276052765e-12      -1.993249782358e-12       0.000000000000e+00 
 1940       2.964268923225e-11       1.657849969376e-12      -2.021281289228e-12       0.000000000000e+00 
 1941       2.962321954571e-11       1.655237667501e-12      -2.049080676985e-12       0.000000000000e+00 
 1942       2.960568685233e-11       1.652440804213e-12      -2.076638132251e-12       0.000000000000e+00 
 1943       2.959006043765e-11       1.649461045144e-12      -2.103943803791e-12       0.000000000000e+00 
 1944       2.957630944173e-11       1.646300064500e-12      -2.130987802463e-12       0.000000000000e+00 
 1945       2.956440285905e-11       1.642959545065e-12      -2.157760201173e-12       0.000000000000e+00 
 1946       2.955430953819e-11       1.639441178220e-12      -2.184251034827e-12       0.000000000000e+00 
 1947       2.954599818173e-11       1.635746663951e-12      -2.210450300282e-12       0.000000000000e+00 
 1948       2.953943734602e-11       1.631877710861e-12      -2.236347956298e-12       0.000000000000e+00 
 1949       2.953459544098e-11       1.627836036183e-12      -2.261933923497e-12       0.000000000000e+00 
 1950       2.953144072991e-11       1.623623365790e-12      -2.287198084304e-12       0.000000000000e+00 
 1951       2.952994132928e-11       1.619241434210e-12      -2.312130282911e-12       0.000000000000e+00 
 1952       2.953006520858e-11       1.614691984634e-12      -2.336720325221e-12       0.000000000000e+00 
 1953       2.953178019007e-11       1.609976768928e-12      -2.360957978805e-12       0.000000000000e+00 
 1954       2.953505394862e-11       1.605097547649e-12      -2.384832972854e-12       0.000000000000e+00 
 1955       2.953985401149e-11       1.600056090052e-12      -2.408334998129e-12       0.000000000000e+00 
 1956       2.954614775818e-11       1.594854174102e-12      -2.431453706916e-12       0.000000000000e+00 
 1957       2.955390242016e-11       1.589493586492e-12      -2.454178712979e-12       0.000000000000e+00 
 1958       2.956308508076e-11       1.583976122644e-12      -2.476499591508e-12       0.000000000000e+00 
 1959       2.957366267489e-11       1.578303586732e-12      -2.498405879078e-12       0.000000000000e+00 
 1960       2.958560198893e-11       1.572477791686e-12      -2.519887073594e-12       0.000000000000e+00 
 1961       2.959886966045e-11       1.566500559205e-12      -2.540932634252e-12       0.000000000000e+00 
 1962       2.961343217809e-11       1.560373719772e-12      -2.561531981484e-12       0.000000000000e+00 
 1963       2.962925588131e-11       1.554099112664e-12      -2.581674496914e-12       0.000000000000e+00 
 1964       2.964630696022e-11       1.547678585962e-12      -2.601349523310e-12       0.000000000000e+00 
 1965       2.966455145539e-11       1.541113996565e-12      -2.620546364536e-12       0.000000000000e+00 
 1966       2.968395525764e-11       1.534407210201e-12      -2.639254285506e-12       0.000000000000e+00 
 1967       2.970448410785e-11       1.527560101438e-12      -2.657462512133e-12       0.000000000000e+00 
 1968       2.972610359675e-11       1.520574553697e-12      -2.675160231286e-12       0.000000000000e+00 
 1969       2.974877916475e-11       1.513452459264e-12      -2.692336590739e-12       0.000000000000e+00 
 1970       2.977247568348e-11       1.506195914829e-12      -2.708982305762e-12       0.000000000000e+00 
 1971       2.979715619735e-11       1.498807809677e-12      -2.725094492023e-12       0.000000000000e+00 
 1972       2.982278317225e-11       1.491291241892e-12      -2.740671868501e-12       0.000000000000e+00 
 1973       2.984931891273e-11       1.483649323243e-12      -2.755713154103e-12       0.000000000000e+00 
 1974       2.987672556184e-11       1.475885179198e-12      -2.770217067672e-12       0.000000000000e+00 
 1975       2.990496510087e-11       1.468001948948e-12      -2.784182327987e-12       0.000000000000e+00 
 1976       2.993399934915e-11       1.460002785417e-12      -2.797607653766e-12       0.000000000000e+00 
 1977       2.996378996390e-11       1.451890855286e-12      -2.810491763666e-12       0.000000000000e+00 
 1978       2.999429843994e-11       1.443669339011e-12      -2.822833376288e-12       0.000000000000e+00 
 1979       3.002548610952e-11       1.435341430833e-12      -2.834631210176e-12       0.000000000000e+00 
 1980       3.005731414213e-11       1.426910338808e-12      -2.845883983823e-12       0.000000000000e+00 
 1981       3.008974354426e-11       1.418379284812e-12      -2.856590415669e-12       0.000000000000e+00 
 1982       3.012273515921e-11       1.409751504568e-12      -2.866749224106e-12       0.000000000000e+00 
 1983       3.015624966686e-11       1.401030247660e-12      -2.876359127479e-12       0.000000000000e+00 
 1984       3.019024758349e-11       1.392218777553e-12      -2.885418844089e-12       0.000000000000e+00 
 1985       3.022468926157e-11       1.383320371607e-12      -2.893927092193e-12       0.000000000000e+00 
 1986       3.025953488953e-11       1.374338321097e-12      -2.901882590009e-12       0.000000000000e+00 
 1987       3.029474449155e-11       1.365275931233e-12      -2.909284055715e-12       0.000000000000e+00 
 1988       3.033027792738e-11       1.356136521174e-12      -2.916130207455e-12       0.000000000000e+00 
 1989       3.036609489211e-11       1.346923424047e-12      -2.922419763336e-12       0.000000000000e+00 
 1990       3.040215491598e-11       1.337639986965e-12      -2.928151441436e-12       0.000000000000e+00 
 1991       3.043841736414e-11       1.328289571048e-12      -2.933323959801e-12       0.000000000000e+00 
 1992       3.047484143648e-11       1.318875551435e-12      -2.937936036450e-12       0.000000000000e+00 
 1993       3.051138616738e-11       1.309401317303e-12      -2.941986389377e-12       0.000000000000e+00 
 1994       3.054801042556e-11       1.299870271891e-12      -2.945473736550e-12       0.000000000000e+00 
 1995       3.058467291381e-11       1.290285832508e-12      -2.948396795919e-12       0.000000000000e+00 
 1996       3.062133216881e-11       1.280651430561e-12      -2.950754285413e-12       0.000000000000e+00 
 1997       3.065794656092e-11       1.270970511563e-12      -2.952544922942e-12       0.000000000000e+00 
 1998       3.069447429399e-11       1.261246535157e-12      -2.953767426405e-12       0.000000000000e+00 
 1999       3.073087340511e-11       1.251482975135e-12      -2.954420513684e-12       0.000000000000e+00 
 2000       3.076710176444e-11       1.241683319449e-12      -2.954502902653e-12       0.000000000000e+00 
 2001       3.080311707499e-11       1.231851070236e-12      -2.954013311176e-12       0.000000000000e+00 
 2002       3.083887687239e-11       1.221989743830e-12      -2.952950457110e-12       0.000000000000e+00 
 2003       3.087433852472e-11       1.212102870783e-12      -2.951313058310e-12       0.000000000000e+00 
 2004       3.090945923228e-11       1.202193995885e-12      -2.949099832625e-12       0.000000000000e+00 
 2005       3.094419602737e-11       1.192266678174e-12      -2.946309497906e-12       0.000000000000e+00 
 2006       3.097850577410e-11       1.182324490964e-12      -2.942940772006e-12       0.000000000000e+00 
 2007       3.101234516820e-11       1.172371021854e-12      -2.938992372781e-12       0.000000000000e+00 
 2008       3.104567073676e-11       1.162409872749e-12      -2.934463018093e-12       0.000000000000e+00 
 2009       3.107844213666e-11       1.152444505658e-12      -2.929352684314e-12       0.000000000000e+00 
 2010       3.111063207636e-11       1.142477778802e-12      -2.923666391845e-12       0.000000000000e+00 
 2011       3.114221646600e-11       1.132512407160e-12      -2.917410447182e-12       0.000000000000e+00 
 2012       3.117317112517e-11       1.122551116398e-12      -2.910591186955e-12       0.000000000000e+00 
 2013       3.120347178291e-11       1.112596642880e-12      -2.903214977970e-12       0.000000000000e+00 
 2014       3.123309407751e-11       1.102651733682e-12      -2.895288217248e-12       0.000000000000e+00 
 2015       3.126201355645e-11       1.092719146608e-12      -2.886817332061e-12       0.000000000000e+00 
 2016       3.129020567626e-11       1.082801650200e-12      -2.877808779979e-12       0.000000000000e+00 
 2017       3.131764580244e-11       1.072902023752e-12      -2.868269048903e-12       0.000000000000e+00 
 2018       3.134430920932e-11       1.063023057324e-12      -2.858204657107e-12       0.000000000000e+00 
 2019       3.137017107997e-11       1.053167551755e-12      -2.847622153277e-12       0.000000000000e+00 
 2020       3.139520650609e-11       1.043338318674e-12      -2.836528116550e-12       0.000000000000e+00 
 2021       3.141939048788e-11       1.033538180518e-12      -2.824929156557e-12       0.000000000000e+00 
 2022       3.144269793396e-11       1.023769970540e-12      -2.812831913457e-12       0.000000000000e+00 
 2023       3.146510366121e-11       1.014036532825e-12      -2.800243057981e-12       0.000000000000e+00 
 2024       3.148658239474e-11       1.004340722304e-12      -2.787169291468e-12       0.000000000000e+00 
 2025       3.150710876769e-11       9.946854047637e-13      -2.773617345908e-12       0.000000000000e+00 
 2026       3.152665732117e-11       9.850734568637e-13      -2.759593983979e-12       0.000000000000e+00 
 2027       3.154520250417e-11       9.755077661473e-13      -2.745105999087e-12       0.000000000000e+00 
 2028       3.156271867340e-11       9.659912310552e-13      -2.730160215408e-12       0.000000000000e+00 
 2029       3.157918009318e-11       9.565267609390e-13      -2.714763487922e-12       0.000000000000e+00 
 2030       3.159456093540e-11       9.471172760740e-13      -2.698922702460e-12       0.000000000000e+00 
 2031       3.160883527932e-11       9.377657076730e-13      -2.682644775734e-12       0.000000000000e+00 
 2032       3.162197711151e-11       9.284749978989e-13      -2.665936655388e-12       0.000000000000e+00 
 2033       3.163396032575e-11       9.192480998780e-13      -2.648805320027e-12       0.000000000000e+00 
 2034       3.164475872287e-11       9.100879777136e-13      -2.631257779263e-12       0.000000000000e+00 
 2035       3.165434601069e-11       9.009976064989e-13      -2.613301073751e-12       0.000000000000e+00 
 2036       3.166269580389e-11       8.919799723300e-13      -2.594942275232e-12       0.000000000000e+00 
 2037       3.166978162390e-11       8.830380723197e-13      -2.576188486569e-12       0.000000000000e+00 
 2038       3.167557689876e-11       8.741749146102e-13      -2.557046841789e-12       0.000000000000e+00 
 2039       3.168005496308e-11       8.653935183863e-13      -2.537524506120e-12       0.000000000000e+00 
 2040       3.168318905787e-11       8.566969138890e-13      -2.517628676034e-12       0.000000000000e+00 
 2041       3.168495233044e-11       8.480881424284e-13      -2.497366579283e-12       0.000000000000e+00 
 2042       3.168531783431e-11       8.395702563969e-13      -2.476745474940e-12       0.000000000000e+00 
 2043       3.168425852910e-11       8.311463192825e-13      -2.455772653441e-12       0.000000000000e+00 
 2044       3.168174728037e-11       8.228194056819e-13      -2.434455436620e-12       0.000000000000e+00 
 2045       3.167775685959e-11       8.145926013140e-13      -2.412801177751e-12       0.000000000000e+00 
 2046       3.167225994396e-11       8.064690030327e-13      -2.390817261586e-12       0.000000000000e+00 
 2047       3.166522911633e-11       7.984517188403e-13      -2.368511104399e-12       0.000000000000e+00 
 2048       3.165664148158e-11       7.905435029793e-13      -2.345890462761e-12       0.000000000000e+00 
 2049       3.164649255202e-11       7.827456583304e-13      -2.322964362230e-12       0.000000000000e+00 
 2050       3.163478246097e-11       7.750591261958e-13      -2.299742175377e-12       0.000000000000e+00 
 2051       3.162151135537e-11       7.674848505118e-13      -2.276233313702e-12       0.000000000000e+00 
 2052       3.160667939577e-11       7.600237778510e-13      -2.252447227677e-12       0.000000000000e+00 
 2053       3.159028675632e-11       7.526768574253e-13      -2.228393406796e-12       0.000000000000e+00 
 2054       3.157233362488e-11       7.454450410886e-13      -2.204081379622e-12       0.000000000000e+00 
 2055       3.155282020293e-11       7.383292833398e-13      -2.179520713839e-12       0.000000000000e+00 
 2056       3.153174670569e-11       7.313305413253e-13      -2.154721016298e-12       0.000000000000e+00 
 2057       3.150911336209e-11       7.244497748417e-13      -2.129691933062e-12       0.000000000000e+00 
 2058       3.148492041479e-11       7.176879463389e-13      -2.104443149462e-12       0.000000000000e+00 
 2059       3.145916812022e-11       7.110460209226e-13      -2.078984390138e-12       0.000000000000e+00 
 2060       3.143185674860e-11       7.045249663573e-13      -2.053325419091e-12       0.000000000000e+00 
 2061       3.140298658397e-11       6.981257530688e-13      -2.027476039732e-12       0.000000000000e+00 
 2062       3.137255792416e-11       6.918493541471e-13      -2.001446094928e-12       0.000000000000e+00 
 2063       3.134057108090e-11       6.856967453491e-13      -1.975245467050e-12       0.000000000000e+00 
 2064       3.130702637976e-11       6.796689051016e-13      -1.948884078026e-12       0.000000000000e+00 
 2065       3.127192416022e-11       6.737668145038e-13      -1.922371889383e-12       0.000000000000e+00 
 2066       3.123526477566e-11       6.679914573302e-13      -1.895718902301e-12       0.000000000000e+00 
 2067       3.119704859342e-11       6.623438200334e-13      -1.868935157656e-12       0.000000000000e+00 
 2068       3.115727599478e-11       6.568248917465e-13      -1.842030736074e-12       0.000000000000e+00 
 2069       3.111594737503e-11       6.514356642865e-13      -1.815015757975e-12       0.000000000000e+00 
 2070       3.107306314343e-11       6.461771321567e-13      -1.787900383621e-12       0.000000000000e+00 
 2071       3.102862372328e-11       6.410502925494e-13      -1.760694813171e-12       0.000000000000e+00 
 2072       3.098262955193e-11       6.360561453488e-13      -1.733409286719e-12       0.000000000000e+00 
 2073       3.093508108081e-11       6.311956931338e-13      -1.706054084351e-12       0.000000000000e+00 
 2074       3.088597877542e-11       6.264699411806e-13      -1.678639526191e-12       0.000000000000e+00 
 2075       3.083532311537e-11       6.218798974658e-13      -1.651175972445e-12       0.000000000000e+00 
 2076       3.078311459444e-11       6.174265726687e-13      -1.623673823457e-12       0.000000000000e+00 
 2077       3.072935372052e-11       6.131109801744e-13      -1.596143519749e-12       0.000000000000e+00 
 2078       3.067404101570e-11       6.089341360767e-13      -1.568595542078e-12       0.000000000000e+00 
 2079       3.061717701629e-11       6.048970591802e-13      -1.541040411476e-12       0.000000000000e+00 
 2080       3.055876227278e-11       6.010007710040e-13      -1.513488689305e-12       0.000000000000e+00 
 2081       3.049879734994e-11       5.972462957838e-13      -1.485950977301e-12       0.000000000000e+00 
 2082       3.043728282678e-11       5.936346604746e-13      -1.458437917625e-12       0.000000000000e+00 
 2083       3.037421929661e-11       5.901668947542e-13      -1.430960192909e-12       0.000000000000e+00 
 2084       3.030960736704e-11       5.868440310253e-13      -1.403528526307e-12       0.000000000000e+00 
 2085       3.024344766003e-11       5.836671044182e-13      -1.376153681541e-12       0.000000000000e+00 
 2086       3.017574081186e-11       5.806371527942e-13      -1.348846462950e-12       0.000000000000e+00 
 2087       3.010649074024e-11       5.777548687720e-13      -1.321617055924e-12       0.000000000000e+00 
 2088       3.003571447039e-11       5.750195531351e-13      -1.294473043039e-12       0.000000000000e+00 
 2089       2.996343237787e-11       5.724301540894e-13      -1.267421374104e-12       0.000000000000e+00 
 2090       2.988966492799e-11       5.699856145660e-13      -1.240469024541e-12       0.000000000000e+00 
 2091       2.981443267584e-11       5.676848722139e-13      -1.213622995416e-12       0.000000000000e+00 
 2092       2.973775626645e-11       5.655268593938e-13      -1.186890313471e-12       0.000000000000e+00 
 2093       2.965965643489e-11       5.635105031706e-13      -1.160278031153e-12       0.000000000000e+00 
 2094       2.958015400639e-11       5.616347253073e-13      -1.133793226643e-12       0.000000000000e+00 
 2095       2.949926989643e-11       5.598984422577e-13      -1.107443003889e-12       0.000000000000e+00 
 2096       2.941702511088e-11       5.583005651597e-13      -1.081234492632e-12       0.000000000000e+00 
 2097       2.933344074609e-11       5.568399998285e-13      -1.055174848442e-12       0.000000000000e+00 
 2098       2.924853798901e-11       5.555156467498e-13      -1.029271252741e-12       0.000000000000e+00 
 2099       2.916233811730e-11       5.543264010731e-13      -1.003530912840e-12       0.000000000000e+00 
 2100       2.907486249944e-11       5.532711526047e-13      -9.779610619657e-13       0.000000000000e+00 
 2101       2.898613259486e-11       5.523487858008e-13      -9.525689592896e-13       0.000000000000e+00 
 2102       2.889616995401e-11       5.515581797611e-13      -9.273618899612e-13       0.000000000000e+00 
 2103       2.880499621853e-11       5.508982082215e-13      -9.023471651364e-13       0.000000000000e+00 
 2104       2.871263312130e-11       5.503677395478e-13      -8.775321220079e-13       0.000000000000e+00 
 2105       2.861910248661e-11       5.499656367282e-13      -8.529241238356e-13       0.000000000000e+00 
 2106       2.852442623021e-11       5.496907573671e-13      -8.285305599768e-13       0.000000000000e+00 
 2107       2.842862635949e-11       5.495419536782e-13      -8.043588459159e-13       0.000000000000e+00 
 2108       2.833172497353e-11       5.495180724774e-13      -7.804164232953e-13       0.000000000000e+00 
 2109       2.823374426325e-11       5.496179551760e-13      -7.567107599450e-13       0.000000000000e+00 
 2110       2.813470651152e-11       5.498404377743e-13      -7.332493499132e-13       0.000000000000e+00 
 2111       2.803463409323e-11       5.501843508544e-13      -7.100397134961e-13       0.000000000000e+00 
 2112       2.793354947547e-11       5.506485195735e-13      -6.870893972684e-13       0.000000000000e+00 
 2113       2.783147521760e-11       5.512317636569e-13      -6.644059741133e-13       0.000000000000e+00 
 2114       2.772843397134e-11       5.519328973917e-13      -6.419970432526e-13       0.000000000000e+00 
 2115       2.762444848093e-11       5.527507296195e-13      -6.198702302773e-13       0.000000000000e+00 
 2116       2.751954158323e-11       5.536840637297e-13      -5.980331871771e-13       0.000000000000e+00 
 2117       2.741373620780e-11       5.547316976527e-13      -5.764935923712e-13       0.000000000000e+00 
 2118       2.730705537705e-11       5.558924238533e-13      -5.552591507384e-13       0.000000000000e+00 
 2119       2.719952220633e-11       5.571650293234e-13      -5.343375936468e-13       0.000000000000e+00 
 2120       2.709115990405e-11       5.585482955758e-13      -5.137366789844e-13       0.000000000000e+00 
 2121       2.698199177179e-11       5.600409986368e-13      -4.934641911894e-13       0.000000000000e+00 
 2122       2.687204120442e-11       5.616419090399e-13      -4.735279412799e-13       0.000000000000e+00 
 2123       2.676133169017e-11       5.633497918186e-13      -4.539357668844e-13       0.000000000000e+00 
 2124       2.664988681081e-11       5.651634064996e-13      -4.346955322722e-13       0.000000000000e+00 
 2125       2.653773024173e-11       5.670815070963e-13      -4.158151283828e-13       0.000000000000e+00 
 2126       2.642488616778e-11       5.691026922676e-13      -3.973013704296e-13       0.000000000000e+00 
 2127       2.631138053390e-11       5.712249546802e-13      -3.791566823504e-13       0.000000000000e+00 
 2128       2.619723980334e-11       5.734461285299e-13      -3.613823895874e-13       0.000000000000e+00 
 2129       2.608249054282e-11       5.757640390834e-13      -3.439798194433e-13       0.000000000000e+00 
 2130       2.596715942266e-11       5.781765026672e-13      -3.269503010820e-13       0.000000000000e+00 
 2131       2.585127321687e-11       5.806813266572e-13      -3.102951655295e-13       0.000000000000e+00 
 2132       2.573485880332e-11       5.832763094676e-13      -2.940157456749e-13       0.000000000000e+00 
 2133       2.561794316382e-11       5.859592405401e-13      -2.781133762713e-13       0.000000000000e+00 
 2134       2.550055338427e-11       5.887279003336e-13      -2.625893939367e-13       0.000000000000e+00 
 2135       2.538271665475e-11       5.915800603127e-13      -2.474451371550e-13       0.000000000000e+00 
 2136       2.526446026971e-11       5.945134829375e-13      -2.326819462768e-13       0.000000000000e+00 
 2137       2.514581162801e-11       5.975259216523e-13      -2.183011635205e-13       0.000000000000e+00 
 2138       2.502679823309e-11       6.006151208754e-13      -2.043041329729e-13       0.000000000000e+00 
 2139       2.490744769309e-11       6.037788159876e-13      -1.906922005906e-13       0.000000000000e+00 
 2140       2.478778772096e-11       6.070147333222e-13      -1.774667142005e-13       0.000000000000e+00 
 2141       2.466784613460e-11       6.103205901535e-13      -1.646290235012e-13       0.000000000000e+00 
 2142       2.454765085697e-11       6.136940946864e-13      -1.521804800631e-13       0.000000000000e+00 
 2143       2.442722991621e-11       6.171329460456e-13      -1.401224373304e-13       0.000000000000e+00 
 2144       2.430661144576e-11       6.206348342647e-13      -1.284562506211e-13       0.000000000000e+00 
 2145       2.418582368451e-11       6.241974402753e-13      -1.171832771284e-13       0.000000000000e+00 
 2146       2.406489497689e-11       6.278184358966e-13      -1.063048759217e-13       0.000000000000e+00 
 2147       2.394385377301e-11       6.314954838241e-13      -9.582240794704e-14       0.000000000000e+00 
 2148       2.382272862878e-11       6.352262376193e-13      -8.573723602860e-14       0.000000000000e+00 
 2149       2.370154820604e-11       6.390083416985e-13      -7.605072486924e-14       0.000000000000e+00 
 2150       2.358034127265e-11       6.428394313223e-13      -6.676424105157e-14       0.000000000000e+00 
 2151       2.345913670267e-11       6.467171325846e-13      -5.787915303886e-14       0.000000000000e+00 
 2152       2.333796347642e-11       6.506390624021e-13      -4.939683117595e-14       0.000000000000e+00 
 2153       2.321685068065e-11       6.546028285031e-13      -4.131864769019e-14       0.000000000000e+00 
 2154       2.309582750864e-11       6.586060294170e-13      -3.364597669234e-14       0.000000000000e+00 
 2155       2.297492326034e-11       6.626462544636e-13      -2.638019417754e-14       0.000000000000e+00 
 2156       2.285416734248e-11       6.667210837418e-13      -1.952267802619e-14       0.000000000000e+00 
 2157       2.273358926866e-11       6.708280881195e-13      -1.307480800491e-14       0.000000000000e+00 
 2158       2.261321865956e-11       6.749648292222e-13      -7.037965767443e-15       0.000000000000e+00 
 2159       2.249308524296e-11       6.791288594228e-13      -1.413534855580e-15       0.000000000000e+00 
 2160       2.237321885396e-11       6.833177218301e-13       3.797099299898e-15       0.000000000000e+00 
 2161       2.225364943502e-11       6.875289502786e-13       8.592549378308e-15       0.000000000000e+00 
 2162       2.213440703612e-11       6.917600693176e-13       1.297142616813e-14       0.000000000000e+00 
 2163       2.201552181491e-11       6.960085942002e-13       1.693233856610e-14       0.000000000000e+00 
 2164       2.189702403677e-11       7.002720308725e-13       2.047389357626e-14       0.000000000000e+00 
 2165       2.177894194049e-11       7.045479698564e-13       2.359560191197e-14       0.000000000000e+00 
 2166       2.166129531907e-11       7.088343686121e-13       2.630060149642e-14       0.000000000000e+00 
 2167       2.154410189576e-11       7.131292710631e-13       2.859295237555e-14       0.000000000000e+00 
 2168       2.142737945464e-11       7.174307138681e-13       3.047673280939e-14       0.000000000000e+00 
 2169       2.131114584074e-11       7.217367264123e-13       3.195603929432e-14       0.000000000000e+00 
 2170       2.119541896006e-11       7.260453307990e-13       3.303498658530e-14       0.000000000000e+00 
 2171       2.108021677966e-11       7.303545418417e-13       3.371770771815e-14       0.000000000000e+00 
 2172       2.096555732774e-11       7.346623670552e-13       3.400835403175e-14       0.000000000000e+00 
 2173       2.085145869369e-11       7.389668066472e-13       3.391109519034e-14       0.000000000000e+00 
 2174       2.073793902816e-11       7.432658535104e-13       3.343011920573e-14       0.000000000000e+00 
 2175       2.062501654313e-11       7.475574932137e-13       3.256963245957e-14       0.000000000000e+00 
 2176       2.051270951199e-11       7.518397039939e-13       3.133385972560e-14       0.000000000000e+00 
 2177       2.040103626958e-11       7.561104567473e-13       2.972704419188e-14       0.000000000000e+00 
 2178       2.029001521230e-11       7.603677150214e-13       2.775344748306e-14       0.000000000000e+00 
 2179       2.017966479814e-11       7.646094350064e-13       2.541734968261e-14       0.000000000000e+00 
 2180       2.007000354675e-11       7.688335655271e-13       2.272304935509e-14       0.000000000000e+00 
 2181       1.996105003956e-11       7.730380480339e-13       1.967486356838e-14       0.000000000000e+00 
 2182       1.985282291976e-11       7.772208165952e-13       1.627712791593e-14       0.000000000000e+00 
 2183       1.974534089246e-11       7.813797978882e-13       1.253419653903e-14       0.000000000000e+00 
 2184       1.963862272468e-11       7.855129111913e-13       8.450442149029e-15       0.000000000000e+00 
 2185       1.953268724548e-11       7.896180683751e-13       4.030256049604e-15       0.000000000000e+00 
 2186       1.942755334598e-11       7.936931738942e-13      -7.219518409975e-16       0.000000000000e+00 
 2187       1.932323997948e-11       7.977361247792e-13      -5.801752967709e-15       0.000000000000e+00 
 2188       1.921976616146e-11       8.017448106275e-13      -1.120470011639e-14       0.000000000000e+00 
 2189       1.911715096972e-11       8.057171135958e-13      -1.692632739160e-14       0.000000000000e+00 
 2190       1.901541354438e-11       8.096509083910e-13      -2.296215019432e-14       0.000000000000e+00 
 2191       1.891457308802e-11       8.135440622623e-13      -2.930766519970e-14       0.000000000000e+00 
 2192       1.881464886568e-11       8.173944349925e-13      -3.595835033487e-14       0.000000000000e+00 
 2193       1.871566020497e-11       8.211998788898e-13      -4.290966475660e-14       0.000000000000e+00 
 2194       1.861762649614e-11       8.249582387792e-13      -5.015704882913e-14       0.000000000000e+00 
 2195       1.852056719210e-11       8.286673519945e-13      -5.769592410188e-14       0.000000000000e+00 
 2196       1.842450180857e-11       8.323250483695e-13      -6.552169328721e-14       0.000000000000e+00 
 2197       1.832944992405e-11       8.359291502299e-13      -7.362974023819e-14       0.000000000000e+00 
 2198       1.823543117999e-11       8.394774723845e-13      -8.201542992630e-14       0.000000000000e+00 
 2199       1.814246528077e-11       8.429678221175e-13      -9.067410841924e-14       0.000000000000e+00 
 2200       1.805057199382e-11       8.463979991795e-13      -9.960110285866e-14       0.000000000000e+00 
 2201       1.795977114967e-11       8.497657957794e-13      -1.087917214379e-13       0.000000000000e+00 
 2202       1.787008264204e-11       8.530689965758e-13      -1.182412533797e-13       0.000000000000e+00 
 2203       1.778152642786e-11       8.563053786689e-13      -1.279449689141e-13       0.000000000000e+00 
 2204       1.769411941548e-11       8.594729590530e-13      -1.378978625970e-13       0.000000000000e+00 
 2205       1.760786610635e-11       8.625707387878e-13      -1.480938814474e-13       0.000000000000e+00 
 2206       1.752276789130e-11       8.655979637531e-13      -1.585266916392e-13       0.000000000000e+00 
 2207       1.743882615679e-11       8.685538776348e-13      -1.691899346656e-13       0.000000000000e+00 
 2208       1.735604228489e-11       8.714377219222e-13      -1.800772273113e-13       0.000000000000e+00 
 2209       1.727441765332e-11       8.742487359059e-13      -1.911821616231e-13       0.000000000000e+00 
 2210       1.719395363537e-11       8.769861566753e-13      -2.024983048820e-13       0.000000000000e+00 
 2211       1.711465159994e-11       8.796492191167e-13      -2.140191995742e-13       0.000000000000e+00 
 2212       1.703651291153e-11       8.822371559108e-13      -2.257383633626e-13       0.000000000000e+00 
 2213       1.695953893020e-11       8.847491975304e-13      -2.376492890583e-13       0.000000000000e+00 
 2214       1.688373101159e-11       8.871845722382e-13      -2.497454445919e-13       0.000000000000e+00 
 2215       1.680909050692e-11       8.895425060844e-13      -2.620202729850e-13       0.000000000000e+00 
 2216       1.673561876293e-11       8.918222229046e-13      -2.744671923216e-13       0.000000000000e+00 
 2217       1.666331712193e-11       8.940229443175e-13      -2.870795957195e-13       0.000000000000e+00 
 2218       1.659218692177e-11       8.961438897223e-13      -2.998508513016e-13       0.000000000000e+00 
 2219       1.652222949582e-11       8.981842762970e-13      -3.127743021677e-13       0.000000000000e+00 
 2220       1.645344617295e-11       9.001433189957e-13      -3.258432663654e-13       0.000000000000e+00 
 2221       1.638583827757e-11       9.020202305463e-13      -3.390510368617e-13       0.000000000000e+00 
 2222       1.631940712959e-11       9.038142214484e-13      -3.523908815147e-13       0.000000000000e+00 
 2223       1.625415404439e-11       9.055244999711e-13      -3.658560430447e-13       0.000000000000e+00 
 2224       1.619008033287e-11       9.071502721505e-13      -3.794397390056e-13       0.000000000000e+00 
 2225       1.612718730136e-11       9.086907417874e-13      -3.931351617565e-13       0.000000000000e+00 
 2226       1.606547625170e-11       9.101451104455e-13      -4.069354784329e-13       0.000000000000e+00 
 2227       1.600494848116e-11       9.115125774483e-13      -4.208338309185e-13       0.000000000000e+00 
 2228       1.594560528249e-11       9.127923398777e-13      -4.348233358160e-13       0.000000000000e+00 
 2229       1.588744794384e-11       9.139835925710e-13      -4.488970844192e-13       0.000000000000e+00 
 2230       1.583047774884e-11       9.150855281191e-13      -4.630481426839e-13       0.000000000000e+00 
 2231       1.577469597650e-11       9.160973368640e-13      -4.772695511994e-13       0.000000000000e+00 
 2232       1.572010390127e-11       9.170182068965e-13      -4.915543251601e-13       0.000000000000e+00 
 2233       1.566670279301e-11       9.178473240543e-13      -5.058954543370e-13       0.000000000000e+00 
 2234       1.561449391696e-11       9.185838719190e-13      -5.202859030487e-13       0.000000000000e+00 
 2235       1.556347853377e-11       9.192270318146e-13      -5.347186101331e-13       0.000000000000e+00 
 2236       1.551365789945e-11       9.197759828045e-13      -5.491864889187e-13       0.000000000000e+00 
 2237       1.546503326540e-11       9.202299016901e-13      -5.636824271963e-13       0.000000000000e+00 
 2238       1.541760587836e-11       9.205879630075e-13      -5.781992871899e-13       0.000000000000e+00 
 2239       1.537137698045e-11       9.208493390260e-13      -5.927299055287e-13       0.000000000000e+00 
 2240       1.532634780913e-11       9.210131997456e-13      -6.072670932178e-13       0.000000000000e+00 
 2241       1.528251959719e-11       9.210787128945e-13      -6.218036356105e-13       0.000000000000e+00 
 2242       1.523989357274e-11       9.210450439272e-13      -6.363322923789e-13       0.000000000000e+00 
 2243       1.519846867595e-11       9.209116019016e-13      -6.508461958314e-13       0.000000000000e+00 
 2244       1.515823469287e-11       9.206787788706e-13      -6.653400487621e-13       0.000000000000e+00 
 2245       1.511917907676e-11       9.203472153120e-13      -6.798089343624e-13       0.000000000000e+00 
 2246       1.508128922723e-11       9.199175546907e-13      -6.942479185666e-13       0.000000000000e+00 
 2247       1.504455249019e-11       9.193904434620e-13      -7.086520500324e-13       0.000000000000e+00 
 2248       1.500895615778e-11       9.187665310757e-13      -7.230163601218e-13       0.000000000000e+00 
 2249       1.497448746829e-11       9.180464699790e-13      -7.373358628827e-13       0.000000000000e+00 
 2250       1.494113360613e-11       9.172309156207e-13      -7.516055550286e-13       0.000000000000e+00 
 2251       1.490888170174e-11       9.163205264545e-13      -7.658204159209e-13       0.000000000000e+00 
 2252       1.487771883156e-11       9.153159639425e-13      -7.799754075486e-13       0.000000000000e+00 
 2253       1.484763201791e-11       9.142178925590e-13      -7.940654745100e-13       0.000000000000e+00 
 2254       1.481860822897e-11       9.130269797939e-13      -8.080855439933e-13       0.000000000000e+00 
 2255       1.479063437874e-11       9.117438961566e-13      -8.220305257574e-13       0.000000000000e+00 
 2256       1.476369732690e-11       9.103693151789e-13      -8.358953121132e-13       0.000000000000e+00 
 2257       1.473778387881e-11       9.089039134195e-13      -8.496747779040e-13       0.000000000000e+00 
 2258       1.471288078543e-11       9.073483704670e-13      -8.633637804870e-13       0.000000000000e+00 
 2259       1.468897474326e-11       9.057033689434e-13      -8.769571597136e-13       0.000000000000e+00 
 2260       1.466605239426e-11       9.039695945081e-13      -8.904497379107e-13       0.000000000000e+00 
 2261       1.464410032580e-11       9.021477358613e-13      -9.038363198616e-13       0.000000000000e+00 
 2262       1.462310507061e-11       9.002384847473e-13      -9.171116927868e-13       0.000000000000e+00 
 2263       1.460305310669e-11       8.982425359587e-13      -9.302706263248e-13       0.000000000000e+00 
 2264       1.458393085725e-11       8.961605873395e-13      -9.433078725133e-13       0.000000000000e+00 
 2265       1.456572469069e-11       8.939933397886e-13      -9.562181657700e-13       0.000000000000e+00 
 2266       1.454842092047e-11       8.917414972640e-13      -9.689962228732e-13       0.000000000000e+00 
 2267       1.453200580509e-11       8.894057667856e-13      -9.816367429432e-13       0.000000000000e+00 
 2268       1.451646554803e-11       8.869868584394e-13      -9.941344074230e-13       0.000000000000e+00 
 2269       1.450178629766e-11       8.844854853808e-13      -1.006483880059e-12       0.000000000000e+00 
 2270       1.448795414719e-11       8.819023638383e-13      -1.018679806883e-12       0.000000000000e+00 
 2271       1.447495513461e-11       8.792382131170e-13      -1.030716816190e-12       0.000000000000e+00 
 2272       1.446277524263e-11       8.764937556020e-13      -1.042589518524e-12       0.000000000000e+00 
 2273       1.445140039862e-11       8.736697167626e-13      -1.054292506655e-12       0.000000000000e+00 
 2274       1.444081647451e-11       8.707668251551e-13      -1.065820355560e-12       0.000000000000e+00 
 2275       1.443100928678e-11       8.677858124269e-13      -1.077167622408e-12       0.000000000000e+00 
 2276       1.442196459637e-11       8.647274133202e-13      -1.088328846535e-12       0.000000000000e+00 
 2277       1.441366810860e-11       8.615923656748e-13      -1.099298549430e-12       0.000000000000e+00 
 2278       1.440610547315e-11       8.583814104328e-13      -1.110071234713e-12       0.000000000000e+00 
 2279       1.439926228397e-11       8.550952916411e-13      -1.120641388115e-12       0.000000000000e+00 
 2280       1.439312407919e-11       8.517347564559e-13      -1.131003477464e-12       0.000000000000e+00 
 2281       1.438767634113e-11       8.483005551456e-13      -1.141151952660e-12       0.000000000000e+00 
 2282       1.438290407271e-11       8.447935573564e-13      -1.151081978937e-12       0.000000000000e+00 
 2283       1.437879052409e-11       8.412151017154e-13      -1.160791641812e-12       0.000000000000e+00 
 2284       1.437531845777e-11       8.375666484777e-13      -1.170279756245e-12       0.000000000000e+00 
 2285       1.437247057121e-11       8.338496634741e-13      -1.179545134639e-12       0.000000000000e+00 
 2286       1.437022949679e-11       8.300656181180e-13      -1.188586586843e-12       0.000000000000e+00 
 2287       1.436857780169e-11       8.262159894112e-13      -1.197402920146e-12       0.000000000000e+00 
 2288       1.436749798789e-11       8.223022599502e-13      -1.205992939276e-12       0.000000000000e+00 
 2289       1.436697249200e-11       8.183259179327e-13      -1.214355446398e-12       0.000000000000e+00 
 2290       1.436698368527e-11       8.142884571639e-13      -1.222489241112e-12       0.000000000000e+00 
 2291       1.436751387348e-11       8.101913770624e-13      -1.230393120450e-12       0.000000000000e+00 
 2292       1.436854529687e-11       8.060361826666e-13      -1.238065878875e-12       0.000000000000e+00 
 2293       1.437006013009e-11       8.018243846412e-13      -1.245506308278e-12       0.000000000000e+00 
 2294       1.437204048207e-11       7.975574992833e-13      -1.252713197976e-12       0.000000000000e+00 
 2295       1.437446839601e-11       7.932370485286e-13      -1.259685334708e-12       0.000000000000e+00 
 2296       1.437732584929e-11       7.888645599577e-13      -1.266421502637e-12       0.000000000000e+00 
 2297       1.438059475338e-11       7.844415668023e-13      -1.272920483344e-12       0.000000000000e+00 
 2298       1.438425695375e-11       7.799696079517e-13      -1.279181055827e-12       0.000000000000e+00 
 2299       1.438829422987e-11       7.754502279589e-13      -1.285201996500e-12       0.000000000000e+00 
 2300       1.439268829506e-11       7.708849770467e-13      -1.290982079188e-12       0.000000000000e+00 
 2301       1.439742079645e-11       7.662754111143e-13      -1.296520075128e-12       0.000000000000e+00 
 2302       1.440247331492e-11       7.616230917434e-13      -1.301814752964e-12       0.000000000000e+00 
 2303       1.440782736500e-11       7.569295862044e-13      -1.306864878748e-12       0.000000000000e+00 
 2304       1.441346439480e-11       7.521964674625e-13      -1.311669215934e-12       0.000000000000e+00 
 2305       1.441936578597e-11       7.474253141847e-13      -1.316226525378e-12       0.000000000000e+00 
 2306       1.442551285359e-11       7.426177107450e-13      -1.320535565337e-12       0.000000000000e+00 
 2307       1.443188684611e-11       7.377752472316e-13      -1.324595091463e-12       0.000000000000e+00 
 2308       1.443846894527e-11       7.328995194526e-13      -1.328403856806e-12       0.000000000000e+00 
 2309       1.444524026605e-11       7.279921289424e-13      -1.331960611807e-12       0.000000000000e+00 
 2310       1.445218185659e-11       7.230546829680e-13      -1.335264104297e-12       0.000000000000e+00 
 2311       1.445927469807e-11       7.180887945354e-13      -1.338313079497e-12       0.000000000000e+00 
 2312       1.446649970471e-11       7.130960823957e-13      -1.341106280014e-12       0.000000000000e+00 
 2313       1.447383772366e-11       7.080781710511e-13      -1.343642445840e-12       0.000000000000e+00 
 2314       1.448126953492e-11       7.030366907618e-13      -1.345920314346e-12       0.000000000000e+00 
 2315       1.448877585128e-11       6.979732775518e-13      -1.347938620286e-12       0.000000000000e+00 
 2316       1.449633731825e-11       6.928895732151e-13      -1.349696095790e-12       0.000000000000e+00 
 2317       1.450393451398e-11       6.877872253224e-13      -1.351191470363e-12       0.000000000000e+00 
 2318       1.451154794918e-11       6.826678872269e-13      -1.352423470884e-12       0.000000000000e+00 
 2319       1.451915806707e-11       6.775332180709e-13      -1.353390821602e-12       0.000000000000e+00 
 2320       1.452674524328e-11       6.723848827917e-13      -1.354092244136e-12       0.000000000000e+00 
 2321       1.453429108374e-11       6.672245028277e-13      -1.354527080623e-12       0.000000000000e+00 
 2322       1.454178232733e-11       6.620535078820e-13      -1.354697167475e-12       0.000000000000e+00 
 2323       1.454920696770e-11       6.568732832361e-13      -1.354604973437e-12       0.000000000000e+00 
 2324       1.455655295751e-11       6.516852189704e-13      -1.354252977523e-12       0.000000000000e+00 
 2325       1.456380820838e-11       6.464907099700e-13      -1.353643669023e-12       0.000000000000e+00 
 2326       1.457096059088e-11       6.412911559292e-13      -1.352779547517e-12       0.000000000000e+00 
 2327       1.457799793443e-11       6.360879613570e-13      -1.351663122889e-12       0.000000000000e+00 
 2328       1.458490802732e-11       6.308825355823e-13      -1.350296915334e-12       0.000000000000e+00 
 2329       1.459167861662e-11       6.256762927590e-13      -1.348683455373e-12       0.000000000000e+00 
 2330       1.459829740815e-11       6.204706518710e-13      -1.346825283863e-12       0.000000000000e+00 
 2331       1.460475206644e-11       6.152670367377e-13      -1.344724952011e-12       0.000000000000e+00 
 2332       1.461103021469e-11       6.100668760188e-13      -1.342385021382e-12       0.000000000000e+00 
 2333       1.461711943469e-11       6.048716032198e-13      -1.339808063914e-12       0.000000000000e+00 
 2334       1.462300726685e-11       5.996826566969e-13      -1.336996661927e-12       0.000000000000e+00 
 2335       1.462868121007e-11       5.945014796624e-13      -1.333953408138e-12       0.000000000000e+00 
 2336       1.463412872175e-11       5.893295201895e-13      -1.330680905670e-12       0.000000000000e+00 
 2337       1.463933721775e-11       5.841682312181e-13      -1.327181768064e-12       0.000000000000e+00 
 2338       1.464429407231e-11       5.790190705592e-13      -1.323458619290e-12       0.000000000000e+00 
 2339       1.464898661803e-11       5.738835009006e-13      -1.319514093762e-12       0.000000000000e+00 
 2340       1.465340214581e-11       5.687629898119e-13      -1.315350836347e-12       0.000000000000e+00 
 2341       1.465752790484e-11       5.636590097495e-13      -1.310971502376e-12       0.000000000000e+00 
 2342       1.466135110253e-11       5.585730380622e-13      -1.306378757657e-12       0.000000000000e+00 
 2343       1.466485890444e-11       5.535065569960e-13      -1.301575278487e-12       0.000000000000e+00 
 2344       1.466803843429e-11       5.484610536992e-13      -1.296563751664e-12       0.000000000000e+00 
 2345       1.467087677389e-11       5.434380202278e-13      -1.291346874495e-12       0.000000000000e+00 
 2346       1.467336096310e-11       5.384389535508e-13      -1.285927354813e-12       0.000000000000e+00 
 2347       1.467547799977e-11       5.334653555550e-13      -1.280307910986e-12       0.000000000000e+00 
 2348       1.467721483972e-11       5.285187330501e-13      -1.274491271928e-12       0.000000000000e+00 
 2349       1.467855839667e-11       5.236005977744e-13      -1.268480177111e-12       0.000000000000e+00 
 2350       1.467949554224e-11       5.187124663996e-13      -1.262277376579e-12       0.000000000000e+00 
 2351       1.468001310585e-11       5.138558605358e-13      -1.255885630957e-12       0.000000000000e+00 
 2352       1.468009787471e-11       5.090323067372e-13      -1.249307711462e-12       0.000000000000e+00 
 2353       1.467973659379e-11       5.042433365067e-13      -1.242546399918e-12       0.000000000000e+00 
 2354       1.467891596572e-11       4.994904863014e-13      -1.235604488767e-12       0.000000000000e+00 
 2355       1.467762265080e-11       4.947752975377e-13      -1.228484781077e-12       0.000000000000e+00 
 2356       1.467584326695e-11       4.900993165962e-13      -1.221190090557e-12       0.000000000000e+00 
 2357       1.467356438964e-11       4.854640948276e-13      -1.213723241569e-12       0.000000000000e+00 
 2358       1.467077255186e-11       4.808711885568e-13      -1.206087069138e-12       0.000000000000e+00 
 2359       1.466745424406e-11       4.763221590891e-13      -1.198284418963e-12       0.000000000000e+00 
 2360       1.466359793935e-11       4.718184079241e-13      -1.190318348246e-12       0.000000000000e+00 
 2361       1.465920018267e-11       4.673606812724e-13      -1.182192729497e-12       0.000000000000e+00 
 2362       1.465425953929e-11       4.629495624756e-13      -1.173911650497e-12       0.000000000000e+00 
 2363       1.464877457301e-11       4.585856365193e-13      -1.165479213840e-12       0.000000000000e+00 
 2364       1.464274384621e-11       4.542694900346e-13      -1.156899536948e-12       0.000000000000e+00 
 2365       1.463616591980e-11       4.500017112998e-13      -1.148176752086e-12       0.000000000000e+00 
 2366       1.462903935324e-11       4.457828902420e-13      -1.139315006381e-12       0.000000000000e+00 
 2367       1.462136270456e-11       4.416136184387e-13      -1.130318461835e-12       0.000000000000e+00 
 2368       1.461313453030e-11       4.374944891194e-13      -1.121191295345e-12       0.000000000000e+00 
 2369       1.460435338559e-11       4.334260971674e-13      -1.111937698712e-12       0.000000000000e+00 
 2370       1.459501782409e-11       4.294090391210e-13      -1.102561878666e-12       0.000000000000e+00 
 2371       1.458512639801e-11       4.254439131757e-13      -1.093068056874e-12       0.000000000000e+00 
 2372       1.457467765810e-11       4.215313191853e-13      -1.083460469961e-12       0.000000000000e+00 
 2373       1.456367015367e-11       4.176718586638e-13      -1.073743369523e-12       0.000000000000e+00 
 2374       1.455210243258e-11       4.138661347867e-13      -1.063921022147e-12       0.000000000000e+00 
 2375       1.453997304122e-11       4.101147523932e-13      -1.053997709423e-12       0.000000000000e+00 
 2376       1.452728052454e-11       4.064183179872e-13      -1.043977727959e-12       0.000000000000e+00 
 2377       1.451402342603e-11       4.027774397392e-13      -1.033865389403e-12       0.000000000000e+00 
 2378       1.450020028773e-11       3.991927274881e-13      -1.023665020454e-12       0.000000000000e+00 
 2379       1.448580965023e-11       3.956647927424e-13      -1.013380962878e-12       0.000000000000e+00 
 2380       1.447085005265e-11       3.921942486820e-13      -1.003017573528e-12       0.000000000000e+00 
 2381       1.445532003266e-11       3.887817101600e-13      -9.925792243548e-13       0.000000000000e+00 
 2382       1.443921812649e-11       3.854277937041e-13      -9.820703024279e-13       0.000000000000e+00 
 2383       1.442254286889e-11       3.821331175183e-13      -9.714952099475e-13       0.000000000000e+00 
 2384       1.440529279318e-11       3.788983014842e-13      -9.608583642628e-13       0.000000000000e+00 
 2385       1.438746643120e-11       3.757239671634e-13      -9.501641978875e-13       0.000000000000e+00 
 2386       1.436906231334e-11       3.726107377983e-13      -9.394171585154e-13       0.000000000000e+00 
 2387       1.435007896854e-11       3.695592383140e-13      -9.286217090368e-13       0.000000000000e+00 
 2388       1.433051492427e-11       3.665700953201e-13      -9.177823275544e-13       0.000000000000e+00 
 2389       1.431036870656e-11       3.636439371121e-13      -9.069035073993e-13       0.000000000000e+00 
 2390       1.428963883997e-11       3.607813936732e-13      -8.959897571469e-13       0.000000000000e+00 
 2391       1.426832384759e-11       3.579830966756e-13      -8.850456006331e-13       0.000000000000e+00 
 2392       1.424642225107e-11       3.552496794824e-13      -8.740755769701e-13       0.000000000000e+00 
 2393       1.422393257060e-11       3.525817771492e-13      -8.630842405626e-13       0.000000000000e+00 
 2394       1.420085332489e-11       3.499800264256e-13      -8.520761611235e-13       0.000000000000e+00 
 2395       1.417718303121e-11       3.474450657568e-13      -8.410559236903e-13       0.000000000000e+00 
 2396       1.415292020537e-11       3.449775352853e-13      -8.300281286408e-13       0.000000000000e+00 
 2397       1.412806336170e-11       3.425780768527e-13      -8.189973917091e-13       0.000000000000e+00 
 2398       1.410261101310e-11       3.402473340008e-13      -8.079683440018e-13       0.000000000000e+00 
 2399       1.407656308209e-11       3.379857957035e-13      -7.969454094173e-13       0.000000000000e+00 
 2400       1.404992514369e-11       3.357933265156e-13      -7.859321353877e-13       0.000000000000e+00 
 2401       1.402270420844e-11       3.336696335594e-13      -7.749318580842e-13       0.000000000000e+00 
 2402       1.399490731373e-11       3.316144225330e-13      -7.639479246541e-13       0.000000000000e+00 
 2403       1.396654152375e-11       3.296273977084e-13      -7.529836932320e-13       0.000000000000e+00 
 2404       1.393761392960e-11       3.277082619302e-13      -7.420425329517e-13       0.000000000000e+00 
 2405       1.390813164925e-11       3.258567166137e-13      -7.311278239568e-13       0.000000000000e+00 
 2406       1.387810182762e-11       3.240724617433e-13      -7.202429574128e-13       0.000000000000e+00 
 2407       1.384753163658e-11       3.223551958711e-13      -7.093913355180e-13       0.000000000000e+00 
 2408       1.381642827499e-11       3.207046161148e-13      -6.985763715148e-13       0.000000000000e+00 
 2409       1.378479896871e-11       3.191204181565e-13      -6.878014897015e-13       0.000000000000e+00 
 2410       1.375265097067e-11       3.176022962409e-13      -6.770701254433e-13       0.000000000000e+00 
 2411       1.371999156087e-11       3.161499431734e-13      -6.663857251837e-13       0.000000000000e+00 
 2412       1.368682804639e-11       3.147630503190e-13      -6.557517464560e-13       0.000000000000e+00 
 2413       1.365316776147e-11       3.134413076002e-13      -6.451716578946e-13       0.000000000000e+00 
 2414       1.361901806750e-11       3.121844034955e-13      -6.346489392464e-13       0.000000000000e+00 
 2415       1.358438635306e-11       3.109920250378e-13      -6.241870813819e-13       0.000000000000e+00 
 2416       1.354928003395e-11       3.098638578129e-13      -6.137895863069e-13       0.000000000000e+00 
 2417       1.351370655322e-11       3.087995859573e-13      -6.034599671739e-13       0.000000000000e+00 
 2418       1.347767338120e-11       3.077988921574e-13      -5.932017482930e-13       0.000000000000e+00 
 2419       1.344118801552e-11       3.068614576471e-13      -5.830184651437e-13       0.000000000000e+00 
 2420       1.340425798116e-11       3.059869622066e-13      -5.729136643862e-13       0.000000000000e+00 
 2421       1.336689083045e-11       3.051750841606e-13      -5.628909038724e-13       0.000000000000e+00 
 2422       1.332909414312e-11       3.044255003768e-13      -5.529537526579e-13       0.000000000000e+00 
 2423       1.329087552633e-11       3.037378862638e-13      -5.431057910127e-13       0.000000000000e+00 
 2424       1.325224261467e-11       3.031119157703e-13      -5.333506104330e-13       0.000000000000e+00 
 2425       1.321320307023e-11       3.025472613825e-13      -5.236918136525e-13       0.000000000000e+00 
 2426       1.317376458262e-11       3.020435941232e-13      -5.141330146536e-13       0.000000000000e+00 
 2427       1.313393486896e-11       3.016005835499e-13      -5.046778386786e-13       0.000000000000e+00 
 2428       1.309372167396e-11       3.012178977530e-13      -4.953299222418e-13       0.000000000000e+00 
 2429       1.305313276992e-11       3.008952033544e-13      -4.860929131401e-13       0.000000000000e+00 
 2430       1.301217595678e-11       3.006321655056e-13      -4.769704704645e-13       0.000000000000e+00 
 2431       1.297085906210e-11       3.004284478864e-13      -4.679662646118e-13       0.000000000000e+00 
 2432       1.292918994118e-11       3.002837127031e-13      -4.590839772957e-13       0.000000000000e+00 
 2433       1.288717647697e-11       3.001976206866e-13      -4.503273015582e-13       0.000000000000e+00 
 2434       1.284482658022e-11       3.001698310912e-13      -4.416999417809e-13       0.000000000000e+00 
 2435       1.280214818941e-11       3.002000016928e-13      -4.332056136966e-13       0.000000000000e+00 
 2436       1.275914927085e-11       3.002877887869e-13      -4.248480444005e-13       0.000000000000e+00 
 2437       1.271583781866e-11       3.004328471877e-13      -4.166309723613e-13       0.000000000000e+00 
 2438       1.267222258080e-11       3.006346933871e-13      -4.085576189150e-13       0.000000000000e+00 
 2439       1.262831524173e-11       3.008922941400e-13      -4.006290992538e-13       0.000000000000e+00 
 2440       1.258412825293e-11       3.012044754049e-13      -3.928460019164e-13       0.000000000000e+00 
 2441       1.253967410812e-11       3.015700589543e-13      -3.852089164399e-13       0.000000000000e+00 
 2442       1.249496534332e-11       3.019878623699e-13      -3.777184333612e-13       0.000000000000e+00 
 2443       1.245001453692e-11       3.024566990384e-13      -3.703751442171e-13       0.000000000000e+00 
 2444       1.240483430967e-11       3.029753781470e-13      -3.631796415449e-13       0.000000000000e+00 
 2445       1.235943732479e-11       3.035427046789e-13      -3.561325188837e-13       0.000000000000e+00 
 2446       1.231383628794e-11       3.041574794091e-13      -3.492343707746e-13       0.000000000000e+00 
 2447       1.226804394733e-11       3.048184989000e-13      -3.424857927615e-13       0.000000000000e+00 
 2448       1.222207309373e-11       3.055245554969e-13      -3.358873813919e-13       0.000000000000e+00 
 2449       1.217593656051e-11       3.062744373233e-13      -3.294397342176e-13       0.000000000000e+00 
 2450       1.212964722370e-11       3.070669282772e-13      -3.231434497952e-13       0.000000000000e+00 
 2451       1.208321800203e-11       3.079008080262e-13      -3.169991276869e-13       0.000000000000e+00 
 2452       1.203666185697e-11       3.087748520030e-13      -3.110073684613e-13       0.000000000000e+00 
 2453       1.198999179276e-11       3.096878314014e-13      -3.051687736941e-13       0.000000000000e+00 
 2454       1.194322085648e-11       3.106385131716e-13      -2.994839459685e-13       0.000000000000e+00 
 2455       1.189636213810e-11       3.116256600160e-13      -2.939534888763e-13       0.000000000000e+00 
 2456       1.184942877046e-11       3.126480303846e-13      -2.885780070182e-13       0.000000000000e+00 
 2457       1.180243392940e-11       3.137043784706e-13      -2.833581060050e-13       0.000000000000e+00 
 2458       1.175539083374e-11       3.147934542063e-13      -2.782943924576e-13       0.000000000000e+00 
 2459       1.170831274536e-11       3.159140032583e-13      -2.733874740085e-13       0.000000000000e+00 
 2460       1.166121296923e-11       3.170647670234e-13      -2.686379593017e-13       0.000000000000e+00 
 2461       1.161410485343e-11       3.182444826239e-13      -2.640464579940e-13       0.000000000000e+00 
 2462       1.156700178926e-11       3.194518829037e-13      -2.596135807554e-13       0.000000000000e+00 
 2463       1.151991721120e-11       3.206856964232e-13      -2.553399392699e-13       0.000000000000e+00 
 2464       1.147286459701e-11       3.219446474554e-13      -2.512261462363e-13       0.000000000000e+00 
 2465       1.142585746778e-11       3.232274559816e-13      -2.472728153684e-13       0.000000000000e+00 
 2466       1.137890938792e-11       3.245328376865e-13      -2.434805613964e-13       0.000000000000e+00 
 2467       1.133203396525e-11       3.258595039540e-13      -2.398500000671e-13       0.000000000000e+00 
 2468       1.128524485103e-11       3.272061618631e-13      -2.363817481447e-13       0.000000000000e+00 
 2469       1.123855574001e-11       3.285715141831e-13      -2.330764234117e-13       0.000000000000e+00 
 2470       1.119198037046e-11       3.299542593695e-13      -2.299346446693e-13       0.000000000000e+00 
 2471       1.114553252422e-11       3.313530915592e-13      -2.269570317384e-13       0.000000000000e+00 
 2472       1.109922602674e-11       3.327667005665e-13      -2.241442054598e-13       0.000000000000e+00 
 2473       1.105307474714e-11       3.341937718787e-13      -2.214967876956e-13       0.000000000000e+00 
 2474       1.100709259824e-11       3.356329866513e-13      -2.190154013293e-13       0.000000000000e+00 
 2475       1.096129353660e-11       3.370830217039e-13      -2.167006702667e-13       0.000000000000e+00 
 2476       1.091569156257e-11       3.385425495158e-13      -2.145532194367e-13       0.000000000000e+00 
 2477       1.087029709543e-11       3.400106033276e-13      -2.125736171154e-13       0.000000000000e+00 
 2478       1.082510607526e-11       3.414876748137e-13      -2.107622015238e-13       0.000000000000e+00 
 2479       1.078011079674e-11       3.429746228899e-13      -2.091192532068e-13       0.000000000000e+00 
 2480       1.073530352816e-11       3.444723091992e-13      -2.076450526154e-13       0.000000000000e+00 
 2481       1.069067651141e-11       3.459815981141e-13      -2.063398801070e-13       0.000000000000e+00 
 2482       1.064622196193e-11       3.475033567402e-13      -2.052040159446e-13       0.000000000000e+00 
 2483       1.060193206872e-11       3.490384549182e-13      -2.042377402964e-13       0.000000000000e+00 
 2484       1.055779899430e-11       3.505877652269e-13      -2.034413332355e-13       0.000000000000e+00 
 2485       1.051381487463e-11       3.521521629861e-13      -2.028150747392e-13       0.000000000000e+00 
 2486       1.046997181918e-11       3.537325262589e-13      -2.023592446889e-13       0.000000000000e+00 
 2487       1.042626191081e-11       3.553297358549e-13      -2.020741228696e-13       0.000000000000e+00 
 2488       1.038267720581e-11       3.569446753326e-13      -2.019599889691e-13       0.000000000000e+00 
 2489       1.033920973384e-11       3.585782310024e-13      -2.020171225780e-13       0.000000000000e+00 
 2490       1.029585149790e-11       3.602312919291e-13      -2.022458031893e-13       0.000000000000e+00 
 2491       1.025259447432e-11       3.619047499349e-13      -2.026463101975e-13       0.000000000000e+00 
 2492       1.020943061273e-11       3.635994996016e-13      -2.032189228986e-13       0.000000000000e+00 
 2493       1.016635183600e-11       3.653164382743e-13      -2.039639204895e-13       0.000000000000e+00 
 2494       1.012335004028e-11       3.670564660629e-13      -2.048815820675e-13       0.000000000000e+00 
 2495       1.008041709490e-11       3.688204858460e-13      -2.059721866301e-13       0.000000000000e+00 
 2496       1.003754484240e-11       3.706094032729e-13      -2.072360130744e-13       0.000000000000e+00 
 2497       9.994725098468e-12       3.724241267664e-13      -2.086733401966e-13       0.000000000000e+00 
 2498       9.951949651919e-12       3.742655675260e-13      -2.102844466917e-13       0.000000000000e+00 
 2499       9.909210264682e-12       3.761346395302e-13      -2.120696111531e-13       0.000000000000e+00 
 2500       9.866498671758e-12       3.780322595392e-13      -2.140291120721e-13       0.000000000000e+00 
