# dimensionless total [l(l+1)/2pi] C_l's
# for l=2 to 2500, i.e. number of multipoles equal to 2499
#
# -> if you prefer output in CAMB/HealPix/LensPix units/order, set 'format' to 'camb' in input file
# -> if you don't want to see such a header, set 'headers' to 'no' in input file
#
# 1:l     2:TT                     3:EE                     4:TE                     5:BB                 
    2       7.491748754979e-06       4.163594684872e-15       3.871554787525e-13       0.000000000000e+00 
    3       1.957921546994e-07       5.356913393996e-15       4.330615561900e-13       0.000000000000e+00 
    4       3.791845596746e-09       4.658437886558e-15       3.909289513373e-13       0.000000000000e+00 
    5       1.595556946507e-10       3.122413269944e-15       3.224878381735e-13       0.000000000000e+00 
    6       1.105416415039e-10       1.749582041684e-15       2.530563841157e-13       0.000000000000e+00 
    7       1.084229524978e-10       9.429535810762e-16       1.954045876350e-13       0.000000000000e+00 
    8       1.075213941861e-10       6.067156951612e-16       1.536519178448e-13       0.000000000000e+00 
    9       1.072718166683e-10       4.897477855549e-16       1.273202565119e-13       0.000000000000e+00 
   10       1.074470478777e-10       4.216873732094e-16       1.137377308335e-13       0.000000000000e+00 
   11       1.080174556469e-10       3.569500671780e-16       1.094386872160e-13       0.000000000000e+00 
   12       1.088343907630e-10       3.107588055914e-16       1.110668197108e-13       0.000000000000e+00 
   13       1.098586930101e-10       2.957309692357e-16       1.160524736267e-13       0.000000000000e+00 
   14       1.110622495689e-10       3.051722628721e-16       1.226927225902e-13       0.000000000000e+00 
   15       1.124267051014e-10       3.275413802000e-16       1.300428290188e-13       0.000000000000e+00 
   16       1.138789092499e-10       3.601152791376e-16       1.377404641137e-13       0.000000000000e+00 
   17       1.154577088156e-10       4.084986910808e-16       1.457215692391e-13       0.000000000000e+00 
   18       1.164412745085e-10       4.785666542500e-16       1.542080021195e-13       0.000000000000e+00 
   19       1.188053606855e-10       5.707222809828e-16       1.633369235705e-13       0.000000000000e+00 
   20       1.208037770499e-10       6.827825276114e-16       1.731242602515e-13       0.000000000000e+00 
   21       1.224444987659e-10       8.136859890043e-16       1.833900687104e-13       0.000000000000e+00 
   22       1.242744129372e-10       9.624310177649e-16       1.938150041041e-13       0.000000000000e+00 
   23       1.262961110668e-10       1.129122192267e-15       2.040679339247e-13       0.000000000000e+00 
   24       1.283224497589e-10       1.314058670242e-15       2.137820417373e-13       0.000000000000e+00 
   25       1.303485855285e-10       1.517444994245e-15       2.227123168760e-13       0.000000000000e+00 
   26       1.324128008988e-10       1.739648676017e-15       2.306684131363e-13       0.000000000000e+00 
   27       1.345307438215e-10       1.982455253176e-15       2.376177114336e-13       0.000000000000e+00 
   28       1.366940198708e-10       2.248373076388e-15       2.436045253532e-13       0.000000000000e+00 
   29       1.388804143790e-10       2.539939127251e-15       2.486971395062e-13       0.000000000000e+00 
   30       1.410960727647e-10       2.858259725660e-15       2.529169793004e-13       0.000000000000e+00 
   31       1.433464960580e-10       3.203880400761e-15       2.562843619489e-13       0.000000000000e+00 
   32       1.456277830849e-10       3.577265136275e-15       2.588096999574e-13       0.000000000000e+00 
   33       1.479396954476e-10       3.979241185360e-15       2.603954922661e-13       0.000000000000e+00 
   34       1.502750331694e-10       4.410703777121e-15       2.608963315812e-13       0.000000000000e+00 
   35       1.526219081985e-10       4.872520658397e-15       2.601622308882e-13       0.000000000000e+00 
   36       1.549878056056e-10       5.365618230023e-15       2.581070272435e-13       0.000000000000e+00 
   37       1.573824146723e-10       5.890919951981e-15       2.546624404808e-13       0.000000000000e+00 
   38       1.598104615160e-10       6.449320584926e-15       2.497598695712e-13       0.000000000000e+00 
   39       1.622722202296e-10       7.041654983863e-15       2.433448405211e-13       0.000000000000e+00 
   40       1.647667694188e-10       7.668597285182e-15       2.354264400532e-13       0.000000000000e+00 
   41       1.672888043549e-10       8.330723484156e-15       2.260446257435e-13       0.000000000000e+00 
   42       1.698270700803e-10       9.028532914911e-15       2.152581926580e-13       0.000000000000e+00 
   43       1.723693560763e-10       9.762494958752e-15       2.031189001831e-13       0.000000000000e+00 
   44       1.749206203644e-10       1.053321733841e-14       1.895817367603e-13       0.000000000000e+00 
   45       1.774896064761e-10       1.134132263861e-14       1.745684365759e-13       0.000000000000e+00 
   46       1.800836165871e-10       1.218740035727e-14       1.579913243423e-13       0.000000000000e+00 
   47       1.827083222813e-10       1.307200560804e-14       1.397526568420e-13       0.000000000000e+00 
   48       1.853673409301e-10       1.399560235221e-14       1.197635166029e-13       0.000000000000e+00 
   49       1.880612651718e-10       1.495837719958e-14       9.800832721505e-14       0.000000000000e+00 
   50       1.907880347263e-10       1.596037089108e-14       7.449739279052e-14       0.000000000000e+00 
   51       1.935429506515e-10       1.700152516061e-14       4.924926440005e-14       0.000000000000e+00 
   52       1.963184741490e-10       1.808167860741e-14       2.229107917490e-14       0.000000000000e+00 
   53       1.991070558756e-10       1.920066383031e-14      -6.354828043521e-15       0.000000000000e+00 
   54       2.019109411329e-10       2.035863765550e-14      -3.671591209473e-14       0.000000000000e+00 
   55       2.047345353596e-10       2.155582863058e-14      -6.883540728840e-14       0.000000000000e+00 
   56       2.075815218610e-10       2.279244331094e-14      -1.027598436804e-13       0.000000000000e+00 
   57       2.104547876799e-10       2.406866637787e-14      -1.385392835454e-13       0.000000000000e+00 
   58       2.133563494681e-10       2.538466075674e-14      -1.762275578497e-13       0.000000000000e+00 
   59       2.162875555044e-10       2.674045604557e-14      -2.158667619971e-13       0.000000000000e+00 
   60       2.192499148963e-10       2.813558327584e-14      -2.574360014486e-13       0.000000000000e+00 
   61       2.222443302738e-10       2.956935539034e-14      -3.008911400880e-13       0.000000000000e+00 
   62       2.252707751270e-10       3.104096788190e-14      -3.461792033490e-13       0.000000000000e+00 
   63       2.283282290385e-10       3.254949512546e-14      -3.932380811038e-13       0.000000000000e+00 
   64       2.314146129151e-10       3.409388671010e-14      -4.419962305518e-13       0.000000000000e+00 
   65       2.345277514338e-10       3.567308084817e-14      -4.923882984388e-13       0.000000000000e+00 
   66       2.376686427680e-10       3.728638075747e-14      -5.444065005403e-13       0.000000000000e+00 
   67       2.408387676002e-10       3.893315166903e-14      -5.980596245008e-13       0.000000000000e+00 
   68       2.440390876489e-10       4.061271039799e-14      -6.533582160744e-13       0.000000000000e+00 
   69       2.472700096348e-10       4.232432495057e-14      -7.103147273096e-13       0.000000000000e+00 
   70       2.505313492450e-10       4.406721413098e-14      -7.689436647342e-13       0.000000000000e+00 
   71       2.538222950992e-10       4.584054714837e-14      -8.292617375398e-13       0.000000000000e+00 
   72       2.571419766424e-10       4.764341034966e-14      -8.912780905845e-13       0.000000000000e+00 
   73       2.604913741025e-10       4.947470089877e-14      -9.549625036576e-13       0.000000000000e+00 
   74       2.638717117360e-10       5.133321188379e-14      -1.020271327438e-12       0.000000000000e+00 
   75       2.672838645143e-10       5.321766225865e-14      -1.087156780963e-12       0.000000000000e+00 
   76       2.707283358782e-10       5.512669569955e-14      -1.155566873437e-12       0.000000000000e+00 
   77       2.742052354908e-10       5.705887946130e-14      -1.225445326045e-12       0.000000000000e+00 
   78       2.777142569911e-10       5.901270323373e-14      -1.296731493761e-12       0.000000000000e+00 
   79       2.812546557478e-10       6.098657799809e-14      -1.369360287159e-12       0.000000000000e+00 
   80       2.848256739944e-10       6.297888594668e-14      -1.443267907933e-12       0.000000000000e+00 
   81       2.884279502063e-10       6.498814274169e-14      -1.518410374576e-12       0.000000000000e+00 
   82       2.920623150195e-10       6.701286147946e-14      -1.594748086310e-12       0.000000000000e+00 
   83       2.957293518415e-10       6.905150393509e-14      -1.672240324150e-12       0.000000000000e+00 
   84       2.994293828898e-10       7.110248036452e-14      -1.750845280378e-12       0.000000000000e+00 
   85       3.031624552301e-10       7.316414930643e-14      -1.830520088014e-12       0.000000000000e+00 
   86       3.069283268149e-10       7.523481738435e-14      -1.911220850288e-12       0.000000000000e+00 
   87       3.107264525217e-10       7.731273910858e-14      -1.992902670111e-12       0.000000000000e+00 
   88       3.145559701915e-10       7.939611667826e-14      -2.075519679551e-12       0.000000000000e+00 
   89       3.184160229403e-10       8.148312511527e-14      -2.159023530454e-12       0.000000000000e+00 
   90       3.223068144716e-10       8.357199261611e-14      -2.243358530742e-12       0.000000000000e+00 
   91       3.262286943555e-10       8.566093249851e-14      -2.328465795911e-12       0.000000000000e+00 
   92       3.301818276927e-10       8.774811917049e-14      -2.414284726282e-12       0.000000000000e+00 
   93       3.341661861906e-10       8.983168831187e-14      -2.500753013426e-12       0.000000000000e+00 
   94       3.381815392400e-10       9.190973705582e-14      -2.587806646575e-12       0.000000000000e+00 
   95       3.422274449907e-10       9.398032417036e-14      -2.675379919045e-12       0.000000000000e+00 
   96       3.463032414279e-10       9.604147023983e-14      -2.763405434652e-12       0.000000000000e+00 
   97       3.504080374482e-10       9.809115784644e-14      -2.851814114129e-12       0.000000000000e+00 
   98       3.545407039361e-10       1.001273317518e-13      -2.940535201547e-12       0.000000000000e+00 
   99       3.587001556759e-10       1.021479457636e-13      -3.029497610270e-12       0.000000000000e+00 
  100       3.628862619397e-10       1.041511105182e-13      -3.118634164468e-12       0.000000000000e+00 
  101       3.670990488987e-10       1.061349670650e-13      -3.207877973100e-12       0.000000000000e+00 
  102       3.713384149633e-10       1.080976427862e-13      -3.297161166335e-12       0.000000000000e+00 
  103       3.756041253843e-10       1.100372521442e-13      -3.386414918211e-12       0.000000000000e+00 
  104       3.798958068548e-10       1.119518974294e-13      -3.475569469288e-12       0.000000000000e+00 
  105       3.842129421111e-10       1.138396695071e-13      -3.564554149304e-12       0.000000000000e+00 
  106       3.885548645349e-10       1.156986485651e-13      -3.653297399831e-12       0.000000000000e+00 
  107       3.929207527538e-10       1.175269048613e-13      -3.741726796925e-12       0.000000000000e+00 
  108       3.973096252435e-10       1.193224994706e-13      -3.829769073788e-12       0.000000000000e+00 
  109       4.017203349290e-10       1.210834850330e-13      -3.917350143418e-12       0.000000000000e+00 
  110       4.061517622652e-10       1.228079550823e-13      -4.004395683151e-12       0.000000000000e+00 
  111       4.106034341458e-10       1.244941976080e-13      -4.090832924699e-12       0.000000000000e+00 
  112       4.150749744669e-10       1.261405626362e-13      -4.176589136662e-12       0.000000000000e+00 
  113       4.195659093195e-10       1.277454166154e-13      -4.261591110975e-12       0.000000000000e+00 
  114       4.240756635421e-10       1.293071436410e-13      -4.345765191083e-12       0.000000000000e+00 
  115       4.286035572724e-10       1.308241466807e-13      -4.429037300121e-12       0.000000000000e+00 
  116       4.331488024995e-10       1.322948487987e-13      -4.511332969090e-12       0.000000000000e+00 
  117       4.377104996162e-10       1.337176943811e-13      -4.592577365033e-12       0.000000000000e+00 
  118       4.422876339707e-10       1.350911503605e-13      -4.672695319213e-12       0.000000000000e+00 
  119       4.468790724191e-10       1.364137074410e-13      -4.751611355292e-12       0.000000000000e+00 
  120       4.514835598775e-10       1.376838813226e-13      -4.829249717506e-12       0.000000000000e+00 
  121       4.560997158737e-10       1.389002139270e-13      -4.905534398841e-12       0.000000000000e+00 
  122       4.607260310996e-10       1.400612746213e-13      -4.980389169213e-12       0.000000000000e+00 
  123       4.653610478411e-10       1.411657089380e-13      -5.053738543373e-12       0.000000000000e+00 
  124       4.700039320812e-10       1.422123884589e-13      -5.125510750513e-12       0.000000000000e+00 
  125       4.746539609295e-10       1.432002805387e-13      -5.195635160502e-12       0.000000000000e+00 
  126       4.793103426503e-10       1.441284039345e-13      -5.264041409924e-12       0.000000000000e+00 
  127       4.839722146621e-10       1.449958304051e-13      -5.330659437644e-12       0.000000000000e+00 
  128       4.886386415355e-10       1.458016863089e-13      -5.395419520380e-12       0.000000000000e+00 
  129       4.933086129931e-10       1.465451542030e-13      -5.458252308276e-12       0.000000000000e+00 
  130       4.979810419073e-10       1.472254744411e-13      -5.519088860469e-12       0.000000000000e+00 
  131       5.026547622998e-10       1.478419467728e-13      -5.577860680662e-12       0.000000000000e+00 
  132       5.073285273401e-10       1.483939319414e-13      -5.634499752696e-12       0.000000000000e+00 
  133       5.120010073447e-10       1.488808532828e-13      -5.688938576118e-12       0.000000000000e+00 
  134       5.166707877752e-10       1.493021983240e-13      -5.741110201752e-12       0.000000000000e+00 
  135       5.213363672378e-10       1.496575203818e-13      -5.790948267271e-12       0.000000000000e+00 
  136       5.259961554821e-10       1.499464401610e-13      -5.838387032770e-12       0.000000000000e+00 
  137       5.306486103870e-10       1.501686751972e-13      -5.883362041317e-12       0.000000000000e+00 
  138       5.352926691562e-10       1.503241282403e-13      -5.925812102478e-12       0.000000000000e+00 
  139       5.399273581561e-10       1.504128110903e-13      -5.965677582448e-12       0.000000000000e+00 
  140       5.445516568231e-10       1.504348193326e-13      -6.002899836651e-12       0.000000000000e+00 
  141       5.491644965444e-10       1.503903341131e-13      -6.037421249276e-12       0.000000000000e+00 
  142       5.537647595395e-10       1.502796239138e-13      -6.069185272820e-12       0.000000000000e+00 
  143       5.583512777407e-10       1.501030463277e-13      -6.098136467621e-12       0.000000000000e+00 
  144       5.629228316744e-10       1.498610498343e-13      -6.124220541395e-12       0.000000000000e+00 
  145       5.674781493419e-10       1.495541755747e-13      -6.147384388779e-12       0.000000000000e+00 
  146       5.720159051006e-10       1.491830591271e-13      -6.167576130864e-12       0.000000000000e+00 
  147       5.765347185449e-10       1.487484322819e-13      -6.184745154734e-12       0.000000000000e+00 
  148       5.810331533871e-10       1.482511248168e-13      -6.198842153002e-12       0.000000000000e+00 
  149       5.855097163385e-10       1.476920662726e-13      -6.209819163353e-12       0.000000000000e+00 
  150       5.899628559907e-10       1.470722877278e-13      -6.217629608075e-12       0.000000000000e+00 
  151       5.943909616960e-10       1.463929235744e-13      -6.222228333601e-12       0.000000000000e+00 
  152       5.987923624489e-10       1.456552132929e-13      -6.223571650044e-12       0.000000000000e+00 
  153       6.031654485965e-10       1.448604872665e-13      -6.221617615298e-12       0.000000000000e+00 
  154       6.075090520543e-10       1.440101190035e-13      -6.216326833832e-12       0.000000000000e+00 
  155       6.118220994574e-10       1.431055718388e-13      -6.207661807860e-12       0.000000000000e+00 
  156       6.161034920177e-10       1.421484161757e-13      -6.195586739897e-12       0.000000000000e+00 
  157       6.203521050304e-10       1.411403311800e-13      -6.180067573543e-12       0.000000000000e+00 
  158       6.245667873804e-10       1.400831064735e-13      -6.161072034263e-12       0.000000000000e+00 
  159       6.287463610489e-10       1.389786438286e-13      -6.138569670175e-12       0.000000000000e+00 
  160       6.328896206201e-10       1.378289588620e-13      -6.112531892827e-12       0.000000000000e+00 
  161       6.369953327877e-10       1.366361827286e-13      -6.082932017988e-12       0.000000000000e+00 
  162       6.410622358615e-10       1.354025638155e-13      -6.049745306423e-12       0.000000000000e+00 
  163       6.450890392739e-10       1.341304694362e-13      -6.012949004681e-12       0.000000000000e+00 
  164       6.490744230864e-10       1.328223875243e-13      -5.972522385879e-12       0.000000000000e+00 
  165       6.530170374965e-10       1.314809283276e-13      -5.928446790481e-12       0.000000000000e+00 
  166       6.569155023438e-10       1.301088261020e-13      -5.880705667085e-12       0.000000000000e+00 
  167       6.607684066168e-10       1.287089408058e-13      -5.829284613205e-12       0.000000000000e+00 
  168       6.645743079598e-10       1.272842597931e-13      -5.774171416053e-12       0.000000000000e+00 
  169       6.683317321788e-10       1.258378995082e-13      -5.715356093324e-12       0.000000000000e+00 
  170       6.720391727486e-10       1.243731071797e-13      -5.652830933979e-12       0.000000000000e+00 
  171       6.756951887888e-10       1.228931645146e-13      -5.586589807427e-12       0.000000000000e+00 
  172       6.792987091938e-10       1.214010862250e-13      -5.516625941066e-12       0.000000000000e+00 
  173       6.828487530340e-10       1.198998994934e-13      -5.442934034717e-12       0.000000000000e+00 
  174       6.863443332778e-10       1.183927409941e-13      -5.365511013062e-12       0.000000000000e+00 
  175       6.897844566999e-10       1.168828581870e-13      -5.284356063437e-12       0.000000000000e+00 
  176       6.931681237898e-10       1.153736106120e-13      -5.199470673635e-12       0.000000000000e+00 
  177       6.964943286597e-10       1.138684711830e-13      -5.110858669703e-12       0.000000000000e+00 
  178       6.997620589533e-10       1.123710274821e-13      -5.018526253737e-12       0.000000000000e+00 
  179       7.029702957537e-10       1.108849830538e-13      -4.922482041686e-12       0.000000000000e+00 
  180       7.061180134921e-10       1.094141586989e-13      -4.822737101145e-12       0.000000000000e+00 
  181       7.092041798557e-10       1.079624937690e-13      -4.719304989157e-12       0.000000000000e+00 
  182       7.122277556967e-10       1.065340474604e-13      -4.612201790009e-12       0.000000000000e+00 
  183       7.151876949396e-10       1.051330001083e-13      -4.501446153031e-12       0.000000000000e+00 
  184       7.180829444906e-10       1.037636544809e-13      -4.387059330396e-12       0.000000000000e+00 
  185       7.209124441452e-10       1.024304370737e-13      -4.269065214914e-12       0.000000000000e+00 
  186       7.236751264967e-10       1.011378994035e-13      -4.147490377837e-12       0.000000000000e+00 
  187       7.263699168448e-10       9.989071930258e-14      -4.022364106649e-12       0.000000000000e+00 
  188       7.289957331034e-10       9.869370221271e-14      -3.893718442871e-12       0.000000000000e+00 
  189       7.315514857094e-10       9.755178247959e-14      -3.761588219858e-12       0.000000000000e+00 
  190       7.340360775309e-10       9.647002464675e-14      -3.626011100595e-12       0.000000000000e+00 
  191       7.364484777161e-10       9.545341515017e-14      -3.487025414170e-12       0.000000000000e+00 
  192       7.387879496178e-10       9.450621725540e-14      -3.344663405199e-12       0.000000000000e+00 
  193       7.410538398283e-10       9.363257011536e-14      -3.198957549645e-12       0.000000000000e+00 
  194       7.432455059248e-10       9.283669462298e-14      -3.049942740997e-12       0.000000000000e+00 
  195       7.453623166199e-10       9.212289401946e-14      -2.897656320869e-12       0.000000000000e+00 
  196       7.474036519120e-10       9.149555450261e-14      -2.742138109589e-12       0.000000000000e+00 
  197       7.493689032354e-10       9.095914583510e-14      -2.583430436801e-12       0.000000000000e+00 
  198       7.512574736106e-10       9.051822195271e-14      -2.421578172054e-12       0.000000000000e+00 
  199       7.530687777946e-10       9.017742157268e-14      -2.256628755400e-12       0.000000000000e+00 
  200       7.548022424312e-10       8.994146880191e-14      -2.088632227990e-12       0.000000000000e+00 
  201       7.564573062011e-10       8.981517374531e-14      -1.917641262664e-12       0.000000000000e+00 
  202       7.580334199726e-10       8.980343311403e-14      -1.743711194553e-12       0.000000000000e+00 
  203       7.595300469514e-10       8.991123083378e-14      -1.566900051669e-12       0.000000000000e+00 
  204       7.609466628311e-10       9.014363865307e-14      -1.387268585500e-12       0.000000000000e+00 
  205       7.622827559435e-10       9.050581675153e-14      -1.204880301610e-12       0.000000000000e+00 
  206       7.635378274087e-10       9.100301434816e-14      -1.019801490227e-12       0.000000000000e+00 
  207       7.647113912857e-10       9.164057030963e-14      -8.321012568443e-13       0.000000000000e+00 
  208       7.658029747222e-10       9.242391375854e-14      -6.418515528104e-13       0.000000000000e+00 
  209       7.668121181053e-10       9.335856468172e-14      -4.491272059278e-13       0.000000000000e+00 
  210       7.677383752117e-10       9.445013453851e-14      -2.540059510462e-13       0.000000000000e+00 
  211       7.685813133578e-10       9.570432686901e-14      -5.656846065789e-14       0.000000000000e+00 
  212       7.693405135499e-10       9.712693790241e-14       1.431016245073e-13       0.000000000000e+00 
  213       7.700156086712e-10       9.872352555529e-14       3.449219692920e-13       0.000000000000e+00 
  214       7.706064005969e-10       1.004983903004e-13       5.488247500668e-13       0.000000000000e+00 
  215       7.711127512819e-10       1.024555266199e-13       7.547442818571e-13       0.000000000000e+00 
  216       7.715345456837e-10       1.045989481670e-13       9.626127749420e-13       0.000000000000e+00 
  217       7.718716920134e-10       1.069326875013e-13       1.172360315591e-12       0.000000000000e+00 
  218       7.721241219855e-10       1.094607958238e-13       1.383914846801e-12       0.000000000000e+00 
  219       7.722917910687e-10       1.121873427123e-13       1.597202149034e-12       0.000000000000e+00 
  220       7.723746787365e-10       1.151164158566e-13       1.812145820952e-12       0.000000000000e+00 
  221       7.723727887168e-10       1.182521207941e-13       2.028667260155e-12       0.000000000000e+00 
  222       7.722861492434e-10       1.215985806447e-13       2.246685643918e-12       0.000000000000e+00 
  223       7.721148133054e-10       1.251599358463e-13       2.466117909928e-12       0.000000000000e+00 
  224       7.718588588983e-10       1.289403438899e-13       2.686878737020e-12       0.000000000000e+00 
  225       7.715183892740e-10       1.329439790550e-13       2.908880525915e-12       0.000000000000e+00 
  226       7.710935331917e-10       1.371750321450e-13       3.132033379955e-12       0.000000000000e+00 
  227       7.705844451676e-10       1.416377102220e-13       3.356245085842e-12       0.000000000000e+00 
  228       7.699913057258e-10       1.463362363429e-13       3.581421094373e-12       0.000000000000e+00 
  229       7.693143216488e-10       1.512748492938e-13       3.807464501179e-12       0.000000000000e+00 
  230       7.685537262276e-10       1.564578033258e-13       4.034276027459e-12       0.000000000000e+00 
  231       7.677097795120e-10       1.618893678901e-13       4.261754000718e-12       0.000000000000e+00 
  232       7.667827685616e-10       1.675738273735e-13       4.489794335507e-12       0.000000000000e+00 
  233       7.657730076956e-10       1.735154808332e-13       4.718290514154e-12       0.000000000000e+00 
  234       7.646808387436e-10       1.797186417326e-13       4.947133567505e-12       0.000000000000e+00 
  235       7.635066312956e-10       1.861876376764e-13       5.176212055661e-12       0.000000000000e+00 
  236       7.622507829530e-10       1.929268101457e-13       5.405412048711e-12       0.000000000000e+00 
  237       7.609137195784e-10       1.999405142334e-13       5.634617107473e-12       0.000000000000e+00 
  238       7.594958912282e-10       2.072327237956e-13       5.863714911998e-12       0.000000000000e+00 
  239       7.579977591571e-10       2.148058209081e-13       6.092617632521e-12       0.000000000000e+00 
  240       7.564198085118e-10       2.226617325575e-13       6.321242755291e-12       0.000000000000e+00 
  241       7.547625528186e-10       2.308023175380e-13       6.549506540594e-12       0.000000000000e+00 
  242       7.530265342243e-10       2.392293653540e-13       6.777324017514e-12       0.000000000000e+00 
  243       7.512123237378e-10       2.479445951236e-13       7.004608978689e-12       0.000000000000e+00 
  244       7.493205214714e-10       2.569496544805e-13       7.231273975080e-12       0.000000000000e+00 
  245       7.473517568819e-10       2.662461184778e-13       7.457230310723e-12       0.000000000000e+00 
  246       7.453066890122e-10       2.758354884901e-13       7.682388037500e-12       0.000000000000e+00 
  247       7.431860067323e-10       2.857191911170e-13       7.906655949893e-12       0.000000000000e+00 
  248       7.409904289808e-10       2.958985770852e-13       8.129941579747e-12       0.000000000000e+00 
  249       7.387207050059e-10       3.063749201523e-13       8.352151191032e-12       0.000000000000e+00 
  250       7.363776146073e-10       3.171494160086e-13       8.573189774605e-12       0.000000000000e+00 
  251       7.339619683768e-10       3.282231811809e-13       8.792961042969e-12       0.000000000000e+00 
  252       7.314746079401e-10       3.395972519346e-13       9.011367425035e-12       0.000000000000e+00 
  253       7.289164061979e-10       3.512725831772e-13       9.228310060885e-12       0.000000000000e+00 
  254       7.262882675671e-10       3.632500473606e-13       9.443688796528e-12       0.000000000000e+00 
  255       7.235911282224e-10       3.755304333842e-13       9.657402178669e-12       0.000000000000e+00 
  256       7.208259563372e-10       3.881144454979e-13       9.869347449464e-12       0.000000000000e+00 
  257       7.179937523254e-10       4.010027022047e-13       1.007942054128e-11       0.000000000000e+00 
  258       7.150955490821e-10       4.141957351635e-13       1.028751607147e-11       0.000000000000e+00 
  259       7.121324122255e-10       4.276939880923e-13       1.049352733711e-11       0.000000000000e+00 
  260       7.091054403378e-10       4.414978156708e-13       1.069734630977e-11       0.000000000000e+00 
  261       7.060157652065e-10       4.556074824432e-13       1.089886363031e-11       0.000000000000e+00 
  262       7.028645520659e-10       4.700231617211e-13       1.109796860357e-11       0.000000000000e+00 
  263       6.996529998384e-10       4.847449344867e-13       1.129454919320e-11       0.000000000000e+00 
  264       6.963823413757e-10       4.997727882950e-13       1.148849201637e-11       0.000000000000e+00 
  265       6.930538436999e-10       5.151066161772e-13       1.167968233857e-11       0.000000000000e+00 
  266       6.896687491537e-10       5.307459552517e-13       1.186801202872e-11       0.000000000000e+00 
  267       6.862280948124e-10       5.466891890961e-13       1.205340391382e-11       0.000000000000e+00 
  268       6.827328837346e-10       5.629342999269e-13       1.223578873663e-11       0.000000000000e+00 
  269       6.791841433120e-10       5.794791234629e-13       1.241509732255e-11       0.000000000000e+00 
  270       6.755829254106e-10       5.963213473874e-13       1.259126058781e-11       0.000000000000e+00 
  271       6.719303065121e-10       6.134585098117e-13       1.276420954771e-11       0.000000000000e+00 
  272       6.682273878556e-10       6.308879977383e-13       1.293387532482e-11       0.000000000000e+00 
  273       6.644752955789e-10       6.486070455233e-13       1.310018915718e-11       0.000000000000e+00 
  274       6.606751808599e-10       6.666127333404e-13       1.326308240653e-11       0.000000000000e+00 
  275       6.568282200582e-10       6.849019856429e-13       1.342248656649e-11       0.000000000000e+00 
  276       6.529356148565e-10       7.034715696278e-13       1.357833327083e-11       0.000000000000e+00 
  277       6.489985924019e-10       7.223180936979e-13       1.373055430160e-11       0.000000000000e+00 
  278       6.450184054476e-10       7.414380059258e-13       1.387908159743e-11       0.000000000000e+00 
  279       6.409963324945e-10       7.608275925161e-13       1.402384726165e-11       0.000000000000e+00 
  280       6.369336779319e-10       7.804829762690e-13       1.416478357059e-11       0.000000000000e+00 
  281       6.328317721800e-10       8.004001150433e-13       1.430182298171e-11       0.000000000000e+00 
  282       6.286919718305e-10       8.205748002190e-13       1.443489814187e-11       0.000000000000e+00 
  283       6.245156597885e-10       8.410026551611e-13       1.456394189554e-11       0.000000000000e+00 
  284       6.203042454138e-10       8.616791336821e-13       1.468888729294e-11       0.000000000000e+00 
  285       6.160591646626e-10       8.825995185052e-13       1.480966759835e-11       0.000000000000e+00 
  286       6.117818802284e-10       9.037589197274e-13       1.492621629825e-11       0.000000000000e+00 
  287       6.074738816842e-10       9.251522732827e-13       1.503846710956e-11       0.000000000000e+00 
  288       6.031366856232e-10       9.467743394048e-13       1.514635398785e-11       0.000000000000e+00 
  289       5.987718358010e-10       9.686197010904e-13       1.524981113555e-11       0.000000000000e+00 
  290       5.943809032765e-10       9.906827625624e-13       1.534877301015e-11       0.000000000000e+00 
  291       5.899654865534e-10       1.012957747733e-12       1.544317433242e-11       0.000000000000e+00 
  292       5.855272117221e-10       1.035438698665e-12       1.553295009462e-11       0.000000000000e+00 
  293       5.810677326007e-10       1.058119474039e-12       1.561803556873e-11       0.000000000000e+00 
  294       5.765887308766e-10       1.080993747611e-12       1.569836631463e-11       0.000000000000e+00 
  295       5.720919162480e-10       1.104055006681e-12       1.577387818830e-11       0.000000000000e+00 
  296       5.675790265654e-10       1.127296550552e-12       1.584450735010e-11       0.000000000000e+00 
  297       5.630517221589e-10       1.150711666936e-12       1.591019679838e-11       0.000000000000e+00 
  298       5.585112628366e-10       1.174294173826e-12       1.597091630569e-11       0.000000000000e+00 
  299       5.539588154286e-10       1.198037901024e-12       1.602664346972e-11       0.000000000000e+00 
  300       5.493955581810e-10       1.221936513280e-12       1.607735729237e-11       0.000000000000e+00 
  301       5.448226807537e-10       1.245983509005e-12       1.612303819677e-11       0.000000000000e+00 
  302       5.402413842185e-10       1.270172218968e-12       1.616366804436e-11       0.000000000000e+00 
  303       5.356528810572e-10       1.294495805006e-12       1.619923015196e-11       0.000000000000e+00 
  304       5.310583951593e-10       1.318947258725e-12       1.622970930879e-11       0.000000000000e+00 
  305       5.264591618205e-10       1.343519400203e-12       1.625509179357e-11       0.000000000000e+00 
  306       5.218564277401e-10       1.368204876700e-12       1.627536539153e-11       0.000000000000e+00 
  307       5.172514510194e-10       1.392996161358e-12       1.629051941154e-11       0.000000000000e+00 
  308       5.126455011594e-10       1.417885551904e-12       1.630054470309e-11       0.000000000000e+00 
  309       5.080398590592e-10       1.442865169358e-12       1.630543367342e-11       0.000000000000e+00 
  310       5.034358170135e-10       1.467926956736e-12       1.630518030452e-11       0.000000000000e+00 
  311       4.988346787110e-10       1.493062677754e-12       1.629978017021e-11       0.000000000000e+00 
  312       4.942377592320e-10       1.518263915532e-12       1.628923045323e-11       0.000000000000e+00 
  313       4.896463850468e-10       1.543522071298e-12       1.627352996224e-11       0.000000000000e+00 
  314       4.850618940135e-10       1.568828363095e-12       1.625267914892e-11       0.000000000000e+00 
  315       4.804856353758e-10       1.594173824482e-12       1.622668012503e-11       0.000000000000e+00 
  316       4.759189697614e-10       1.619549303240e-12       1.619553667945e-11       0.000000000000e+00 
  317       4.713632691795e-10       1.644945460076e-12       1.615925429522e-11       0.000000000000e+00 
  318       4.668199170193e-10       1.670352767327e-12       1.611784016667e-11       0.000000000000e+00 
  319       4.622903080476e-10       1.695761507665e-12       1.607130321639e-11       0.000000000000e+00 
  320       4.577758484070e-10       1.721161772801e-12       1.601965411235e-11       0.000000000000e+00 
  321       4.532779556139e-10       1.746543462189e-12       1.596290528494e-11       0.000000000000e+00 
  322       4.487980585561e-10       1.771896281731e-12       1.590107094403e-11       0.000000000000e+00 
  323       4.443375974915e-10       1.797209742481e-12       1.583416709602e-11       0.000000000000e+00 
  324       4.398980240455e-10       1.822473159348e-12       1.576221156091e-11       0.000000000000e+00 
  325       4.354808012091e-10       1.847675649803e-12       1.568522398935e-11       0.000000000000e+00 
  326       4.310874033371e-10       1.872806132582e-12       1.560322587971e-11       0.000000000000e+00 
  327       4.267193161460e-10       1.897853326388e-12       1.551624059513e-11       0.000000000000e+00 
  328       4.223780367118e-10       1.922805748600e-12       1.542429338057e-11       0.000000000000e+00 
  329       4.180650734684e-10       1.947651713973e-12       1.532741137988e-11       0.000000000000e+00 
  330       4.137819462049e-10       1.972379333346e-12       1.522562365288e-11       0.000000000000e+00 
  331       4.095301860645e-10       1.996976512344e-12       1.511896119237e-11       0.000000000000e+00 
  332       4.053112173672e-10       2.021431832135e-12       1.500745736311e-11       0.000000000000e+00 
  333       4.011259973889e-10       2.045737236815e-12       1.489114920488e-11       0.000000000000e+00 
  334       3.969753608594e-10       2.069885460761e-12       1.477007621965e-11       0.000000000000e+00 
  335       3.928601365888e-10       2.093869156822e-12       1.464427997226e-11       0.000000000000e+00 
  336       3.887811473375e-10       2.117680895978e-12       1.451380410794e-11       0.000000000000e+00 
  337       3.847392096859e-10       2.141313167002e-12       1.437869436985e-11       0.000000000000e+00 
  338       3.807351339040e-10       2.164758376123e-12       1.423899861656e-11       0.000000000000e+00 
  339       3.767697238214e-10       2.188008846688e-12       1.409476683960e-11       0.000000000000e+00 
  340       3.728437766966e-10       2.211056818820e-12       1.394605118093e-11       0.000000000000e+00 
  341       3.689580830869e-10       2.233894449086e-12       1.379290595052e-11       0.000000000000e+00 
  342       3.651134267186e-10       2.256513810152e-12       1.363538764383e-11       0.000000000000e+00 
  343       3.613105843557e-10       2.278906890449e-12       1.347355495931e-11       0.000000000000e+00 
  344       3.575503256706e-10       2.301065593834e-12       1.330746881595e-11       0.000000000000e+00 
  345       3.538334131134e-10       2.322981739252e-12       1.313719237078e-11       0.000000000000e+00 
  346       3.501606017814e-10       2.344647060396e-12       1.296279103640e-11       0.000000000000e+00 
  347       3.465326392894e-10       2.366053205369e-12       1.278433249848e-11       0.000000000000e+00 
  348       3.429502656389e-10       2.387191736348e-12       1.260188673327e-11       0.000000000000e+00 
  349       3.394142130879e-10       2.408054129244e-12       1.241552602514e-11       0.000000000000e+00 
  350       3.359252060210e-10       2.428631773364e-12       1.222532498411e-11       0.000000000000e+00 
  351       3.324839608188e-10       2.448915971071e-12       1.203136056329e-11       0.000000000000e+00 
  352       3.290911857274e-10       2.468897937449e-12       1.183371207651e-11       0.000000000000e+00 
  353       3.257475807287e-10       2.488568799964e-12       1.163246121572e-11       0.000000000000e+00 
  354       3.224538374096e-10       2.507919598123e-12       1.142769206860e-11       0.000000000000e+00 
  355       3.192106388322e-10       2.526941283137e-12       1.121949113603e-11       0.000000000000e+00 
  356       3.160186594030e-10       2.545624717586e-12       1.100794734961e-11       0.000000000000e+00 
  357       3.128785647429e-10       2.563960675076e-12       1.079315208919e-11       0.000000000000e+00 
  358       3.097910115571e-10       2.581939839903e-12       1.057519920036e-11       0.000000000000e+00 
  359       3.067566475043e-10       2.599552806714e-12       1.035418501201e-11       0.000000000000e+00 
  360       3.037761110671e-10       2.616790080171e-12       1.013020835382e-11       0.000000000000e+00 
  361       3.008500314210e-10       2.633642074608e-12       9.903370573750e-12       0.000000000000e+00 
  362       2.979790283048e-10       2.650099113699e-12       9.673775555620e-12       0.000000000000e+00 
  363       2.951637118897e-10       2.666151430113e-12       9.441529736572e-12       0.000000000000e+00 
  364       2.924046826496e-10       2.681789165182e-12       9.206742124611e-12       0.000000000000e+00 
  365       2.897025312303e-10       2.697002368557e-12       8.969524316117e-12       0.000000000000e+00 
  366       2.870578383196e-10       2.711780997874e-12       8.729990513361e-12       0.000000000000e+00 
  367       2.844711745168e-10       2.726114918415e-12       8.488257542023e-12       0.000000000000e+00 
  368       2.819431002027e-10       2.739993902767e-12       8.244444868705e-12       0.000000000000e+00 
  369       2.794741654088e-10       2.753407630487e-12       7.998674618453e-12       0.000000000000e+00 
  370       2.770649096875e-10       2.766345687761e-12       7.751071592269e-12       0.000000000000e+00 
  371       2.747158019126e-10       2.778798870106e-12       7.501754199297e-12       0.000000000000e+00 
  372       2.724270573504e-10       2.790763147331e-12       7.250806826526e-12       0.000000000000e+00 
  373       2.701988131803e-10       2.802235852946e-12       6.998306423061e-12       0.000000000000e+00 
  374       2.680311877364e-10       2.813214395912e-12       6.744331497509e-12       0.000000000000e+00 
  375       2.659242803253e-10       2.823696261432e-12       6.488962127599e-12       0.000000000000e+00 
  376       2.638781710429e-10       2.833679011753e-12       6.232279969798e-12       0.000000000000e+00 
  377       2.618929205928e-10       2.843160286954e-12       5.974368268926e-12       0.000000000000e+00 
  378       2.599685701028e-10       2.852137805742e-12       5.715311867777e-12       0.000000000000e+00 
  379       2.581051409434e-10       2.860609366251e-12       5.455197216731e-12       0.000000000000e+00 
  380       2.563026345443e-10       2.868572846831e-12       5.194112383375e-12       0.000000000000e+00 
  381       2.545610322129e-10       2.876026206846e-12       4.932147062119e-12       0.000000000000e+00 
  382       2.528802949508e-10       2.882967487467e-12       4.669392583812e-12       0.000000000000e+00 
  383       2.512603632720e-10       2.889394812470e-12       4.405941925358e-12       0.000000000000e+00 
  384       2.497011570202e-10       2.895306389027e-12       4.141889719338e-12       0.000000000000e+00 
  385       2.482025751861e-10       2.900700508500e-12       3.877332263620e-12       0.000000000000e+00 
  386       2.467644957250e-10       2.905575547241e-12       3.612367530980e-12       0.000000000000e+00 
  387       2.453867753747e-10       2.909929967381e-12       3.347095178720e-12       0.000000000000e+00 
  388       2.440692494721e-10       2.913762317629e-12       3.081616558283e-12       0.000000000000e+00 
  389       2.428117317715e-10       2.917071234063e-12       2.816034724868e-12       0.000000000000e+00 
  390       2.416140142618e-10       2.919855440927e-12       2.550454447051e-12       0.000000000000e+00 
  391       2.404758669840e-10       2.922113751427e-12       2.284982216401e-12       0.000000000000e+00 
  392       2.393970378486e-10       2.923845068521e-12       2.019726257094e-12       0.000000000000e+00 
  393       2.383772524531e-10       2.925048385718e-12       1.754796535535e-12       0.000000000000e+00 
  394       2.374162138997e-10       2.925722787872e-12       1.490304769969e-12       0.000000000000e+00 
  395       2.365136026127e-10       2.925867451975e-12       1.226364440103e-12       0.000000000000e+00 
  396       2.356690761559e-10       2.925481647952e-12       9.630907967209e-13       0.000000000000e+00 
  397       2.348822690500e-10       2.924564739459e-12       7.006008713002e-13       0.000000000000e+00 
  398       2.341527925904e-10       2.923116184671e-12       4.390134856295e-13       0.000000000000e+00 
  399       2.334802346644e-10       2.921135537086e-12       1.784492614254e-13       0.000000000000e+00 
  400       2.328641595688e-10       2.918622446309e-12      -8.096937005061e-14       0.000000000000e+00 
  401       2.323041078277e-10       2.915576658856e-12      -3.391181583751e-13       0.000000000000e+00 
  402       2.317995960093e-10       2.911998018944e-12      -5.958710243459e-13       0.000000000000e+00 
  403       2.313501165439e-10       2.907886469285e-12      -8.511000503649e-13       0.000000000000e+00 
  404       2.309551375414e-10       2.903242051884e-12      -1.104675470821e-12       0.000000000000e+00 
  405       2.306141026086e-10       2.898064908832e-12      -1.356465662474e-12       0.000000000000e+00 
  406       2.303264306667e-10       2.892355283100e-12      -1.606337134837e-12       0.000000000000e+00 
  407       2.300915157688e-10       2.886113519334e-12      -1.854154520558e-12       0.000000000000e+00 
  408       2.299087269177e-10       2.879340064650e-12      -2.099780565805e-12       0.000000000000e+00 
  409       2.297774078828e-10       2.872035469430e-12      -2.343076120650e-12       0.000000000000e+00 
  410       2.296968770182e-10       2.864200388114e-12      -2.583900129448e-12       0.000000000000e+00 
  411       2.296664730271e-10       2.855836288585e-12      -2.822124387532e-12       0.000000000000e+00 
  412       2.296856944098e-10       2.846947606314e-12      -3.057678405362e-12       0.000000000000e+00 
  413       2.297540645847e-10       2.837539667884e-12      -3.290506110671e-12       0.000000000000e+00 
  414       2.298710862360e-10       2.827617990578e-12      -3.520551226190e-12       0.000000000000e+00 
  415       2.300362411642e-10       2.817188283670e-12      -3.747757270501e-12       0.000000000000e+00 
  416       2.302489901361e-10       2.806256449724e-12      -3.972067558879e-12       0.000000000000e+00 
  417       2.305087727343e-10       2.794828585891e-12      -4.193425204140e-12       0.000000000000e+00 
  418       2.308150072082e-10       2.782910985206e-12      -4.411773117491e-12       0.000000000000e+00 
  419       2.311670903231e-10       2.770510137884e-12      -4.627054009377e-12       0.000000000000e+00 
  420       2.315643972110e-10       2.757632732615e-12      -4.839210390327e-12       0.000000000000e+00 
  421       2.320062812202e-10       2.744285657866e-12      -5.048184571801e-12       0.000000000000e+00 
  422       2.324920737656e-10       2.730476003174e-12      -5.253918667039e-12       0.000000000000e+00 
  423       2.330210841785e-10       2.716211060442e-12      -5.456354591909e-12       0.000000000000e+00 
  424       2.335925995569e-10       2.701498325241e-12      -5.655434065751e-12       0.000000000000e+00 
  425       2.342058846155e-10       2.686345498101e-12      -5.851098612228e-12       0.000000000000e+00 
  426       2.348601815356e-10       2.670760485810e-12      -6.043289560174e-12       0.000000000000e+00 
  427       2.355547098152e-10       2.654751402712e-12      -6.231948044436e-12       0.000000000000e+00 
  428       2.362886661194e-10       2.638326572003e-12      -6.417015006727e-12       0.000000000000e+00 
  429       2.370612241299e-10       2.621494527028e-12      -6.598431196471e-12       0.000000000000e+00 
  430       2.378715343953e-10       2.604264012577e-12      -6.776137171652e-12       0.000000000000e+00 
  431       2.387187241813e-10       2.586643986184e-12      -6.950073299659e-12       0.000000000000e+00 
  432       2.396018973207e-10       2.568643619420e-12      -7.120179758134e-12       0.000000000000e+00 
  433       2.405201340632e-10       2.550272299193e-12      -7.286396535821e-12       0.000000000000e+00 
  434       2.414724909255e-10       2.531539629047e-12      -7.448663433415e-12       0.000000000000e+00 
  435       2.424580005419e-10       2.512455430451e-12      -7.606920064402e-12       0.000000000000e+00 
  436       2.434756715136e-10       2.493029744105e-12      -7.761105855915e-12       0.000000000000e+00 
  437       2.445244882591e-10       2.473272831230e-12      -7.911160049578e-12       0.000000000000e+00 
  438       2.456034108643e-10       2.453195174869e-12      -8.057021702351e-12       0.000000000000e+00 
  439       2.467113749326e-10       2.432807481182e-12      -8.198629687381e-12       0.000000000000e+00 
  440       2.478472914346e-10       2.412120680743e-12      -8.335922694849e-12       0.000000000000e+00 
  441       2.490100465586e-10       2.391145929837e-12      -8.468839232815e-12       0.000000000000e+00 
  442       2.501985015604e-10       2.369894611756e-12      -8.597317628067e-12       0.000000000000e+00 
  443       2.514114926132e-10       2.348378338099e-12      -8.721296026970e-12       0.000000000000e+00 
  444       2.526478306581e-10       2.326608950064e-12      -8.840712396311e-12       0.000000000000e+00 
  445       2.539063012538e-10       2.304598519750e-12      -8.955504524146e-12       0.000000000000e+00 
  446       2.551856644268e-10       2.282359351449e-12      -9.065610020650e-12       0.000000000000e+00 
  447       2.564846545213e-10       2.259903982947e-12      -9.170966318965e-12       0.000000000000e+00 
  448       2.578019800494e-10       2.237245186817e-12      -9.271510676041e-12       0.000000000000e+00 
  449       2.591363235413e-10       2.214395971721e-12      -9.367180173491e-12       0.000000000000e+00 
  450       2.604863413948e-10       2.191369583699e-12      -9.457911718436e-12       0.000000000000e+00 
  451       2.618507935711e-10       2.168178930742e-12      -9.543653752306e-12       0.000000000000e+00 
  452       2.632289375863e-10       2.144834833419e-12      -9.624401790913e-12       0.000000000000e+00 
  453       2.646201469222e-10       2.121347720422e-12      -9.700164031418e-12       0.000000000000e+00 
  454       2.660237822550e-10       2.097728201153e-12      -9.770949755604e-12       0.000000000000e+00 
  455       2.674391913819e-10       2.073987066687e-12      -9.836769337623e-12       0.000000000000e+00 
  456       2.688657091481e-10       2.050135290726e-12      -9.897634251727e-12       0.000000000000e+00 
  457       2.703026573724e-10       2.026184030555e-12      -9.953557080014e-12       0.000000000000e+00 
  458       2.717493447745e-10       2.002144628004e-12      -1.000455152017e-11       0.000000000000e+00 
  459       2.732050669010e-10       1.978028610402e-12      -1.005063239319e-11       0.000000000000e+00 
  460       2.746691060522e-10       1.953847691533e-12      -1.009181565115e-11       0.000000000000e+00 
  461       2.761407312082e-10       1.929613772599e-12      -1.012811838491e-11       0.000000000000e+00 
  462       2.776191979557e-10       1.905338943171e-12      -1.015955883188e-11       0.000000000000e+00 
  463       2.791037484146e-10       1.881035482150e-12      -1.018615638376e-11       0.000000000000e+00 
  464       2.805936111640e-10       1.856715858724e-12      -1.020793159424e-11       0.000000000000e+00 
  465       2.820880011691e-10       1.832392733323e-12      -1.022490618681e-11       0.000000000000e+00 
  466       2.835861197077e-10       1.808078958581e-12      -1.023710306243e-11       0.000000000000e+00 
  467       2.850871542962e-10       1.783787580287e-12      -1.024454630730e-11       0.000000000000e+00 
  468       2.865902786168e-10       1.759531838349e-12      -1.024726120062e-11       0.000000000000e+00 
  469       2.880946524435e-10       1.735325167747e-12      -1.024527422228e-11       0.000000000000e+00 
  470       2.895994215686e-10       1.711181199492e-12      -1.023861306064e-11       0.000000000000e+00 
  471       2.911037177295e-10       1.687113761580e-12      -1.022730662026e-11       0.000000000000e+00 
  472       2.926066585349e-10       1.663136879957e-12      -1.021138502963e-11       0.000000000000e+00 
  473       2.941073473913e-10       1.639264779469e-12      -1.019087964891e-11       0.000000000000e+00 
  474       2.956048734296e-10       1.615511884821e-12      -1.016582307768e-11       0.000000000000e+00 
  475       2.970983114316e-10       1.591892821537e-12      -1.013624916269e-11       0.000000000000e+00 
  476       2.985867217565e-10       1.568422416916e-12      -1.010219300556e-11       0.000000000000e+00 
  477       3.000691502672e-10       1.545115700987e-12      -1.006369097054e-11       0.000000000000e+00 
  478       3.015446282569e-10       1.521987907469e-12      -1.002078069229e-11       0.000000000000e+00 
  479       3.030121723756e-10       1.499054474730e-12      -9.973501083528e-12       0.000000000000e+00 
  480       3.044707845568e-10       1.476331046740e-12      -9.921892342869e-12       0.000000000000e+00 
  481       3.059194519436e-10       1.453833474029e-12      -9.865995962497e-12       0.000000000000e+00 
  482       3.073571468152e-10       1.431577814648e-12      -9.805854735931e-12       0.000000000000e+00 
  483       3.087828265139e-10       1.409580335125e-12      -9.741512765759e-12       0.000000000000e+00 
  484       3.101954333710e-10       1.387857511418e-12      -9.673015471380e-12       0.000000000000e+00 
  485       3.115938946336e-10       1.366426029878e-12      -9.600409596740e-12       0.000000000000e+00 
  486       3.129771223909e-10       1.345302788204e-12      -9.523743218075e-12       0.000000000000e+00 
  487       3.143440135010e-10       1.324504896401e-12      -9.443065751646e-12       0.000000000000e+00 
  488       3.156934495170e-10       1.304049677736e-12      -9.358427961484e-12       0.000000000000e+00 
  489       3.170242966138e-10       1.283954669696e-12      -9.269881967124e-12       0.000000000000e+00 
  490       3.183354055144e-10       1.264237624946e-12      -9.177481251350e-12       0.000000000000e+00 
  491       3.196257579277e-10       1.244914763686e-12      -9.081282094132e-12       0.000000000000e+00 
  492       3.208949107827e-10       1.225995471828e-12      -8.981347905460e-12       0.000000000000e+00 
  493       3.221425650095e-10       1.207487447649e-12      -8.877745036116e-12       0.000000000000e+00 
  494       3.233684202170e-10       1.189398436269e-12      -8.770541371503e-12       0.000000000000e+00 
  495       3.245721746922e-10       1.171736229750e-12      -8.659806340092e-12       0.000000000000e+00 
  496       3.257535253997e-10       1.154508667178e-12      -8.545610921874e-12       0.000000000000e+00 
  497       3.269121679805e-10       1.137723634751e-12      -8.428027656801e-12       0.000000000000e+00 
  498       3.280477967519e-10       1.121389065875e-12      -8.307130653241e-12       0.000000000000e+00 
  499       3.291601047060e-10       1.105512941246e-12      -8.182995596420e-12       0.000000000000e+00 
  500       3.302487835098e-10       1.090103288938e-12      -8.055699756873e-12       0.000000000000e+00 
  501       3.313135235039e-10       1.075168184499e-12      -7.925321998892e-12       0.000000000000e+00 
  502       3.323540137017e-10       1.060715751033e-12      -7.791942788975e-12       0.000000000000e+00 
  503       3.333699417892e-10       1.046754159291e-12      -7.655644204268e-12       0.000000000000e+00 
  504       3.343609941237e-10       1.033291627761e-12      -7.516509941022e-12       0.000000000000e+00 
  505       3.353268557335e-10       1.020336422753e-12      -7.374625323033e-12       0.000000000000e+00 
  506       3.362672103170e-10       1.007896858493e-12      -7.230077310094e-12       0.000000000000e+00 
  507       3.371817402417e-10       9.959812972064e-13      -7.082954506441e-12       0.000000000000e+00 
  508       3.380701265439e-10       9.845981492117e-13      -6.933347169205e-12       0.000000000000e+00 
  509       3.389320489279e-10       9.737558730055e-13      -6.781347216852e-12       0.000000000000e+00 
  510       3.397671857648e-10       9.634629753526e-13      -6.627048237640e-12       0.000000000000e+00 
  511       3.405752140924e-10       9.537280113750e-13      -6.470545498061e-12       0.000000000000e+00 
  512       3.413558096141e-10       9.445595846403e-13      -6.311935951290e-12       0.000000000000e+00 
  513       3.421086466982e-10       9.359663472503e-13      -6.151318245635e-12       0.000000000000e+00 
  514       3.428333983772e-10       9.279569999303e-13      -5.988792732981e-12       0.000000000000e+00 
  515       3.435297363472e-10       9.205402921171e-13      -5.824461477243e-12       0.000000000000e+00 
  516       3.441973309670e-10       9.137250220483e-13      -5.658428262810e-12       0.000000000000e+00 
  517       3.448358512572e-10       9.075200368508e-13      -5.490798602994e-12       0.000000000000e+00 
  518       3.454449649000e-10       9.019342326296e-13      -5.321679748479e-12       0.000000000000e+00 
  519       3.460243382380e-10       8.969765545566e-13      -5.151180695767e-12       0.000000000000e+00 
  520       3.465736362735e-10       8.926559969590e-13      -4.979412195628e-12       0.000000000000e+00 
  521       3.470925226680e-10       8.889816034086e-13      -4.806486761545e-12       0.000000000000e+00 
  522       3.475806597413e-10       8.859624668100e-13      -4.632518678167e-12       0.000000000000e+00 
  523       3.480377084708e-10       8.836077294899e-13      -4.457624009750e-12       0.000000000000e+00 
  524       3.484633284909e-10       8.819265832852e-13      -4.281920608612e-12       0.000000000000e+00 
  525       3.488571780919e-10       8.809282696322e-13      -4.105528123576e-12       0.000000000000e+00 
  526       3.492189142197e-10       8.806220796552e-13      -3.928568008418e-12       0.000000000000e+00 
  527       3.495481924748e-10       8.810173542552e-13      -3.751163530320e-12       0.000000000000e+00 
  528       3.498446671117e-10       8.821234841986e-13      -3.573439778310e-12       0.000000000000e+00 
  529       3.501079910379e-10       8.839499102062e-13      -3.395523671719e-12       0.000000000000e+00 
  530       3.503378158136e-10       8.865061230417e-13      -3.217543968620e-12       0.000000000000e+00 
  531       3.505338822324e-10       8.897998078970e-13      -3.039621449965e-12       0.000000000000e+00 
  532       3.506962947956e-10       8.938312214548e-13      -2.861839159048e-12       0.000000000000e+00 
  533       3.508252547594e-10       8.985986608808e-13      -2.684271362992e-12       0.000000000000e+00 
  534       3.509209702719e-10       9.041003048876e-13      -2.506993307540e-12       0.000000000000e+00 
  535       3.509836564104e-10       9.103342130354e-13      -2.330081221331e-12       0.000000000000e+00 
  536       3.510135352193e-10       9.172983250325e-13      -2.153612320174e-12       0.000000000000e+00 
  537       3.510108357477e-10       9.249904600355e-13      -1.977664811324e-12       0.000000000000e+00 
  538       3.509757940874e-10       9.334083159501e-13      -1.802317897756e-12       0.000000000000e+00 
  539       3.509086534106e-10       9.425494687313e-13      -1.627651782439e-12       0.000000000000e+00 
  540       3.508096640073e-10       9.524113716838e-13      -1.453747672611e-12       0.000000000000e+00 
  541       3.506790833236e-10       9.629913547628e-13      -1.280687784056e-12       0.000000000000e+00 
  542       3.505171759988e-10       9.742866238742e-13      -1.108555345373e-12       0.000000000000e+00 
  543       3.503242139037e-10       9.862942601748e-13      -9.374346022565e-13       0.000000000000e+00 
  544       3.501004761783e-10       9.990112193734e-13      -7.674108217680e-13       0.000000000000e+00 
  545       3.498462492689e-10       1.012434331031e-12      -5.985702966114e-13       0.000000000000e+00 
  546       3.495618269668e-10       1.026560297860e-12      -4.310003494077e-13       0.000000000000e+00 
  547       3.492475104453e-10       1.041385695027e-12      -2.647893369696e-13       0.000000000000e+00 
  548       3.489036082977e-10       1.056906969453e-12      -1.000266545761e-13       0.000000000000e+00 
  549       3.485304365753e-10       1.073120439110e-12       6.319725975297e-14       0.000000000000e+00 
  550       3.481283188246e-10       1.090022292327e-12       2.247909209820e-13       0.000000000000e+00 
  551       3.476975861256e-10       1.107608587086e-12       3.846617927852e-13       0.000000000000e+00 
  552       3.472385771291e-10       1.125875250326e-12       5.427162832721e-13       0.000000000000e+00 
  553       3.467516380946e-10       1.144818077240e-12       6.988597407122e-13       0.000000000000e+00 
  554       3.462371229284e-10       1.164432730578e-12       8.529964492615e-13       0.000000000000e+00 
  555       3.456953932206e-10       1.184714739948e-12       1.005029624687e-12       0.000000000000e+00 
  556       3.451268182836e-10       1.205659501111e-12       1.154861410091e-12       0.000000000000e+00 
  557       3.445317751894e-10       1.227262275291e-12       1.302392871640e-12       0.000000000000e+00 
  558       3.439106488073e-10       1.249518188465e-12       1.447523994286e-12       0.000000000000e+00 
  559       3.432638318420e-10       1.272422230672e-12       1.590153677495e-12       0.000000000000e+00 
  560       3.425917248711e-10       1.295969255308e-12       1.730179730969e-12       0.000000000000e+00 
  561       3.418947363829e-10       1.320153978429e-12       1.867498870374e-12       0.000000000000e+00 
  562       3.411732828140e-10       1.344970978050e-12       2.002006713068e-12       0.000000000000e+00 
  563       3.404277885874e-10       1.370414693447e-12       2.133597773817e-12       0.000000000000e+00 
  564       3.396586861499e-10       1.396479424458e-12       2.262165460532e-12       0.000000000000e+00 
  565       3.388664160099e-10       1.423159330779e-12       2.387602069985e-12       0.000000000000e+00 
  566       3.380514267753e-10       1.450448431271e-12       2.509798783540e-12       0.000000000000e+00 
  567       3.372141751912e-10       1.478340603254e-12       2.628645662877e-12       0.000000000000e+00 
  568       3.363551261775e-10       1.506829581813e-12       2.744031645714e-12       0.000000000000e+00 
  569       3.354747528668e-10       1.535908959094e-12       2.855844541538e-12       0.000000000000e+00 
  570       3.345735366420e-10       1.565572183608e-12       2.963971027327e-12       0.000000000000e+00 
  571       3.336519665071e-10       1.595811897019e-12       3.068311500632e-12       0.000000000000e+00 
  572       3.327105371043e-10       1.626617927355e-12       3.168825063689e-12       0.000000000000e+00 
  573       3.317497507207e-10       1.657979243237e-12       3.265485678091e-12       0.000000000000e+00 
  574       3.307701179882e-10       1.689884610817e-12       3.358267412421e-12       0.000000000000e+00 
  575       3.297721579213e-10       1.722322592839e-12       3.447144443435e-12       0.000000000000e+00 
  576       3.287563979545e-10       1.755281547690e-12       3.532091057247e-12       0.000000000000e+00 
  577       3.277233739795e-10       1.788749628461e-12       3.613081650513e-12       0.000000000000e+00 
  578       3.266736303832e-10       1.822714782003e-12       3.690090731617e-12       0.000000000000e+00 
  579       3.256077200846e-10       1.857164747985e-12       3.763092921850e-12       0.000000000000e+00 
  580       3.245262045730e-10       1.892087057948e-12       3.832062956600e-12       0.000000000000e+00 
  581       3.234296539449e-10       1.927469034368e-12       3.896975686532e-12       0.000000000000e+00 
  582       3.223186469417e-10       1.963297789704e-12       3.957806078774e-12       0.000000000000e+00 
  583       3.211937709874e-10       1.999560225465e-12       4.014529218101e-12       0.000000000000e+00 
  584       3.200556222259e-10       2.036243031260e-12       4.067120308118e-12       0.000000000000e+00 
  585       3.189048055584e-10       2.073332683858e-12       4.115554672444e-12       0.000000000000e+00 
  586       3.177419346811e-10       2.110815446243e-12       4.159807755897e-12       0.000000000000e+00 
  587       3.165676321226e-10       2.148677366675e-12       4.199855125679e-12       0.000000000000e+00 
  588       3.153825292816e-10       2.186904277742e-12       4.235672472558e-12       0.000000000000e+00 
  589       3.141872664639e-10       2.225481795421e-12       4.267235612053e-12       0.000000000000e+00 
  590       3.129824929206e-10       2.264395318133e-12       4.294520485619e-12       0.000000000000e+00 
  591       3.117688668849e-10       2.303630025801e-12       4.317503161829e-12       0.000000000000e+00 
  592       3.105470556101e-10       2.343170878906e-12       4.336159837558e-12       0.000000000000e+00 
  593       3.093177354069e-10       2.383002617545e-12       4.350466839172e-12       0.000000000000e+00 
  594       3.080815916810e-10       2.423109760489e-12       4.360400623705e-12       0.000000000000e+00 
  595       3.068393189702e-10       2.463476604237e-12       4.365937780048e-12       0.000000000000e+00 
  596       3.055916209827e-10       2.504087222074e-12       4.367055030131e-12       0.000000000000e+00 
  597       3.043392106337e-10       2.544925463132e-12       4.363729230107e-12       0.000000000000e+00 
  598       3.030828100835e-10       2.585974951441e-12       4.355937371538e-12       0.000000000000e+00 
  599       3.018231507750e-10       2.627219084991e-12       4.343656582578e-12       0.000000000000e+00 
  600       3.005609734706e-10       2.668641034786e-12       4.326864129154e-12       0.000000000000e+00 
  601       2.992970282905e-10       2.710223743902e-12       4.305537416157e-12       0.000000000000e+00 
  602       2.980320747497e-10       2.751949926543e-12       4.279653988617e-12       0.000000000000e+00 
  603       2.967668817954e-10       2.793802067102e-12       4.249191532898e-12       0.000000000000e+00 
  604       2.955022278451e-10       2.835762419212e-12       4.214127877870e-12       0.000000000000e+00 
  605       2.942389008234e-10       2.877813004808e-12       4.174440996104e-12       0.000000000000e+00 
  606       2.929776982000e-10       2.919935613182e-12       4.130109005048e-12       0.000000000000e+00 
  607       2.917194270269e-10       2.962111800041e-12       4.081110168217e-12       0.000000000000e+00 
  608       2.904649039762e-10       3.004322886560e-12       4.027422896373e-12       0.000000000000e+00 
  609       2.892149553771e-10       3.046549958447e-12       3.969025748710e-12       0.000000000000e+00 
  610       2.879704172539e-10       3.088773864993e-12       3.905897434039e-12       0.000000000000e+00 
  611       2.867320615175e-10       3.130976339607e-12       3.838027248444e-12       0.000000000000e+00 
  612       2.855003725309e-10       3.173143392673e-12       3.765446659178e-12       0.000000000000e+00 
  613       2.842757652901e-10       3.215261997730e-12       3.688198476204e-12       0.000000000000e+00 
  614       2.830586588015e-10       3.257318976739e-12       3.606326488413e-12       0.000000000000e+00 
  615       2.818494760957e-10       3.299300999496e-12       3.519875468159e-12       0.000000000000e+00 
  616       2.806486442414e-10       3.341194583054e-12       3.428891175790e-12       0.000000000000e+00 
  617       2.794565943590e-10       3.382986091133e-12       3.333420364180e-12       0.000000000000e+00 
  618       2.782737616347e-10       3.424661733546e-12       3.233510783269e-12       0.000000000000e+00 
  619       2.771005853338e-10       3.466207565606e-12       3.129211184587e-12       0.000000000000e+00 
  620       2.759375088152e-10       3.507609487553e-12       3.020571325796e-12       0.000000000000e+00 
  621       2.747849795445e-10       3.548853243962e-12       2.907641975216e-12       0.000000000000e+00 
  622       2.736434491084e-10       3.589924423166e-12       2.790474916363e-12       0.000000000000e+00 
  623       2.725133732280e-10       3.630808456669e-12       2.669122952482e-12       0.000000000000e+00 
  624       2.713952117729e-10       3.671490618567e-12       2.543639911076e-12       0.000000000000e+00 
  625       2.702894287750e-10       3.711956024960e-12       2.414080648447e-12       0.000000000000e+00 
  626       2.691964924422e-10       3.752189633374e-12       2.280501054220e-12       0.000000000000e+00 
  627       2.681168751721e-10       3.792176242175e-12       2.142958055884e-12       0.000000000000e+00 
  628       2.670510535660e-10       3.831900489985e-12       2.001509623320e-12       0.000000000000e+00 
  629       2.659995084428e-10       3.871346855101e-12       1.856214773340e-12       0.000000000000e+00 
  630       2.649627248524e-10       3.910499654914e-12       1.707133574213e-12       0.000000000000e+00 
  631       2.639411920899e-10       3.949343045318e-12       1.554327150204e-12       0.000000000000e+00 
  632       2.629354037091e-10       3.987861020138e-12       1.397857686106e-12       0.000000000000e+00 
  633       2.619458575364e-10       4.026037410537e-12       1.237788431772e-12       0.000000000000e+00 
  634       2.609730556849e-10       4.063855884440e-12       1.074183706648e-12       0.000000000000e+00 
  635       2.600175045678e-10       4.101299945944e-12       9.071089043095e-13       0.000000000000e+00 
  636       2.590797149121e-10       4.138352934744e-12       7.366304969901e-13       0.000000000000e+00 
  637       2.581602017730e-10       4.174998025542e-12       5.628160401189e-13       0.000000000000e+00 
  638       2.572594845472e-10       4.211218227467e-12       3.857341768515e-13       0.000000000000e+00 
  639       2.563780869867e-10       4.246996383492e-12       2.054546426040e-13       0.000000000000e+00 
  640       2.555165372131e-10       4.282315169851e-12       2.204826958643e-14       0.000000000000e+00 
  641       2.546753677306e-10       4.317157095457e-12      -1.644130086646e-13       0.000000000000e+00 
  642       2.538551154406e-10       4.351504501314e-12      -3.538561527519e-13       0.000000000000e+00 
  643       2.530563216550e-10       4.385339559942e-12      -5.462070128849e-13       0.000000000000e+00 
  644       2.522795321102e-10       4.418644274786e-12      -7.413903243461e-13       0.000000000000e+00 
  645       2.515252969808e-10       4.451400479638e-12      -9.393297029580e-13       0.000000000000e+00 
  646       2.507941708933e-10       4.483589838052e-12      -1.139947640550e-12       0.000000000000e+00 
  647       2.500867129405e-10       4.515193842762e-12      -1.343165500423e-12       0.000000000000e+00 
  648       2.494034866944e-10       4.546193815097e-12      -1.548903512821e-12       0.000000000000e+00 
  649       2.487450602206e-10       4.576570904401e-12      -1.757080770392e-12       0.000000000000e+00 
  650       2.481120060921e-10       4.606306087446e-12      -1.967615223659e-12       0.000000000000e+00 
  651       2.475048118962e-10       4.635382456801e-12      -2.180424121515e-12       0.000000000000e+00 
  652       2.469236095291e-10       4.663792143353e-12      -2.395425352717e-12       0.000000000000e+00 
  653       2.463684398678e-10       4.691529547616e-12      -2.612536125460e-12       0.000000000000e+00 
  654       2.458393417171e-10       4.718589064876e-12      -2.831672520670e-12       0.000000000000e+00 
  655       2.453363517976e-10       4.744965085261e-12      -3.052749487595e-12       0.000000000000e+00 
  656       2.448595047344e-10       4.770651993799e-12      -3.275680839398e-12       0.000000000000e+00 
  657       2.444088330455e-10       4.795644170485e-12      -3.500379248749e-12       0.000000000000e+00 
  658       2.439843671306e-10       4.819935990345e-12      -3.726756243417e-12       0.000000000000e+00 
  659       2.435861352589e-10       4.843521823500e-12      -3.954722201866e-12       0.000000000000e+00 
  660       2.432141635584e-10       4.866396035228e-12      -4.184186348842e-12       0.000000000000e+00 
  661       2.428684760041e-10       4.888552986031e-12      -4.415056750970e-12       0.000000000000e+00 
  662       2.425490944061e-10       4.909987031698e-12      -4.647240312344e-12       0.000000000000e+00 
  663       2.422560383986e-10       4.930692523368e-12      -4.880642770122e-12       0.000000000000e+00 
  664       2.419893254284e-10       4.950663807597e-12      -5.115168690116e-12       0.000000000000e+00 
  665       2.417489707430e-10       4.969895226417e-12      -5.350721462386e-12       0.000000000000e+00 
  666       2.415349873795e-10       4.988381117405e-12      -5.587203296831e-12       0.000000000000e+00 
  667       2.413473861526e-10       5.006115813745e-12      -5.824515218784e-12       0.000000000000e+00 
  668       2.411861756439e-10       5.023093644292e-12      -6.062557064602e-12       0.000000000000e+00 
  669       2.410513621895e-10       5.039308933636e-12      -6.301227477262e-12       0.000000000000e+00 
  670       2.409429498690e-10       5.054756002167e-12      -6.540423901949e-12       0.000000000000e+00 
  671       2.408609404942e-10       5.069429166138e-12      -6.780042581651e-12       0.000000000000e+00 
  672       2.408053335968e-10       5.083322737729e-12      -7.019978552752e-12       0.000000000000e+00 
  673       2.407761264178e-10       5.096431025112e-12      -7.260125640624e-12       0.000000000000e+00 
  674       2.407733138954e-10       5.108748332515e-12      -7.500376455218e-12       0.000000000000e+00 
  675       2.407968886537e-10       5.120268960286e-12      -7.740622386660e-12       0.000000000000e+00 
  676       2.408468409913e-10       5.130987204954e-12      -7.980753600839e-12       0.000000000000e+00 
  677       2.409231588696e-10       5.140897359300e-12      -8.220659035005e-12       0.000000000000e+00 
  678       2.410258279013e-10       5.149993712414e-12      -8.460226393355e-12       0.000000000000e+00 
  679       2.411548313392e-10       5.158270549763e-12      -8.699342142632e-12       0.000000000000e+00 
  680       2.413101500641e-10       5.165722153253e-12      -8.937891507713e-12       0.000000000000e+00 
  681       2.414917625740e-10       5.172342801295e-12      -9.175758467204e-12       0.000000000000e+00 
  682       2.416996449722e-10       5.178126768867e-12      -9.412825749030e-12       0.000000000000e+00 
  683       2.419337709557e-10       5.183068327582e-12      -9.648974826031e-12       0.000000000000e+00 
  684       2.421941118040e-10       5.187161745745e-12      -9.884085911552e-12       0.000000000000e+00 
  685       2.424806363674e-10       5.190401288426e-12      -1.011803795504e-11       0.000000000000e+00 
  686       2.427933110555e-10       5.192781217515e-12      -1.035070863762e-11       0.000000000000e+00 
  687       2.431320998258e-10       5.194295791793e-12      -1.058197436771e-11       0.000000000000e+00 
  688       2.434969641722e-10       5.194939266994e-12      -1.081171027662e-11       0.000000000000e+00 
  689       2.438878631132e-10       5.194705895867e-12      -1.103979021409e-11       0.000000000000e+00 
  690       2.443047531810e-10       5.193589928241e-12      -1.126608674395e-11       0.000000000000e+00 
  691       2.447475403332e-10       5.191587600477e-12      -1.149048189247e-11       0.000000000000e+00 
  692       2.452159346008e-10       5.188703149745e-12      -1.171289965132e-11       0.000000000000e+00 
  693       2.457095923508e-10       5.184942926774e-12      -1.193327415169e-11       0.000000000000e+00 
  694       2.462281640609e-10       5.180313418518e-12      -1.215153897195e-11       0.000000000000e+00 
  695       2.467712942965e-10       5.174821248726e-12      -1.236762713586e-11       0.000000000000e+00 
  696       2.473386216861e-10       5.168473178497e-12      -1.258147111096e-11       0.000000000000e+00 
  697       2.479297788989e-10       5.161276106850e-12      -1.279300280677e-11       0.000000000000e+00 
  698       2.485443926203e-10       5.153237071284e-12      -1.300215357315e-11       0.000000000000e+00 
  699       2.491820835289e-10       5.144363248343e-12      -1.320885419854e-11       0.000000000000e+00 
  700       2.498424662725e-10       5.134661954177e-12      -1.341303490828e-11       0.000000000000e+00 
  701       2.505251494452e-10       5.124140645108e-12      -1.361462536290e-11       0.000000000000e+00 
  702       2.512297355629e-10       5.112806918191e-12      -1.381355465639e-11       0.000000000000e+00 
  703       2.519558210405e-10       5.100668511778e-12      -1.400975131453e-11       0.000000000000e+00 
  704       2.527029961680e-10       5.087733306085e-12      -1.420314329314e-11       0.000000000000e+00 
  705       2.534708450869e-10       5.074009323747e-12      -1.439365797638e-11       0.000000000000e+00 
  706       2.542589457670e-10       5.059504730390e-12      -1.458122217507e-11       0.000000000000e+00 
  707       2.550668699822e-10       5.044227835188e-12      -1.476576212495e-11       0.000000000000e+00 
  708       2.558941832875e-10       5.028187091433e-12      -1.494720348496e-11       0.000000000000e+00 
  709       2.567404449950e-10       5.011391097089e-12      -1.512547133560e-11       0.000000000000e+00 
  710       2.576052081509e-10       4.993848595365e-12      -1.530049017712e-11       0.000000000000e+00 
  711       2.584880195112e-10       4.975568475271e-12      -1.547218392790e-11       0.000000000000e+00 
  712       2.593884195187e-10       4.956559772185e-12      -1.564047592269e-11       0.000000000000e+00 
  713       2.603059422792e-10       4.936831668415e-12      -1.580528891092e-11       0.000000000000e+00 
  714       2.612401155380e-10       4.916393493766e-12      -1.596654505499e-11       0.000000000000e+00 
  715       2.621904606563e-10       4.895254726095e-12      -1.612416592855e-11       0.000000000000e+00 
  716       2.631564925875e-10       4.873424991883e-12      -1.627807251480e-11       0.000000000000e+00 
  717       2.641377198539e-10       4.850914066794e-12      -1.642818520479e-11       0.000000000000e+00 
  718       2.651336445230e-10       4.827731876238e-12      -1.657442379569e-11       0.000000000000e+00 
  719       2.661437621837e-10       4.803888495936e-12      -1.671670748909e-11       0.000000000000e+00 
  720       2.671675619233e-10       4.779394152484e-12      -1.685495488930e-11       0.000000000000e+00 
  721       2.682045263033e-10       4.754259223912e-12      -1.698908400164e-11       0.000000000000e+00 
  722       2.692541313363e-10       4.728494240254e-12      -1.711901223070e-11       0.000000000000e+00 
  723       2.703158464622e-10       4.702109884105e-12      -1.724465637870e-11       0.000000000000e+00 
  724       2.713891345245e-10       4.675116991187e-12      -1.736593264369e-11       0.000000000000e+00 
  725       2.724734517472e-10       4.647526550914e-12      -1.748275661791e-11       0.000000000000e+00 
  726       2.735682477108e-10       4.619349706951e-12      -1.759504328606e-11       0.000000000000e+00 
  727       2.746729653287e-10       4.590597757782e-12      -1.770270702359e-11       0.000000000000e+00 
  728       2.757870408242e-10       4.561282157271e-12      -1.780566159499e-11       0.000000000000e+00 
  729       2.769099037062e-10       4.531414515223e-12      -1.790382015207e-11       0.000000000000e+00 
  730       2.780409767461e-10       4.501006597954e-12      -1.799709523227e-11       0.000000000000e+00 
  731       2.791796956664e-10       4.470070693421e-12      -1.808541275285e-11       0.000000000000e+00 
  732       2.803255686862e-10       4.438620713486e-12      -1.816875430310e-11       0.000000000000e+00 
  733       2.814781181169e-10       4.406671114766e-12      -1.824711569257e-11       0.000000000000e+00 
  734       2.826368607388e-10       4.374236536690e-12      -1.832049303298e-11       0.000000000000e+00 
  735       2.838013077816e-10       4.341331802144e-12      -1.838888273970e-11       0.000000000000e+00 
  736       2.849709649053e-10       4.307971918120e-12      -1.845228153316e-11       0.000000000000e+00 
  737       2.861453321813e-10       4.274172076359e-12      -1.851068644026e-11       0.000000000000e+00 
  738       2.873239040730e-10       4.239947653995e-12      -1.856409479583e-11       0.000000000000e+00 
  739       2.885061694166e-10       4.205314214201e-12      -1.861250424406e-11       0.000000000000e+00 
  740       2.896916114022e-10       4.170287506834e-12      -1.865591273989e-11       0.000000000000e+00 
  741       2.908797075545e-10       4.134883469081e-12      -1.869431855050e-11       0.000000000000e+00 
  742       2.920699297138e-10       4.099118226102e-12      -1.872772025668e-11       0.000000000000e+00 
  743       2.932617440164e-10       4.063008091678e-12      -1.875611675429e-11       0.000000000000e+00 
  744       2.944546108762e-10       4.026569568853e-12      -1.877950725571e-11       0.000000000000e+00 
  745       2.956479849648e-10       3.989819350582e-12      -1.879789129122e-11       0.000000000000e+00 
  746       2.968413151929e-10       3.952774320372e-12      -1.881126871048e-11       0.000000000000e+00 
  747       2.980340446909e-10       3.915451552932e-12      -1.881963968391e-11       0.000000000000e+00 
  748       2.992256107896e-10       3.877868314814e-12      -1.882300470416e-11       0.000000000000e+00 
  749       3.004154450014e-10       3.840042065061e-12      -1.882136458753e-11       0.000000000000e+00 
  750       3.016029730012e-10       3.801990455850e-12      -1.881472047539e-11       0.000000000000e+00 
  751       3.027876146066e-10       3.763731333139e-12      -1.880307383560e-11       0.000000000000e+00 
  752       3.039687837595e-10       3.725282737309e-12      -1.878642646399e-11       0.000000000000e+00 
  753       3.051458885066e-10       3.686662903813e-12      -1.876478048572e-11       0.000000000000e+00 
  754       3.063183309803e-10       3.647890263818e-12      -1.873813835677e-11       0.000000000000e+00 
  755       3.074855073795e-10       3.608983444853e-12      -1.870650286531e-11       0.000000000000e+00 
  756       3.086468079505e-10       3.569961271448e-12      -1.866987713320e-11       0.000000000000e+00 
  757       3.098016169680e-10       3.530842765788e-12      -1.862826461737e-11       0.000000000000e+00 
  758       3.109493127156e-10       3.491647148351e-12      -1.858166911126e-11       0.000000000000e+00 
  759       3.120892674670e-10       3.452393838556e-12      -1.853009474624e-11       0.000000000000e+00 
  760       3.132208474667e-10       3.413102455408e-12      -1.847354599308e-11       0.000000000000e+00 
  761       3.143434129108e-10       3.373792818141e-12      -1.841202766334e-11       0.000000000000e+00 
  762       3.154563179281e-10       3.334484946866e-12      -1.834554491080e-11       0.000000000000e+00 
  763       3.165589105604e-10       3.295199063215e-12      -1.827410323292e-11       0.000000000000e+00 
  764       3.176505327441e-10       3.255955590986e-12      -1.819770847224e-11       0.000000000000e+00 
  765       3.187305202905e-10       3.216775156786e-12      -1.811636681783e-11       0.000000000000e+00 
  766       3.197982028669e-10       3.177678590680e-12      -1.803008480670e-11       0.000000000000e+00 
  767       3.208529039771e-10       3.138686926833e-12      -1.793886932525e-11       0.000000000000e+00 
  768       3.218939409430e-10       3.099821404156e-12      -1.784272761068e-11       0.000000000000e+00 
  769       3.229206248846e-10       3.061103466953e-12      -1.774166725245e-11       0.000000000000e+00 
  770       3.239322607014e-10       3.022554765561e-12      -1.763569619366e-11       0.000000000000e+00 
  771       3.249282157709e-10       2.984195608828e-12      -1.752483109940e-11       0.000000000000e+00 
  772       3.259081275097e-10       2.946040288104e-12      -1.740912263236e-11       0.000000000000e+00 
  773       3.268716997019e-10       2.908101666046e-12      -1.728863065832e-11       0.000000000000e+00 
  774       3.278186341320e-10       2.870392717104e-12      -1.716341592567e-11       0.000000000000e+00 
  775       3.287486305795e-10       2.832926527857e-12      -1.703354006860e-11       0.000000000000e+00 
  776       3.296613868137e-10       2.795716297347e-12      -1.689906561015e-11       0.000000000000e+00 
  777       3.305565985880e-10       2.758775337407e-12      -1.676005596537e-11       0.000000000000e+00 
  778       3.314339596354e-10       2.722117072999e-12      -1.661657544441e-11       0.000000000000e+00 
  779       3.322931616622e-10       2.685755042544e-12      -1.646868925565e-11       0.000000000000e+00 
  780       3.331338943436e-10       2.649702898258e-12      -1.631646350882e-11       0.000000000000e+00 
  781       3.339558453179e-10       2.613974406479e-12      -1.615996521811e-11       0.000000000000e+00 
  782       3.347587001813e-10       2.578583448008e-12      -1.599926230527e-11       0.000000000000e+00 
  783       3.355421424828e-10       2.543544018434e-12      -1.583442360276e-11       0.000000000000e+00 
  784       3.363058537187e-10       2.508870228474e-12      -1.566551885686e-11       0.000000000000e+00 
  785       3.370495133272e-10       2.474576304300e-12      -1.549261873075e-11       0.000000000000e+00 
  786       3.377727986835e-10       2.440676587876e-12      -1.531579480768e-11       0.000000000000e+00 
  787       3.384753850941e-10       2.407185537289e-12      -1.513511959403e-11       0.000000000000e+00 
  788       3.391569457918e-10       2.374117727083e-12      -1.495066652249e-11       0.000000000000e+00 
  789       3.398171519301e-10       2.341487848591e-12      -1.476250995512e-11       0.000000000000e+00 
  790       3.404556725784e-10       2.309310710269e-12      -1.457072518649e-11       0.000000000000e+00 
  791       3.410721747160e-10       2.277601238027e-12      -1.437538844681e-11       0.000000000000e+00 
  792       3.416663232277e-10       2.246374475565e-12      -1.417657690502e-11       0.000000000000e+00 
  793       3.422377808974e-10       2.215645584702e-12      -1.397436867193e-11       0.000000000000e+00 
  794       3.427862084040e-10       2.185429845713e-12      -1.376884280332e-11       0.000000000000e+00 
  795       3.433112643152e-10       2.155742657660e-12      -1.356007930305e-11       0.000000000000e+00 
  796       3.438126050825e-10       2.126599538724e-12      -1.334815912622e-11       0.000000000000e+00 
  797       3.442898850361e-10       2.098016126539e-12      -1.313316418223e-11       0.000000000000e+00 
  798       3.447427563793e-10       2.070008178527e-12      -1.291517733792e-11       0.000000000000e+00 
  799       3.451708691835e-10       2.042591572227e-12      -1.269428242071e-11       0.000000000000e+00 
  800       3.455738713825e-10       2.015782305630e-12      -1.247056422167e-11       0.000000000000e+00 
  801       3.459514087677e-10       1.989596497511e-12      -1.224410849869e-11       0.000000000000e+00 
  802       3.463031249825e-10       1.964050387766e-12      -1.201500197954e-11       0.000000000000e+00 
  803       3.466286615171e-10       1.939160337737e-12      -1.178333236504e-11       0.000000000000e+00 
  804       3.469276577029e-10       1.914942830554e-12      -1.154918833213e-11       0.000000000000e+00 
  805       3.471997507079e-10       1.891414471460e-12      -1.131265953702e-11       0.000000000000e+00 
  806       3.474445755306e-10       1.868591988151e-12      -1.107383661829e-11       0.000000000000e+00 
  807       3.476617649955e-10       1.846492231102e-12      -1.083281120002e-11       0.000000000000e+00 
  808       3.478509497470e-10       1.825132173905e-12      -1.058967589489e-11       0.000000000000e+00 
  809       3.480117582447e-10       1.804528913602e-12      -1.034452430730e-11       0.000000000000e+00 
  810       3.481438167579e-10       1.784699671013e-12      -1.009745103650e-11       0.000000000000e+00 
  811       3.482468219461e-10       1.765659304180e-12      -9.848549505086e-12       0.000000000000e+00 
  812       3.483207600426e-10       1.747412798953e-12      -9.597905395418e-12       0.000000000000e+00 
  813       3.483656916045e-10       1.729962643938e-12      -9.345603101277e-12       0.000000000000e+00 
  814       3.483816792919e-10       1.713311305030e-12      -9.091727894491e-12       0.000000000000e+00 
  815       3.483687878760e-10       1.697461225295e-12      -8.836365927655e-12       0.000000000000e+00 
  816       3.483270842468e-10       1.682414824845e-12      -8.579604236850e-12       0.000000000000e+00 
  817       3.482566374216e-10       1.668174500721e-12      -8.321530744363e-12       0.000000000000e+00 
  818       3.481575185522e-10       1.654742626773e-12      -8.062234261410e-12       0.000000000000e+00 
  819       3.480298009334e-10       1.642121553536e-12      -7.801804490851e-12       0.000000000000e+00 
  820       3.478735600106e-10       1.630313608115e-12      -7.540332029919e-12       0.000000000000e+00 
  821       3.476888733880e-10       1.619321094062e-12      -7.277908372929e-12       0.000000000000e+00 
  822       3.474758208362e-10       1.609146291255e-12      -7.014625914007e-12       0.000000000000e+00 
  823       3.472344843005e-10       1.599791455779e-12      -6.750577949810e-12       0.000000000000e+00 
  824       3.469649479084e-10       1.591258819808e-12      -6.485858682238e-12       0.000000000000e+00 
  825       3.466672979781e-10       1.583550591478e-12      -6.220563221166e-12       0.000000000000e+00 
  826       3.463416230259e-10       1.576668954774e-12      -5.954787587155e-12       0.000000000000e+00 
  827       3.459880137745e-10       1.570616069408e-12      -5.688628714177e-12       0.000000000000e+00 
  828       3.456065631606e-10       1.565394070695e-12      -5.422184452333e-12       0.000000000000e+00 
  829       3.451973663431e-10       1.561005069437e-12      -5.155553570575e-12       0.000000000000e+00 
  830       3.447605207111e-10       1.557451151802e-12      -4.888835759427e-12       0.000000000000e+00 
  831       3.442961258914e-10       1.554734379200e-12      -4.622131633701e-12       0.000000000000e+00 
  832       3.438042837569e-10       1.552856788170e-12      -4.355542735223e-12       0.000000000000e+00 
  833       3.432850984344e-10       1.551820390252e-12      -4.089171535549e-12       0.000000000000e+00 
  834       3.427386763123e-10       1.551627171872e-12      -3.823121438688e-12       0.000000000000e+00 
  835       3.421651260488e-10       1.552279094221e-12      -3.557496783819e-12       0.000000000000e+00 
  836       3.415645585797e-10       1.553778093133e-12      -3.292402848016e-12       0.000000000000e+00 
  837       3.409370871266e-10       1.556126078964e-12      -3.027945848964e-12       0.000000000000e+00 
  838       3.402828272043e-10       1.559324936476e-12      -2.764232947682e-12       0.000000000000e+00 
  839       3.396018966292e-10       1.563376524714e-12      -2.501372251243e-12       0.000000000000e+00 
  840       3.388944155271e-10       1.568282676885e-12      -2.239472815491e-12       0.000000000000e+00 
  841       3.381605063410e-10       1.574045200239e-12      -1.978644647766e-12       0.000000000000e+00 
  842       3.374002938393e-10       1.580665875948e-12      -1.718998709623e-12       0.000000000000e+00 
  843       3.366139051235e-10       1.588146458989e-12      -1.460646919549e-12       0.000000000000e+00 
  844       3.358014696361e-10       1.596488678018e-12      -1.203702155689e-12       0.000000000000e+00 
  845       3.349631191687e-10       1.605694235255e-12      -9.482782585599e-13       0.000000000000e+00 
  846       3.340989878701e-10       1.615764806360e-12      -6.944900337764e-13       0.000000000000e+00 
  847       3.332092122536e-10       1.626702040316e-12      -4.424532547680e-13       0.000000000000e+00 
  848       3.322939312057e-10       1.638507559306e-12      -1.922846655005e-13       0.000000000000e+00 
  849       3.313532859936e-10       1.651182958595e-12       5.589801680408e-14       0.000000000000e+00 
  850       3.303874202729e-10       1.664729806409e-12       3.019760989469e-13       0.000000000000e+00 
  851       3.293965136695e-10       1.679147804126e-12       5.458408172036e-13       0.000000000000e+00 
  852       3.283808831376e-10       1.694429232510e-12       7.874262642076e-13       0.000000000000e+00 
  853       3.273408833558e-10       1.710564409982e-12       1.026677021433e-12       0.000000000000e+00 
  854       3.262768733241e-10       1.727543523250e-12       1.263537301290e-12       0.000000000000e+00 
  855       3.251892163784e-10       1.745356626886e-12       1.497950946213e-12       0.000000000000e+00 
  856       3.240782802032e-10       1.763993642898e-12       1.729861427739e-12       0.000000000000e+00 
  857       3.229444368454e-10       1.783444360310e-12       1.959211845601e-12       0.000000000000e+00 
  858       3.217880627277e-10       1.803698434733e-12       2.185944926807e-12       0.000000000000e+00 
  859       3.206095386622e-10       1.824745387942e-12       2.410003024726e-12       0.000000000000e+00 
  860       3.194092498638e-10       1.846574607451e-12       2.631328118176e-12       0.000000000000e+00 
  861       3.181875859637e-10       1.869175346091e-12       2.849861810506e-12       0.000000000000e+00 
  862       3.169449410229e-10       1.892536721581e-12       3.065545328682e-12       0.000000000000e+00 
  863       3.156817135458e-10       1.916647716104e-12       3.278319522372e-12       0.000000000000e+00 
  864       3.143983064933e-10       1.941497175885e-12       3.488124863033e-12       0.000000000000e+00 
  865       3.130951272970e-10       1.967073810766e-12       3.694901442993e-12       0.000000000000e+00 
  866       3.117725878718e-10       1.993366193777e-12       3.898588974536e-12       0.000000000000e+00 
  867       3.104311046301e-10       2.020362760718e-12       4.099126788992e-12       0.000000000000e+00 
  868       3.090710984951e-10       2.048051809727e-12       4.296453835814e-12       0.000000000000e+00 
  869       3.076929949141e-10       2.076421500861e-12       4.490508681672e-12       0.000000000000e+00 
  870       3.062972238721e-10       2.105459855670e-12       4.681229509531e-12       0.000000000000e+00 
  871       3.048842199054e-10       2.135154756769e-12       4.868554117738e-12       0.000000000000e+00 
  872       3.034544221148e-10       2.165493947419e-12       5.052419919111e-12       0.000000000000e+00 
  873       3.020082741796e-10       2.196465031098e-12       5.232763940017e-12       0.000000000000e+00 
  874       3.005462243706e-10       2.228055471075e-12       5.409522819464e-12       0.000000000000e+00 
  875       2.990687255637e-10       2.260252589990e-12       5.582632808181e-12       0.000000000000e+00 
  876       2.975762352535e-10       2.293043569429e-12       5.752029767706e-12       0.000000000000e+00 
  877       2.960692155669e-10       2.326415449494e-12       5.917649169469e-12       0.000000000000e+00 
  878       2.945481332761e-10       2.360355128382e-12       6.079426093879e-12       0.000000000000e+00 
  879       2.930134598128e-10       2.394849361963e-12       6.237295229408e-12       0.000000000000e+00 
  880       2.914656712810e-10       2.429884763348e-12       6.391190871676e-12       0.000000000000e+00 
  881       2.899052484711e-10       2.465447802472e-12       6.541046922536e-12       0.000000000000e+00 
  882       2.883326768727e-10       2.501524805664e-12       6.686796889160e-12       0.000000000000e+00 
  883       2.867484466888e-10       2.538101955224e-12       6.828373883124e-12       0.000000000000e+00 
  884       2.851530528488e-10       2.575165289000e-12       6.965710619490e-12       0.000000000000e+00 
  885       2.835469950223e-10       2.612700699961e-12       7.098739415896e-12       0.000000000000e+00 
  886       2.819307776324e-10       2.650693935773e-12       7.227392191638e-12       0.000000000000e+00 
  887       2.803049098691e-10       2.689130598373e-12       7.351600466755e-12       0.000000000000e+00 
  888       2.786699057031e-10       2.727996143547e-12       7.471295361115e-12       0.000000000000e+00 
  889       2.770262838990e-10       2.767275880505e-12       7.586407593499e-12       0.000000000000e+00 
  890       2.753745680290e-10       2.806954971454e-12       7.696867480689e-12       0.000000000000e+00 
  891       2.737152660435e-10       2.847018394246e-12       7.802617565107e-12       0.000000000000e+00 
  892       2.720488085900e-10       2.887450830515e-12       7.903650726349e-12       0.000000000000e+00 
  893       2.703756097101e-10       2.928236774865e-12       7.999972692313e-12       0.000000000000e+00 
  894       2.686960872015e-10       2.969360571201e-12       8.091589468234e-12       0.000000000000e+00 
  895       2.670106626281e-10       3.010806412302e-12       8.178507337671e-12       0.000000000000e+00 
  896       2.653197613305e-10       3.052558339388e-12       8.260732863502e-12       0.000000000000e+00 
  897       2.636238124361e-10       3.094600241690e-12       8.338272888917e-12       0.000000000000e+00 
  898       2.619232488702e-10       3.136915856020e-12       8.411134538406e-12       0.000000000000e+00 
  899       2.602185073655e-10       3.179488766343e-12       8.479325218754e-12       0.000000000000e+00 
  900       2.585100284734e-10       3.222302403342e-12       8.542852620031e-12       0.000000000000e+00 
  901       2.567982565738e-10       3.265340043991e-12       8.601724716585e-12       0.000000000000e+00 
  902       2.550836398854e-10       3.308584811126e-12       8.655949768034e-12       0.000000000000e+00 
  903       2.533666304769e-10       3.352019673011e-12       8.705536320255e-12       0.000000000000e+00 
  904       2.516476842765e-10       3.395627442909e-12       8.750493206379e-12       0.000000000000e+00 
  905       2.499272610828e-10       3.439390778653e-12       8.790829547783e-12       0.000000000000e+00 
  906       2.482058245750e-10       3.483292182216e-12       8.826554755077e-12       0.000000000000e+00 
  907       2.464838423237e-10       3.527313999278e-12       8.857678529104e-12       0.000000000000e+00 
  908       2.447617858005e-10       3.571438418799e-12       8.884210861924e-12       0.000000000000e+00 
  909       2.430401303894e-10       3.615647472586e-12       8.906162037808e-12       0.000000000000e+00 
  910       2.413193553963e-10       3.659923034863e-12       8.923542634234e-12       0.000000000000e+00 
  911       2.395999440600e-10       3.704246821845e-12       8.936363522874e-12       0.000000000000e+00 
  912       2.378823835624e-10       3.748600391300e-12       8.944635870585e-12       0.000000000000e+00 
  913       2.361671650388e-10       3.792965142125e-12       8.948371140407e-12       0.000000000000e+00 
  914       2.344547835886e-10       3.837322313916e-12       8.947581092549e-12       0.000000000000e+00 
  915       2.327457382852e-10       3.881652986531e-12       8.942277785383e-12       0.000000000000e+00 
  916       2.310405321872e-10       3.925938079668e-12       8.932473576434e-12       0.000000000000e+00 
  917       2.293396723477e-10       3.970158352428e-12       8.918181123376e-12       0.000000000000e+00 
  918       2.276436698259e-10       4.014294402890e-12       8.899413385020e-12       0.000000000000e+00 
  919       2.259530396966e-10       4.058326667677e-12       8.876183622307e-12       0.000000000000e+00 
  920       2.242683010609e-10       4.102235421527e-12       8.848505399299e-12       0.000000000000e+00 
  921       2.225899770568e-10       4.146000776865e-12       8.816392584172e-12       0.000000000000e+00 
  922       2.209185948694e-10       4.189602683367e-12       8.779859350208e-12       0.000000000000e+00 
  923       2.192546857412e-10       4.233020927535e-12       8.738920176786e-12       0.000000000000e+00 
  924       2.175987849828e-10       4.276235132266e-12       8.693589850373e-12       0.000000000000e+00 
  925       2.159514319830e-10       4.319224756420e-12       8.643883465518e-12       0.000000000000e+00 
  926       2.143131702194e-10       4.361969094389e-12       8.589816425842e-12       0.000000000000e+00 
  927       2.126845472689e-10       4.404447275669e-12       8.531404445030e-12       0.000000000000e+00 
  928       2.110661148177e-10       4.446638264430e-12       8.468663547824e-12       0.000000000000e+00 
  929       2.094584286721e-10       4.488520859084e-12       8.401610071014e-12       0.000000000000e+00 
  930       2.078620487686e-10       4.530073691854e-12       8.330260664429e-12       0.000000000000e+00 
  931       2.062774827457e-10       4.571276984693e-12       8.254639046981e-12       0.000000000000e+00 
  932       2.047050156669e-10       4.612117848078e-12       8.174796388896e-12       0.000000000000e+00 
  933       2.031448776473e-10       4.652585064470e-12       8.090791251137e-12       0.000000000000e+00 
  934       2.015973000534e-10       4.692667339314e-12       8.002682861258e-12       0.000000000000e+00 
  935       2.000625155054e-10       4.732353300852e-12       7.910531115322e-12       0.000000000000e+00 
  936       1.985407578796e-10       4.771631499933e-12       7.814396579837e-12       0.000000000000e+00 
  937       1.970322623118e-10       4.810490409832e-12       7.714340493675e-12       0.000000000000e+00 
  938       1.955372651991e-10       4.848918426056e-12       7.610424770000e-12       0.000000000000e+00 
  939       1.940560042025e-10       4.886903866159e-12       7.502711998195e-12       0.000000000000e+00 
  940       1.925887182504e-10       4.924434969555e-12       7.391265445787e-12       0.000000000000e+00 
  941       1.911356475399e-10       4.961499897332e-12       7.276149060373e-12       0.000000000000e+00 
  942       1.896970335406e-10       4.998086732061e-12       7.157427471547e-12       0.000000000000e+00 
  943       1.882731189963e-10       5.034183477611e-12       7.035165992824e-12       0.000000000000e+00 
  944       1.868641479282e-10       5.069778058962e-12       6.909430623570e-12       0.000000000000e+00 
  945       1.854703656371e-10       5.104858322016e-12       6.780288050922e-12       0.000000000000e+00 
  946       1.840920187062e-10       5.139412033413e-12       6.647805651720e-12       0.000000000000e+00 
  947       1.827293550038e-10       5.173426880337e-12       6.512051494428e-12       0.000000000000e+00 
  948       1.813826236853e-10       5.206890470335e-12       6.373094341064e-12       0.000000000000e+00 
  949       1.800520751969e-10       5.239790331129e-12       6.231003649125e-12       0.000000000000e+00 
  950       1.787379612770e-10       5.272113910424e-12       6.085849573511e-12       0.000000000000e+00 
  951       1.774405349596e-10       5.303848575725e-12       5.937702968452e-12       0.000000000000e+00 
  952       1.761600505765e-10       5.334981614149e-12       5.786635389436e-12       0.000000000000e+00 
  953       1.748967637603e-10       5.365500232235e-12       5.632719095133e-12       0.000000000000e+00 
  954       1.736509314464e-10       5.395391555759e-12       5.476027049321e-12       0.000000000000e+00 
  955       1.724228118761e-10       5.424642629548e-12       5.316632922812e-12       0.000000000000e+00 
  956       1.712126645990e-10       5.453240417289e-12       5.154611095380e-12       0.000000000000e+00 
  957       1.700207504757e-10       5.481171801343e-12       4.990036657684e-12       0.000000000000e+00 
  958       1.688473316803e-10       5.508423582559e-12       4.822985413197e-12       0.000000000000e+00 
  959       1.676926717028e-10       5.534982480085e-12       4.653533880129e-12       0.000000000000e+00 
  960       1.665570353522e-10       5.560835131181e-12       4.481759293355e-12       0.000000000000e+00 
  961       1.654406887588e-10       5.585968091034e-12       4.307739606342e-12       0.000000000000e+00 
  962       1.643438993765e-10       5.610367832564e-12       4.131553493071e-12       0.000000000000e+00 
  963       1.632669359862e-10       5.634020746246e-12       3.953280349968e-12       0.000000000000e+00 
  964       1.622100686974e-10       5.656913139915e-12       3.773000297826e-12       0.000000000000e+00 
  965       1.611735689517e-10       5.679031238581e-12       3.590794183733e-12       0.000000000000e+00 
  966       1.601577095249e-10       5.700361184243e-12       3.406743582998e-12       0.000000000000e+00 
  967       1.591627645294e-10       5.720889035700e-12       3.220930801077e-12       0.000000000000e+00 
  968       1.581890094176e-10       5.740600768365e-12       3.033438875498e-12       0.000000000000e+00 
  969       1.572367209836e-10       5.759482274077e-12       2.844351577787e-12       0.000000000000e+00 
  970       1.563061773664e-10       5.777519360911e-12       2.653753415395e-12       0.000000000000e+00 
  971       1.553976020229e-10       5.794700154408e-12       2.461727099529e-12       0.000000000000e+00 
  972       1.545109947201e-10       5.811022341190e-12       2.268345903023e-12       0.000000000000e+00 
  973       1.536462980059e-10       5.826486033924e-12       2.073681191343e-12       0.000000000000e+00 
  974       1.528034530037e-10       5.841091379903e-12       1.877804947865e-12       0.000000000000e+00 
  975       1.519823994078e-10       5.854838561166e-12       1.680789775475e-12       0.000000000000e+00 
  976       1.511830754786e-10       5.867727794611e-12       1.482708898173e-12       0.000000000000e+00 
  977       1.504054180386e-10       5.879759332122e-12       1.283636162683e-12       0.000000000000e+00 
  978       1.496493624675e-10       5.890933460677e-12       1.083646040050e-12       0.000000000000e+00 
  979       1.489148426976e-10       5.901250502472e-12       8.828136272453e-13       0.000000000000e+00 
  980       1.482017912096e-10       5.910710815039e-12       6.812146487732e-13       0.000000000000e+00 
  981       1.475101390278e-10       5.919314791360e-12       4.789254582722e-13       0.000000000000e+00 
  982       1.468398157157e-10       5.927062859988e-12       2.760230401194e-13       0.000000000000e+00 
  983       1.461907493714e-10       5.933955485166e-12       7.258501103451e-14       0.000000000000e+00 
  984       1.455628666233e-10       5.939993166940e-12      -1.313103783162e-13       0.000000000000e+00 
  985       1.449560926252e-10       5.945176441284e-12      -3.355842417166e-13       0.000000000000e+00 
  986       1.443703510520e-10       5.949505880211e-12      -5.401570557962e-13       0.000000000000e+00 
  987       1.438055640952e-10       5.952982091894e-12      -7.449486584269e-13       0.000000000000e+00 
  988       1.432616524583e-10       5.955605720788e-12      -9.498782471189e-13       0.000000000000e+00 
  989       1.427385353523e-10       5.957377447738e-12      -1.154864377417e-12       0.000000000000e+00 
  990       1.422361304911e-10       5.958297990109e-12      -1.359824961297e-12       0.000000000000e+00 
  991       1.417543540872e-10       5.958368101892e-12      -1.564677265560e-12       0.000000000000e+00 
  992       1.412931208467e-10       5.957588573833e-12      -1.769337910233e-12       0.000000000000e+00 
  993       1.408523439653e-10       5.955960233542e-12      -1.973722866960e-12       0.000000000000e+00 
  994       1.404319351237e-10       5.953483945617e-12      -2.177747457402e-12       0.000000000000e+00 
  995       1.400318044825e-10       5.950160611758e-12      -2.381326351629e-12       0.000000000000e+00 
  996       1.396518606786e-10       5.945991170888e-12      -2.584373566522e-12       0.000000000000e+00 
  997       1.392920108198e-10       5.940976599269e-12      -2.786802464164e-12       0.000000000000e+00 
  998       1.389521604809e-10       5.935117910619e-12      -2.988525750240e-12       0.000000000000e+00 
  999       1.386322136987e-10       5.928416156233e-12      -3.189455472428e-12       0.000000000000e+00 
 1000       1.383320729678e-10       5.920872425101e-12      -3.389503018802e-12       0.000000000000e+00 
 1001       1.380516392361e-10       5.912487844020e-12      -3.588579116224e-12       0.000000000000e+00 
 1002       1.377908119000e-10       5.903263577720e-12      -3.786593828738e-12       0.000000000000e+00 
 1003       1.375494888000e-10       5.893200828977e-12      -3.983456555974e-12       0.000000000000e+00 
 1004       1.373275662162e-10       5.882300838732e-12      -4.179076031534e-12       0.000000000000e+00 
 1005       1.371249388639e-10       5.870564886208e-12      -4.373360321398e-12       0.000000000000e+00 
 1006       1.369414998889e-10       5.857994289031e-12      -4.566216822314e-12       0.000000000000e+00 
 1007       1.367771408629e-10       5.844590403346e-12      -4.757552260193e-12       0.000000000000e+00 
 1008       1.366317517791e-10       5.830354623932e-12      -4.947272688512e-12       0.000000000000e+00 
 1009       1.365052210477e-10       5.815288384328e-12      -5.135283486705e-12       0.000000000000e+00 
 1010       1.363974354915e-10       5.799393156940e-12      -5.321489358559e-12       0.000000000000e+00 
 1011       1.363082559735e-10       5.782671995332e-12      -5.505803807654e-12       0.000000000000e+00 
 1012       1.362374439050e-10       5.765134185232e-12      -5.688177716858e-12       0.000000000000e+00 
 1013       1.361847336668e-10       5.746790660957e-12      -5.868571178577e-12       0.000000000000e+00 
 1014       1.361498568733e-10       5.727652469641e-12      -6.046944054661e-12       0.000000000000e+00 
 1015       1.361325423646e-10       5.707730771530e-12      -6.223255975909e-12       0.000000000000e+00 
 1016       1.361325161999e-10       5.687036840288e-12      -6.397466341583e-12       0.000000000000e+00 
 1017       1.361495016494e-10       5.665582063288e-12      -6.569534318908e-12       0.000000000000e+00 
 1018       1.361832191871e-10       5.643377941917e-12      -6.739418842586e-12       0.000000000000e+00 
 1019       1.362333864837e-10       5.620436091871e-12      -6.907078614300e-12       0.000000000000e+00 
 1020       1.362997183990e-10       5.596768243456e-12      -7.072472102225e-12       0.000000000000e+00 
 1021       1.363819269743e-10       5.572386241886e-12      -7.235557540531e-12       0.000000000000e+00 
 1022       1.364797214254e-10       5.547302047582e-12      -7.396292928895e-12       0.000000000000e+00 
 1023       1.365928081352e-10       5.521527736469e-12      -7.554636032006e-12       0.000000000000e+00 
 1024       1.367208906459e-10       5.495075500279e-12      -7.710544379077e-12       0.000000000000e+00 
 1025       1.368636696521e-10       5.467957646845e-12      -7.863975263345e-12       0.000000000000e+00 
 1026       1.370208429930e-10       5.440186600404e-12      -8.014885741587e-12       0.000000000000e+00 
 1027       1.371921056455e-10       5.411774901892e-12      -8.163232633621e-12       0.000000000000e+00 
 1028       1.373771497164e-10       5.382735209248e-12      -8.308972521820e-12       0.000000000000e+00 
 1029       1.375756644350e-10       5.353080297705e-12      -8.452061750614e-12       0.000000000000e+00 
 1030       1.377873361460e-10       5.322823060098e-12      -8.592456426001e-12       0.000000000000e+00 
 1031       1.380118483021e-10       5.291976507155e-12      -8.730112415053e-12       0.000000000000e+00 
 1032       1.382488814564e-10       5.260553767800e-12      -8.864985345426e-12       0.000000000000e+00 
 1033       1.384981132550e-10       5.228568089452e-12      -8.997030604866e-12       0.000000000000e+00 
 1034       1.387592184299e-10       5.196032838321e-12      -9.126203340716e-12       0.000000000000e+00 
 1035       1.390318687913e-10       5.162961499710e-12      -9.252458459425e-12       0.000000000000e+00 
 1036       1.393157332206e-10       5.129367678312e-12      -9.375750626056e-12       0.000000000000e+00 
 1037       1.396104776625e-10       5.095265098508e-12      -9.496034263793e-12       0.000000000000e+00 
 1038       1.399157651180e-10       5.060667604667e-12      -9.613263553449e-12       0.000000000000e+00 
 1039       1.402312556370e-10       5.025589161448e-12      -9.727392432972e-12       0.000000000000e+00 
 1040       1.405566063108e-10       4.990043854092e-12      -9.838374596957e-12       0.000000000000e+00 
 1041       1.408914712645e-10       4.954045888725e-12      -9.946163496149e-12       0.000000000000e+00 
 1042       1.412355016503e-10       4.917609592658e-12      -1.005071233695e-11       0.000000000000e+00 
 1043       1.415883456392e-10       4.880749414684e-12      -1.015197408094e-11       0.000000000000e+00 
 1044       1.419496484144e-10       4.843479925374e-12      -1.024990144436e-11       0.000000000000e+00 
 1045       1.423190521634e-10       4.805815817382e-12      -1.034444689765e-11       0.000000000000e+00 
 1046       1.426961960711e-10       4.767771905740e-12      -1.043556266492e-11       0.000000000000e+00 
 1047       1.430807163119e-10       4.729363128155e-12      -1.052320072350e-11       0.000000000000e+00 
 1048       1.434722460426e-10       4.690604545314e-12      -1.060731280340e-11       0.000000000000e+00 
 1049       1.438704153950e-10       4.651511341175e-12      -1.068785038688e-11       0.000000000000e+00 
 1050       1.442748514684e-10       4.612098823274e-12      -1.076476470788e-11       0.000000000000e+00 
 1051       1.446851944227e-10       4.572382218222e-12      -1.083801689668e-11       0.000000000000e+00 
 1052       1.451011460170e-10       4.532376054511e-12      -1.090760856901e-11       0.000000000000e+00 
 1053       1.455224217309e-10       4.492094771721e-12      -1.097355166116e-11       0.000000000000e+00 
 1054       1.459487347200e-10       4.451552924822e-12      -1.103585832404e-11       0.000000000000e+00 
 1055       1.463797958097e-10       4.410765184443e-12      -1.109454092377e-11       0.000000000000e+00 
 1056       1.468153134904e-10       4.369746337151e-12      -1.114961204236e-11       0.000000000000e+00 
 1057       1.472549939111e-10       4.328511285728e-12      -1.120108447825e-11       0.000000000000e+00 
 1058       1.476985408739e-10       4.287075049448e-12      -1.124897124693e-11       0.000000000000e+00 
 1059       1.481456558290e-10       4.245452764352e-12      -1.129328558158e-11       0.000000000000e+00 
 1060       1.485960378682e-10       4.203659683526e-12      -1.133404093367e-11       0.000000000000e+00 
 1061       1.490493837197e-10       4.161711177376e-12      -1.137125097352e-11       0.000000000000e+00 
 1062       1.495053877426e-10       4.119622733908e-12      -1.140492959099e-11       0.000000000000e+00 
 1063       1.499637419208e-10       4.077409959000e-12      -1.143509089602e-11       0.000000000000e+00 
 1064       1.504241358578e-10       4.035088576682e-12      -1.146174921928e-11       0.000000000000e+00 
 1065       1.508862567710e-10       3.992674429411e-12      -1.148491911275e-11       0.000000000000e+00 
 1066       1.513497894857e-10       3.950183478348e-12      -1.150461535035e-11       0.000000000000e+00 
 1067       1.518144164300e-10       3.907631803637e-12      -1.152085292855e-11       0.000000000000e+00 
 1068       1.522798176286e-10       3.865035604675e-12      -1.153364706696e-11       0.000000000000e+00 
 1069       1.527456706976e-10       3.822411200395e-12      -1.154301320895e-11       0.000000000000e+00 
 1070       1.532116508388e-10       3.779775029543e-12      -1.154896702226e-11       0.000000000000e+00 
 1071       1.536774308339e-10       3.737143650947e-12      -1.155152439960e-11       0.000000000000e+00 
 1072       1.541426810389e-10       3.694533743802e-12      -1.155070145929e-11       0.000000000000e+00 
 1073       1.546070693784e-10       3.651962107943e-12      -1.154651454581e-11       0.000000000000e+00 
 1074       1.550702613404e-10       3.609445664121e-12      -1.153898023046e-11       0.000000000000e+00 
 1075       1.555319199701e-10       3.567001454281e-12      -1.152811531196e-11       0.000000000000e+00 
 1076       1.559917058644e-10       3.524646641836e-12      -1.151393681705e-11       0.000000000000e+00 
 1077       1.564492771665e-10       3.482398511950e-12      -1.149646200107e-11       0.000000000000e+00 
 1078       1.569042895601e-10       3.440274471806e-12      -1.147570834863e-11       0.000000000000e+00 
 1079       1.573563962638e-10       3.398292050888e-12      -1.145169357418e-11       0.000000000000e+00 
 1080       1.578052480255e-10       3.356468901258e-12      -1.142443562263e-11       0.000000000000e+00 
 1081       1.582504931165e-10       3.314822797830e-12      -1.139395266994e-11       0.000000000000e+00 
 1082       1.586917773262e-10       3.273371638645e-12      -1.136026312375e-11       0.000000000000e+00 
 1083       1.591287439564e-10       3.232133445155e-12      -1.132338562398e-11       0.000000000000e+00 
 1084       1.595610338155e-10       3.191126362491e-12      -1.128333904346e-11       0.000000000000e+00 
 1085       1.599882852129e-10       3.150368659745e-12      -1.124014248850e-11       0.000000000000e+00 
 1086       1.604101339537e-10       3.109878730245e-12      -1.119381529951e-11       0.000000000000e+00 
 1087       1.608262133324e-10       3.069675091832e-12      -1.114437705165e-11       0.000000000000e+00 
 1088       1.612361541279e-10       3.029776387133e-12      -1.109184755538e-11       0.000000000000e+00 
 1089       1.616395845976e-10       2.990201383845e-12      -1.103624685710e-11       0.000000000000e+00 
 1090       1.620361304717e-10       2.950968975006e-12      -1.097759523975e-11       0.000000000000e+00 
 1091       1.624254560625e-10       2.912096459625e-12      -1.091591809159e-11       0.000000000000e+00 
 1092       1.628073882064e-10       2.873594358811e-12      -1.085126058256e-11       0.000000000000e+00 
 1093       1.631817939707e-10       2.835471530764e-12      -1.078367318568e-11       0.000000000000e+00 
 1094       1.635485396875e-10       2.797736884235e-12      -1.071320682782e-11       0.000000000000e+00 
 1095       1.639074909527e-10       2.760399378625e-12      -1.063991289078e-11       0.000000000000e+00 
 1096       1.642585126241e-10       2.723468024091e-12      -1.056384321243e-11       0.000000000000e+00 
 1097       1.646014688201e-10       2.686951881649e-12      -1.048505008775e-11       0.000000000000e+00 
 1098       1.649362229180e-10       2.650860063274e-12      -1.040358626999e-11       0.000000000000e+00 
 1099       1.652626375528e-10       2.615201732008e-12      -1.031950497172e-11       0.000000000000e+00 
 1100       1.655805746156e-10       2.579986102062e-12      -1.023285986598e-11       0.000000000000e+00 
 1101       1.658898952518e-10       2.545222438917e-12      -1.014370508731e-11       0.000000000000e+00 
 1102       1.661904598602e-10       2.510920059431e-12      -1.005209523293e-11       0.000000000000e+00 
 1103       1.664821280910e-10       2.477088331940e-12      -9.958085363757e-12       0.000000000000e+00 
 1104       1.667647588444e-10       2.443736676361e-12      -9.861731005582e-12       0.000000000000e+00 
 1105       1.670382102692e-10       2.410874564298e-12      -9.763088150111e-12       0.000000000000e+00 
 1106       1.673023397615e-10       2.378511519142e-12      -9.662213256091e-12       0.000000000000e+00 
 1107       1.675570039626e-10       2.346657116179e-12      -9.559163250404e-12       0.000000000000e+00 
 1108       1.678020587583e-10       2.315320982687e-12      -9.453995529164e-12       0.000000000000e+00 
 1109       1.680373592767e-10       2.284512798046e-12      -9.346767958820e-12       0.000000000000e+00 
 1110       1.682627598871e-10       2.254242293836e-12      -9.237538877251e-12       0.000000000000e+00 
 1111       1.684781141985e-10       2.224519253945e-12      -9.126367094868e-12       0.000000000000e+00 
 1112       1.686832750577e-10       2.195353514667e-12      -9.013311895712e-12       0.000000000000e+00 
 1113       1.688780945485e-10       2.166754964812e-12      -8.898433038554e-12       0.000000000000e+00 
 1114       1.690624239896e-10       2.138733545803e-12      -8.781790757992e-12       0.000000000000e+00 
 1115       1.692361139332e-10       2.111299251784e-12      -8.663445765553e-12       0.000000000000e+00 
 1116       1.693990141639e-10       2.084462129720e-12      -8.543459250790e-12       0.000000000000e+00 
 1117       1.695509736969e-10       2.058232279505e-12      -8.421892882381e-12       0.000000000000e+00 
 1118       1.696918407762e-10       2.032619854058e-12      -8.298808809231e-12       0.000000000000e+00 
 1119       1.698214628738e-10       2.007635059436e-12      -8.174269661568e-12       0.000000000000e+00 
 1120       1.699396866877e-10       1.983288154927e-12      -8.048338552043e-12       0.000000000000e+00 
 1121       1.700463581406e-10       1.959589453162e-12      -7.921079076830e-12       0.000000000000e+00 
 1122       1.701413223782e-10       1.936549320213e-12      -7.792555316724e-12       0.000000000000e+00 
 1123       1.702244237680e-10       1.914178175701e-12      -7.662831838240e-12       0.000000000000e+00 
 1124       1.702955058977e-10       1.892486492893e-12      -7.531973694715e-12       0.000000000000e+00 
 1125       1.703544115734e-10       1.871484798813e-12      -7.400046427404e-12       0.000000000000e+00 
 1126       1.704009828188e-10       1.851183674338e-12      -7.267116066577e-12       0.000000000000e+00 
 1127       1.704350608728e-10       1.831593754306e-12      -7.133249132626e-12       0.000000000000e+00 
 1128       1.704564861887e-10       1.812725727621e-12      -6.998512637157e-12       0.000000000000e+00 
 1129       1.704650984326e-10       1.794590337349e-12      -6.862974084090e-12       0.000000000000e+00 
 1130       1.704607364816e-10       1.777198380829e-12      -6.726701470762e-12       0.000000000000e+00 
 1131       1.704432772387e-10       1.760558615657e-12      -6.589760684213e-12       0.000000000000e+00 
 1132       1.704127526287e-10       1.744671447820e-12      -6.452207651015e-12       0.000000000000e+00 
 1133       1.703692341109e-10       1.729535162213e-12      -6.314096088194e-12       0.000000000000e+00 
 1134       1.703127940025e-10       1.715148009264e-12      -6.175480099697e-12       0.000000000000e+00 
 1135       1.702435054802e-10       1.701508204841e-12      -6.036414177247e-12       0.000000000000e+00 
 1136       1.701614425829e-10       1.688613930163e-12      -5.896953201197e-12       0.000000000000e+00 
 1137       1.700666802134e-10       1.676463331701e-12      -5.757152441386e-12       0.000000000000e+00 
 1138       1.699592941409e-10       1.665054521091e-12      -5.617067557993e-12       0.000000000000e+00 
 1139       1.698393610029e-10       1.654385575037e-12      -5.476754602391e-12       0.000000000000e+00 
 1140       1.697069583074e-10       1.644454535218e-12      -5.336270018005e-12       0.000000000000e+00 
 1141       1.695621644350e-10       1.635259408201e-12      -5.195670641165e-12       0.000000000000e+00 
 1142       1.694050586413e-10       1.626798165338e-12      -5.055013701960e-12       0.000000000000e+00 
 1143       1.692357210587e-10       1.619068742684e-12      -4.914356825097e-12       0.000000000000e+00 
 1144       1.690542326986e-10       1.612069040895e-12      -4.773758030750e-12       0.000000000000e+00 
 1145       1.688606754540e-10       1.605796925142e-12      -4.633275735419e-12       0.000000000000e+00 
 1146       1.686551321008e-10       1.600250225014e-12      -4.492968752787e-12       0.000000000000e+00 
 1147       1.684376863007e-10       1.595426734424e-12      -4.352896294568e-12       0.000000000000e+00 
 1148       1.682084226030e-10       1.591324211523e-12      -4.213117971370e-12       0.000000000000e+00 
 1149       1.679674264469e-10       1.587940378598e-12      -4.073693793544e-12       0.000000000000e+00 
 1150       1.677147841633e-10       1.585272921987e-12      -3.934684172041e-12       0.000000000000e+00 
 1151       1.674505829775e-10       1.583319491980e-12      -3.796149919269e-12       0.000000000000e+00 
 1152       1.671749110107e-10       1.582077702730e-12      -3.658152249943e-12       0.000000000000e+00 
 1153       1.668878572826e-10       1.581545132159e-12      -3.520752781947e-12       0.000000000000e+00 
 1154       1.665895117137e-10       1.581719321865e-12      -3.384013537182e-12       0.000000000000e+00 
 1155       1.662799651267e-10       1.582597777028e-12      -3.247996942426e-12       0.000000000000e+00 
 1156       1.659593092493e-10       1.584177966320e-12      -3.112765830186e-12       0.000000000000e+00 
 1157       1.656276367162e-10       1.586457321809e-12      -2.978383439554e-12       0.000000000000e+00 
 1158       1.652850410712e-10       1.589433238868e-12      -2.844913417063e-12       0.000000000000e+00 
 1159       1.649316167691e-10       1.593103076080e-12      -2.712419817540e-12       0.000000000000e+00 
 1160       1.645674591784e-10       1.597464155150e-12      -2.580967104963e-12       0.000000000000e+00 
 1161       1.641926645828e-10       1.602513760805e-12      -2.450620153314e-12       0.000000000000e+00 
 1162       1.638073301838e-10       1.608249140708e-12      -2.321444247437e-12       0.000000000000e+00 
 1163       1.634115541028e-10       1.614667505359e-12      -2.193505083887e-12       0.000000000000e+00 
 1164       1.630054353829e-10       1.621766028008e-12      -2.066868771794e-12       0.000000000000e+00 
 1165       1.625890739914e-10       1.629541844556e-12      -1.941601833709e-12       0.000000000000e+00 
 1166       1.621625708220e-10       1.637992053468e-12      -1.817771206465e-12       0.000000000000e+00 
 1167       1.617260276965e-10       1.647113715676e-12      -1.695444242029e-12       0.000000000000e+00 
 1168       1.612795473672e-10       1.656903854488e-12      -1.574688708358e-12       0.000000000000e+00 
 1169       1.608232335194e-10       1.667359455494e-12      -1.455572790255e-12       0.000000000000e+00 
 1170       1.603571907727e-10       1.678477466475e-12      -1.338165090221e-12       0.000000000000e+00 
 1171       1.598815397571e-10       1.690253606108e-12      -1.222527023039e-12       0.000000000000e+00 
 1172       1.593964625396e-10       1.702678773996e-12      -1.108689893867e-12       0.000000000000e+00 
 1173       1.589021577684e-10       1.715742595652e-12      -9.966775357539e-13       0.000000000000e+00 
 1174       1.583988256547e-10       1.729434609430e-12      -8.865138901477e-13       0.000000000000e+00 
 1175       1.578866679765e-10       1.743744266331e-12      -7.782230070911e-13       0.000000000000e+00 
 1176       1.573658880815e-10       1.758660929808e-12      -6.718290454091e-13       0.000000000000e+00 
 1177       1.568366908909e-10       1.774173875565e-12      -5.673562728994e-13       0.000000000000e+00 
 1178       1.562992829030e-10       1.790272291366e-12      -4.648290665220e-13       0.000000000000e+00 
 1179       1.557538721961e-10       1.806945276829e-12      -3.642719125897e-13       0.000000000000e+00 
 1180       1.552006684328e-10       1.824181843237e-12      -2.657094069574e-13       0.000000000000e+00 
 1181       1.546398828625e-10       1.841970913338e-12      -1.691662552125e-13       0.000000000000e+00 
 1182       1.540717283256e-10       1.860301321148e-12      -7.466727286440e-14       0.000000000000e+00 
 1183       1.534964192568e-10       1.879161811751e-12       1.776261446520e-14       0.000000000000e+00 
 1184       1.529141716883e-10       1.898541041109e-12       1.080983708527e-13       0.000000000000e+00 
 1185       1.523252032534e-10       1.918427575858e-12       1.963148498824e-13       0.000000000000e+00 
 1186       1.517297331901e-10       1.938809893115e-12       2.823867944570e-13       0.000000000000e+00 
 1187       1.511279823444e-10       1.959676380278e-12       3.662888366071e-13       0.000000000000e+00 
 1188       1.505201731739e-10       1.981015334833e-12       4.479954973020e-13       0.000000000000e+00 
 1189       1.499065297510e-10       2.002814964153e-12       5.274811862589e-13       0.000000000000e+00 
 1190       1.492872777666e-10       2.025063385302e-12       6.047202017540e-13       0.000000000000e+00 
 1191       1.486626445335e-10       2.047748624841e-12       6.796867304318e-13       0.000000000000e+00 
 1192       1.480328589900e-10       2.070858618625e-12       7.523548471153e-13       0.000000000000e+00 
 1193       1.473981517029e-10       2.094381211613e-12       8.226985146167e-13       0.000000000000e+00 
 1194       1.467587548715e-10       2.118304157664e-12       8.906915835465e-13       0.000000000000e+00 
 1195       1.461149023308e-10       2.142615119345e-12       9.563077921245e-13       0.000000000000e+00 
 1196       1.454668295549e-10       2.167301667733e-12       1.019520765989e-12       0.000000000000e+00 
 1197       1.448147736606e-10       2.192351282215e-12       1.080304018009e-12       0.000000000000e+00 
 1198       1.441589734110e-10       2.217751350295e-12       1.138630948090e-12       0.000000000000e+00 
 1199       1.434996692184e-10       2.243489167394e-12       1.194474842988e-12       0.000000000000e+00 
 1200       1.428371031485e-10       2.269551936655e-12       1.247808876120e-12       0.000000000000e+00 
 1201       1.421715189232e-10       2.295926768744e-12       1.298606107370e-12       0.000000000000e+00 
 1202       1.415031619246e-10       2.322600681654e-12       1.346839482902e-12       0.000000000000e+00 
 1203       1.408322791980e-10       2.349560600509e-12       1.392481834971e-12       0.000000000000e+00 
 1204       1.401591194558e-10       2.376793357365e-12       1.435505881730e-12       0.000000000000e+00 
 1205       1.394839330805e-10       2.404285691014e-12       1.475884227044e-12       0.000000000000e+00 
 1206       1.388069721285e-10       2.432024246786e-12       1.513589360294e-12       0.000000000000e+00 
 1207       1.381284903336e-10       2.459995576354e-12       1.548593656195e-12       0.000000000000e+00 
 1208       1.374487431101e-10       2.488186137534e-12       1.580869374599e-12       0.000000000000e+00 
 1209       1.367679875566e-10       2.516582294092e-12       1.610388660311e-12       0.000000000000e+00 
 1210       1.360864824593e-10       2.545170315542e-12       1.637123542894e-12       0.000000000000e+00 
 1211       1.354044751101e-10       2.573936714904e-12       1.661053439045e-12       0.000000000000e+00 
 1212       1.347221615794e-10       2.602869266827e-12       1.682187759223e-12       0.000000000000e+00 
 1213       1.340397259708e-10       2.631956001358e-12       1.700543573509e-12       0.000000000000e+00 
 1214       1.333573535652e-10       2.661184866944e-12       1.716138134224e-12       0.000000000000e+00 
 1215       1.326752308230e-10       2.690543730258e-12       1.728988876345e-12       0.000000000000e+00 
 1216       1.319935453872e-10       2.720020376029e-12       1.739113417933e-12       0.000000000000e+00 
 1217       1.313124860848e-10       2.749602506875e-12       1.746529560557e-12       0.000000000000e+00 
 1218       1.306322429298e-10       2.779277743134e-12       1.751255289714e-12       0.000000000000e+00 
 1219       1.299530071258e-10       2.809033622691e-12       1.753308775253e-12       0.000000000000e+00 
 1220       1.292749710675e-10       2.838857600811e-12       1.752708371804e-12       0.000000000000e+00 
 1221       1.285983283440e-10       2.868737049972e-12       1.749472619192e-12       0.000000000000e+00 
 1222       1.279232737408e-10       2.898659259691e-12       1.743620242871e-12       0.000000000000e+00 
 1223       1.272500032418e-10       2.928611436355e-12       1.735170154340e-12       0.000000000000e+00 
 1224       1.265787140326e-10       2.958580703056e-12       1.724141451566e-12       0.000000000000e+00 
 1225       1.259096045020e-10       2.988554099417e-12       1.710553419415e-12       0.000000000000e+00 
 1226       1.252428742449e-10       3.018518581425e-12       1.694425530069e-12       0.000000000000e+00 
 1227       1.245787240644e-10       3.048461021260e-12       1.675777443449e-12       0.000000000000e+00 
 1228       1.239173559743e-10       3.078368207128e-12       1.654629007643e-12       0.000000000000e+00 
 1229       1.232589732016e-10       3.108226843089e-12       1.631000259328e-12       0.000000000000e+00 
 1230       1.226037801886e-10       3.138023548889e-12       1.604911424190e-12       0.000000000000e+00 
 1231       1.219519825957e-10       3.167744859789e-12       1.576382917352e-12       0.000000000000e+00 
 1232       1.213037873033e-10       3.197377226398e-12       1.545435343796e-12       0.000000000000e+00 
 1233       1.206594024145e-10       3.226907014503e-12       1.512089498784e-12       0.000000000000e+00 
 1234       1.200190372572e-10       3.256320504897e-12       1.476366368285e-12       0.000000000000e+00 
 1235       1.193829023871e-10       3.285603893213e-12       1.438287129397e-12       0.000000000000e+00 
 1236       1.187512095893e-10       3.314743289753e-12       1.397873150772e-12       0.000000000000e+00 
 1237       1.181241718812e-10       3.343724719318e-12       1.355145993036e-12       0.000000000000e+00 
 1238       1.175020035145e-10       3.372534121040e-12       1.310127409215e-12       0.000000000000e+00 
 1239       1.168849199782e-10       3.401157348211e-12       1.262839345158e-12       0.000000000000e+00 
 1240       1.162731380002e-10       3.429580168115e-12       1.213303939961e-12       0.000000000000e+00 
 1241       1.156668755503e-10       3.457788261858e-12       1.161543526391e-12       0.000000000000e+00 
 1242       1.150663518424e-10       3.485767224199e-12       1.107580631306e-12       0.000000000000e+00 
 1243       1.144717873365e-10       3.513502563380e-12       1.051437976083e-12       0.000000000000e+00 
 1244       1.138834037418e-10       3.540979700955e-12       9.931384770391e-13       0.000000000000e+00 
 1245       1.133014240185e-10       3.568183971626e-12       9.327052458547e-13       0.000000000000e+00 
 1246       1.127260723804e-10       3.595100623066e-12       8.701615899984e-13       0.000000000000e+00 
 1247       1.121575742974e-10       3.621714815756e-12       8.055310131493e-13       0.000000000000e+00 
 1248       1.115961564975e-10       3.648011622812e-12       7.388372156211e-13       0.000000000000e+00 
 1249       1.110420469697e-10       3.673976029818e-12       6.701040947854e-13       0.000000000000e+00 
 1250       1.104954749658e-10       3.699592934654e-12       5.993557454952e-13       0.000000000000e+00 
 1251       1.099566421844e-10       3.724848667058e-12       5.266194786983e-13       0.000000000000e+00 
 1252       1.094256359464e-10       3.749735567081e-12       4.519349150326e-13       0.000000000000e+00 
 1253       1.089025150098e-10       3.774247459799e-12       3.753449983372e-13       0.000000000000e+00 
 1254       1.083873382960e-10       3.798378140381e-12       2.968929877561e-13       0.000000000000e+00 
 1255       1.078801648905e-10       3.822121374036e-12       2.166224583931e-13       0.000000000000e+00 
 1256       1.073810540428e-10       3.845470895960e-12       1.345773019663e-13       0.000000000000e+00 
 1257       1.068900651670e-10       3.868420411284e-12       5.080172746283e-14       0.000000000000e+00 
 1258       1.064072578412e-10       3.890963595023e-12      -3.465973820621e-14       0.000000000000e+00 
 1259       1.059326918087e-10       3.913094092017e-12      -1.217622495512e-13       0.000000000000e+00 
 1260       1.054664269772e-10       3.934805516884e-12      -2.104606418492e-13       0.000000000000e+00 
 1261       1.050085234196e-10       3.956091453964e-12      -3.007094304892e-13       0.000000000000e+00 
 1262       1.045590413740e-10       3.976945457267e-12      -3.924628103175e-13       0.000000000000e+00 
 1263       1.041180412438e-10       3.997361050419e-12      -4.856746549830e-13       0.000000000000e+00 
 1264       1.036855835978e-10       4.017331726610e-12      -5.802985162822e-13       0.000000000000e+00 
 1265       1.032617291707e-10       4.036850948542e-12      -6.762876235046e-13       0.000000000000e+00 
 1266       1.028465388631e-10       4.055912148373e-12      -7.735948827784e-13       0.000000000000e+00 
 1267       1.024400737413e-10       4.074508727666e-12      -8.721728764151e-13       0.000000000000e+00 
 1268       1.020423950383e-10       4.092634057338e-12      -9.719738622551e-13       0.000000000000e+00 
 1269       1.016535641531e-10       4.110281477602e-12      -1.072949773013e-12       0.000000000000e+00 
 1270       1.012736426515e-10       4.127444297919e-12      -1.175052215623e-12       0.000000000000e+00 
 1271       1.009026922660e-10       4.144115796941e-12      -1.278232470583e-12       0.000000000000e+00 
 1272       1.005407748960e-10       4.160289222461e-12      -1.382441491303e-12       0.000000000000e+00 
 1273       1.001879526081e-10       4.175957791359e-12      -1.487629903446e-12       0.000000000000e+00 
 1274       9.984428763582e-11       4.191114689548e-12      -1.593748004276e-12       0.000000000000e+00 
 1275       9.950984238058e-11       4.205753071924e-12      -1.700745762004e-12       0.000000000000e+00 
 1276       9.918467941115e-11       4.219866062308e-12      -1.808572815131e-12       0.000000000000e+00 
 1277       9.886886146417e-11       4.233446753399e-12      -1.917178471795e-12       0.000000000000e+00 
 1278       9.856245144422e-11       4.246488206715e-12      -2.026511709114e-12       0.000000000000e+00 
 1279       9.826551242406e-11       4.258983452545e-12      -2.136521172535e-12       0.000000000000e+00 
 1280       9.797810764473e-11       4.270925489894e-12      -2.247155175176e-12       0.000000000000e+00 
 1281       9.770030051578e-11       4.282307286429e-12      -2.358361697172e-12       0.000000000000e+00 
 1282       9.743215461541e-11       4.293121778428e-12      -2.470088385022e-12       0.000000000000e+00 
 1283       9.717373369069e-11       4.303361870726e-12      -2.582282550932e-12       0.000000000000e+00 
 1284       9.692510165767e-11       4.313020436661e-12      -2.694891172161e-12       0.000000000000e+00 
 1285       9.668632260161e-11       4.322090318023e-12      -2.807860890367e-12       0.000000000000e+00 
 1286       9.645746077713e-11       4.330564325001e-12      -2.921138010952e-12       0.000000000000e+00 
 1287       9.623858060838e-11       4.338435236128e-12      -3.034668502407e-12       0.000000000000e+00 
 1288       9.602974668922e-11       4.345695798228e-12      -3.148397995656e-12       0.000000000000e+00 
 1289       9.583102378341e-11       4.352338726367e-12      -3.262271783404e-12       0.000000000000e+00 
 1290       9.564247682477e-11       4.358356703795e-12      -3.376234819482e-12       0.000000000000e+00 
 1291       9.546414592440e-11       4.363744069937e-12      -3.490234388090e-12       0.000000000000e+00 
 1292       9.529597108230e-11       4.368501905376e-12      -3.604228145947e-12       0.000000000000e+00 
 1293       9.513786662350e-11       4.372633004353e-12      -3.718176169916e-12       0.000000000000e+00 
 1294       9.498974611201e-11       4.376140192012e-12      -3.832038294904e-12       0.000000000000e+00 
 1295       9.485152234921e-11       4.379026324472e-12      -3.945774113398e-12       0.000000000000e+00 
 1296       9.472310737224e-11       4.381294288899e-12      -4.059342975002e-12       0.000000000000e+00 
 1297       9.460441245233e-11       4.382947003566e-12      -4.172703985977e-12       0.000000000000e+00 
 1298       9.449534809325e-11       4.383987417929e-12      -4.285816008775e-12       0.000000000000e+00 
 1299       9.439582402960e-11       4.384418512693e-12      -4.398637661579e-12       0.000000000000e+00 
 1300       9.430574922525e-11       4.384243299879e-12      -4.511127317838e-12       0.000000000000e+00 
 1301       9.422503187170e-11       4.383464822894e-12      -4.623243105807e-12       0.000000000000e+00 
 1302       9.415357938644e-11       4.382086156599e-12      -4.734942908082e-12       0.000000000000e+00 
 1303       9.409129841136e-11       4.380110407379e-12      -4.846184361139e-12       0.000000000000e+00 
 1304       9.403809481107e-11       4.377540713207e-12      -4.956924854870e-12       0.000000000000e+00 
 1305       9.399387367135e-11       4.374380243719e-12      -5.067121532121e-12       0.000000000000e+00 
 1306       9.395853929746e-11       4.370632200277e-12      -5.176731288230e-12       0.000000000000e+00 
 1307       9.393199521256e-11       4.366299816039e-12      -5.285710770564e-12       0.000000000000e+00 
 1308       9.391414415605e-11       4.361386356029e-12      -5.394016378054e-12       0.000000000000e+00 
 1309       9.390488808200e-11       4.355895117204e-12      -5.501604260738e-12       0.000000000000e+00 
 1310       9.390412815747e-11       4.349829428524e-12      -5.608430319291e-12       0.000000000000e+00 
 1311       9.391176476090e-11       4.343192651016e-12      -5.714450204568e-12       0.000000000000e+00 
 1312       9.392769748052e-11       4.335988177850e-12      -5.819619317140e-12       0.000000000000e+00 
 1313       9.395182511269e-11       4.328219434399e-12      -5.923892806831e-12       0.000000000000e+00 
 1314       9.398404566030e-11       4.319889878315e-12      -6.027225572253e-12       0.000000000000e+00 
 1315       9.402425633111e-11       4.311002999592e-12      -6.129572260348e-12       0.000000000000e+00 
 1316       9.407235353617e-11       4.301562320638e-12      -6.230887265922e-12       0.000000000000e+00 
 1317       9.412823288817e-11       4.291571396342e-12      -6.331124731182e-12       0.000000000000e+00 
 1318       9.419178919984e-11       4.281033814140e-12      -6.430238545277e-12       0.000000000000e+00 
 1319       9.426291648229e-11       4.269953194090e-12      -6.528182343832e-12       0.000000000000e+00 
 1320       9.434150794341e-11       4.258333188933e-12      -6.624909508486e-12       0.000000000000e+00 
 1321       9.442745598625e-11       4.246177484167e-12      -6.720373166430e-12       0.000000000000e+00 
 1322       9.452065220739e-11       4.233489798112e-12      -6.814526189943e-12       0.000000000000e+00 
 1323       9.462098739531e-11       4.220273881980e-12      -6.907321195933e-12       0.000000000000e+00 
 1324       9.472835152877e-11       4.206533519945e-12      -6.998710545469e-12       0.000000000000e+00 
 1325       9.484263377519e-11       4.192272529208e-12      -7.088646343322e-12       0.000000000000e+00 
 1326       9.496372248904e-11       4.177494760067e-12      -7.177080437502e-12       0.000000000000e+00 
 1327       9.509150521018e-11       4.162204095986e-12      -7.263964418796e-12       0.000000000000e+00 
 1328       9.522586866225e-11       4.146404453664e-12      -7.349249620300e-12       0.000000000000e+00 
 1329       9.536669875109e-11       4.130099783102e-12      -7.432887116966e-12       0.000000000000e+00 
 1330       9.551388056305e-11       4.113294067672e-12      -7.514827725129e-12       0.000000000000e+00 
 1331       9.566729139452e-11       4.095992168411e-12      -7.595028066161e-12       0.000000000000e+00 
 1332       9.582677975989e-11       4.078202366921e-12      -7.673468831224e-12       0.000000000000e+00 
 1333       9.599218614975e-11       4.059933850540e-12      -7.750136716242e-12       0.000000000000e+00 
 1334       9.616334997676e-11       4.041195870774e-12      -7.825018375939e-12       0.000000000000e+00 
 1335       9.634010957354e-11       4.021997743430e-12      -7.898100423790e-12       0.000000000000e+00 
 1336       9.652230219059e-11       4.002348848731e-12      -7.969369431970e-12       0.000000000000e+00 
 1337       9.670976399418e-11       3.982258631451e-12      -8.038811931298e-12       0.000000000000e+00 
 1338       9.690233006429e-11       3.961736601035e-12      -8.106414411187e-12       0.000000000000e+00 
 1339       9.709983439245e-11       3.940792331727e-12      -8.172163319593e-12       0.000000000000e+00 
 1340       9.730210987973e-11       3.919435462694e-12      -8.236045062959e-12       0.000000000000e+00 
 1341       9.750898833455e-11       3.897675698154e-12      -8.298046006167e-12       0.000000000000e+00 
 1342       9.772030047066e-11       3.875522807499e-12      -8.358152472485e-12       0.000000000000e+00 
 1343       9.793587590502e-11       3.852986625423e-12      -8.416350743510e-12       0.000000000000e+00 
 1344       9.815554315569e-11       3.830077052045e-12      -8.472627059124e-12       0.000000000000e+00 
 1345       9.837912963975e-11       3.806804053036e-12      -8.526967617435e-12       0.000000000000e+00 
 1346       9.860646167120e-11       3.783177659745e-12      -8.579358574728e-12       0.000000000000e+00 
 1347       9.883736445886e-11       3.759207969325e-12      -8.629786045412e-12       0.000000000000e+00 
 1348       9.907166210431e-11       3.734905144856e-12      -8.678236101968e-12       0.000000000000e+00 
 1349       9.930917759972e-11       3.710279415474e-12      -8.724694774895e-12       0.000000000000e+00 
 1350       9.954973282584e-11       3.685341076495e-12      -8.769148052663e-12       0.000000000000e+00 
 1351       9.979314854984e-11       3.660100489538e-12      -8.811581881654e-12       0.000000000000e+00 
 1352       1.000392444232e-10       3.634568082658e-12      -8.851982166115e-12       0.000000000000e+00 
 1353       1.002878389798e-10       3.608754350461e-12      -8.890334768103e-12       0.000000000000e+00 
 1354       1.005387496335e-10       3.582669854240e-12      -8.926625507434e-12       0.000000000000e+00 
 1355       1.007917926764e-10       3.556325222093e-12      -8.960840161632e-12       0.000000000000e+00 
 1356       1.010467832763e-10       3.529731149055e-12      -8.992964465873e-12       0.000000000000e+00 
 1357       1.013035354752e-10       3.502898397216e-12      -9.022984112936e-12       0.000000000000e+00 
 1358       1.015618621866e-10       3.475837795854e-12      -9.050884753151e-12       0.000000000000e+00 
 1359       1.018215751938e-10       3.448560241556e-12      -9.076651994345e-12       0.000000000000e+00 
 1360       1.020824851478e-10       3.421076698346e-12      -9.100271401790e-12       0.000000000000e+00 
 1361       1.023444015649e-10       3.393398197808e-12      -9.121728498152e-12       0.000000000000e+00 
 1362       1.026071328249e-10       3.365535839215e-12      -9.141008763439e-12       0.000000000000e+00 
 1363       1.028704861689e-10       3.337500789651e-12      -9.158097634946e-12       0.000000000000e+00 
 1364       1.031342676971e-10       3.309304284141e-12      -9.172980507208e-12       0.000000000000e+00 
 1365       1.033982823669e-10       3.280957625772e-12      -9.185642731942e-12       0.000000000000e+00 
 1366       1.036623339907e-10       3.252472185820e-12      -9.196069617997e-12       0.000000000000e+00 
 1367       1.039262252339e-10       3.223859403878e-12      -9.204246431305e-12       0.000000000000e+00 
 1368       1.041897576125e-10       3.195130787980e-12      -9.210158394825e-12       0.000000000000e+00 
 1369       1.044527314915e-10       3.166297914726e-12      -9.213790688490e-12       0.000000000000e+00 
 1370       1.047149460823e-10       3.137372429406e-12      -9.215128449159e-12       0.000000000000e+00 
 1371       1.049762118391e-10       3.108365646468e-12      -9.214162258004e-12       0.000000000000e+00 
 1372       1.052363877956e-10       3.079287345988e-12      -9.210904666824e-12       0.000000000000e+00 
 1373       1.054953446219e-10       3.050146964613e-12      -9.205373847894e-12       0.000000000000e+00 
 1374       1.057529522619e-10       3.020953994152e-12      -9.197588122817e-12       0.000000000000e+00 
 1375       1.060090799314e-10       2.991717981685e-12      -9.187565962818e-12       0.000000000000e+00 
 1376       1.062635961172e-10       2.962448529654e-12      -9.175325989042e-12       0.000000000000e+00 
 1377       1.065163685753e-10       2.933155295971e-12      -9.160886972856e-12       0.000000000000e+00 
 1378       1.067672643302e-10       2.903847994114e-12      -9.144267836142e-12       0.000000000000e+00 
 1379       1.070161496732e-10       2.874536393225e-12      -9.125487651598e-12       0.000000000000e+00 
 1380       1.072628901612e-10       2.845230318216e-12      -9.104565643034e-12       0.000000000000e+00 
 1381       1.075073506154e-10       2.815939649865e-12      -9.081521185672e-12       0.000000000000e+00 
 1382       1.077493951200e-10       2.786674324917e-12      -9.056373806441e-12       0.000000000000e+00 
 1383       1.079888870210e-10       2.757444336185e-12      -9.029143184279e-12       0.000000000000e+00 
 1384       1.082256889245e-10       2.728259732646e-12      -8.999849150424e-12       0.000000000000e+00 
 1385       1.084596626960e-10       2.699130619550e-12      -8.968511688722e-12       0.000000000000e+00 
 1386       1.086906694584e-10       2.670067158509e-12      -8.935150935915e-12       0.000000000000e+00 
 1387       1.089185695916e-10       2.641079567606e-12      -8.899787181943e-12       0.000000000000e+00 
 1388       1.091432227301e-10       2.612178121490e-12      -8.862440870245e-12       0.000000000000e+00 
 1389       1.093644877626e-10       2.583373151480e-12      -8.823132598052e-12       0.000000000000e+00 
 1390       1.095822228303e-10       2.554675045660e-12      -8.781883116685e-12       0.000000000000e+00 
 1391       1.097962853256e-10       2.526094248984e-12      -8.738713331858e-12       0.000000000000e+00 
 1392       1.100065318909e-10       2.497641263373e-12      -8.693644303969e-12       0.000000000000e+00 
 1393       1.102128184172e-10       2.469326647818e-12      -8.646697248405e-12       0.000000000000e+00 
 1394       1.104150000429e-10       2.441161018477e-12      -8.597893535833e-12       0.000000000000e+00 
 1395       1.106129311524e-10       2.413155048776e-12      -8.547254692502e-12       0.000000000000e+00 
 1396       1.108064653747e-10       2.385319469511e-12      -8.494802400542e-12       0.000000000000e+00 
 1397       1.109954555825e-10       2.357665068946e-12      -8.440558498257e-12       0.000000000000e+00 
 1398       1.111797538904e-10       2.330202692914e-12      -8.384544980427e-12       0.000000000000e+00 
 1399       1.113592116538e-10       2.302943244915e-12      -8.326783998606e-12       0.000000000000e+00 
 1400       1.115336794679e-10       2.275897686222e-12      -8.267297861415e-12       0.000000000000e+00 
 1401       1.117030071657e-10       2.249077035973e-12      -8.206109034848e-12       0.000000000000e+00 
 1402       1.118670438175e-10       2.222492371278e-12      -8.143240142561e-12       0.000000000000e+00 
 1403       1.120256377289e-10       2.196154827315e-12      -8.078713966177e-12       0.000000000000e+00 
 1404       1.121786364399e-10       2.170075597431e-12      -8.012553445580e-12       0.000000000000e+00 
 1405       1.123258867235e-10       2.144265933245e-12      -7.944781679214e-12       0.000000000000e+00 
 1406       1.124672345845e-10       2.118737144743e-12      -7.875421924381e-12       0.000000000000e+00 
 1407       1.126025252578e-10       2.093500600381e-12      -7.804497597538e-12       0.000000000000e+00 
 1408       1.127316032077e-10       2.068567727186e-12      -7.732032274598e-12       0.000000000000e+00 
 1409       1.128543121259e-10       2.043950010856e-12      -7.658049691222e-12       0.000000000000e+00 
 1410       1.129704949310e-10       2.019658995856e-12      -7.582573743123e-12       0.000000000000e+00 
 1411       1.130800155989e-10       1.995705015265e-12      -7.505630288861e-12       0.000000000000e+00 
 1412       1.131828249066e-10       1.972093365703e-12      -7.427252578085e-12       0.000000000000e+00 
 1413       1.132788953676e-10       1.948828092954e-12      -7.347475880145e-12       0.000000000000e+00 
 1414       1.133681994610e-10       1.925913258656e-12      -7.266335687103e-12       0.000000000000e+00 
 1415       1.134507096320e-10       1.903352940319e-12      -7.183867714138e-12       0.000000000000e+00 
 1416       1.135263982913e-10       1.881151231355e-12      -7.100107899952e-12       0.000000000000e+00 
 1417       1.135952378157e-10       1.859312241095e-12      -7.015092407179e-12       0.000000000000e+00 
 1418       1.136572005476e-10       1.837840094817e-12      -6.928857622789e-12       0.000000000000e+00 
 1419       1.137122587955e-10       1.816738933768e-12      -6.841440158497e-12       0.000000000000e+00 
 1420       1.137603848335e-10       1.796012915188e-12      -6.752876851166e-12       0.000000000000e+00 
 1421       1.138015509018e-10       1.775666212333e-12      -6.663204763216e-12       0.000000000000e+00 
 1422       1.138357292063e-10       1.755703014500e-12      -6.572461183030e-12       0.000000000000e+00 
 1423       1.138628919188e-10       1.736127527048e-12      -6.480683625359e-12       0.000000000000e+00 
 1424       1.138830111773e-10       1.716943971425e-12      -6.387909831731e-12       0.000000000000e+00 
 1425       1.138960590852e-10       1.698156585189e-12      -6.294177770856e-12       0.000000000000e+00 
 1426       1.139020077123e-10       1.679769622032e-12      -6.199525639032e-12       0.000000000000e+00 
 1427       1.139008290941e-10       1.661787351805e-12      -6.103991860552e-12       0.000000000000e+00 
 1428       1.138924952321e-10       1.644214060539e-12      -6.007615088111e-12       0.000000000000e+00 
 1429       1.138769780936e-10       1.627054050472e-12      -5.910434203211e-12       0.000000000000e+00 
 1430       1.138542496122e-10       1.610311640070e-12      -5.812488316568e-12       0.000000000000e+00 
 1431       1.138242816871e-10       1.593991164052e-12      -5.713816768522e-12       0.000000000000e+00 
 1432       1.137870461838e-10       1.578096973412e-12      -5.614459129436e-12       0.000000000000e+00 
 1433       1.137425149336e-10       1.562633435445e-12      -5.514455200108e-12       0.000000000000e+00 
 1434       1.136906597339e-10       1.547604933767e-12      -5.413845012179e-12       0.000000000000e+00 
 1435       1.136314523480e-10       1.533015868343e-12      -5.312668828533e-12       0.000000000000e+00 
 1436       1.135648645054e-10       1.518870655507e-12      -5.210967143708e-12       0.000000000000e+00 
 1437       1.134908679016e-10       1.505173727988e-12      -5.108780684302e-12       0.000000000000e+00 
 1438       1.134094341980e-10       1.491929534933e-12      -5.006150409379e-12       0.000000000000e+00 
 1439       1.133205350223e-10       1.479142541928e-12      -4.903117510876e-12       0.000000000000e+00 
 1440       1.132241419680e-10       1.466817231026e-12      -4.799723414006e-12       0.000000000000e+00 
 1441       1.131202265948e-10       1.454958100767e-12      -4.696009777671e-12       0.000000000000e+00 
 1442       1.130087604287e-10       1.443569666205e-12      -4.592018494862e-12       0.000000000000e+00 
 1443       1.128897149615e-10       1.432656458926e-12      -4.487791693070e-12       0.000000000000e+00 
 1444       1.127630616512e-10       1.422223027079e-12      -4.383371734690e-12       0.000000000000e+00 
 1445       1.126287719219e-10       1.412273935394e-12      -4.278801217427e-12       0.000000000000e+00 
 1446       1.124868171641e-10       1.402813765207e-12      -4.174122974705e-12       0.000000000000e+00 
 1447       1.123371687340e-10       1.393847114485e-12      -4.069380076071e-12       0.000000000000e+00 
 1448       1.121797979544e-10       1.385378597848e-12      -3.964615827604e-12       0.000000000000e+00 
 1449       1.120146761139e-10       1.377412846593e-12      -3.859873772318e-12       0.000000000000e+00 
 1450       1.118417744674e-10       1.369954508719e-12      -3.755197690572e-12       0.000000000000e+00 
 1451       1.116610815888e-10       1.363006953054e-12      -3.650629177156e-12       0.000000000000e+00 
 1452       1.114726556200e-10       1.356568367316e-12      -3.546200345030e-12       0.000000000000e+00 
 1453       1.112765725484e-10       1.350635620770e-12      -3.441941048853e-12       0.000000000000e+00 
 1454       1.110729089031e-10       1.345205556505e-12      -3.337881301895e-12       0.000000000000e+00 
 1455       1.108617417558e-10       1.340274991381e-12      -3.234051276304e-12       0.000000000000e+00 
 1456       1.106431487219e-10       1.335840715983e-12      -3.130481303378e-12       0.000000000000e+00 
 1457       1.104172079612e-10       1.331899494565e-12      -3.027201873831e-12       0.000000000000e+00 
 1458       1.101839981796e-10       1.328448065005e-12      -2.924243638060e-12       0.000000000000e+00 
 1459       1.099435986291e-10       1.325483138754e-12      -2.821637406418e-12       0.000000000000e+00 
 1460       1.096960891098e-10       1.323001400783e-12      -2.719414149477e-12       0.000000000000e+00 
 1461       1.094415499700e-10       1.320999509534e-12      -2.617604998301e-12       0.000000000000e+00 
 1462       1.091800621081e-10       1.319474096870e-12      -2.516241244710e-12       0.000000000000e+00 
 1463       1.089117069727e-10       1.318421768028e-12      -2.415354341554e-12       0.000000000000e+00 
 1464       1.086365665643e-10       1.317839101562e-12      -2.314975902976e-12       0.000000000000e+00 
 1465       1.083547234359e-10       1.317722649299e-12      -2.215137704683e-12       0.000000000000e+00 
 1466       1.080662606942e-10       1.318068936285e-12      -2.115871684216e-12       0.000000000000e+00 
 1467       1.077712620005e-10       1.318874460736e-12      -2.017209941214e-12       0.000000000000e+00 
 1468       1.074698115716e-10       1.320135693990e-12      -1.919184737687e-12       0.000000000000e+00 
 1469       1.071619941812e-10       1.321849080452e-12      -1.821828498280e-12       0.000000000000e+00 
 1470       1.068478951603e-10       1.324011037549e-12      -1.725173810548e-12       0.000000000000e+00 
 1471       1.065276003989e-10       1.326617955675e-12      -1.629253425216e-12       0.000000000000e+00 
 1472       1.062011963462e-10       1.329666198144e-12      -1.534100256454e-12       0.000000000000e+00 
 1473       1.058687700123e-10       1.333152101140e-12      -1.439747382143e-12       0.000000000000e+00 
 1474       1.055304089689e-10       1.337071973663e-12      -1.346228044142e-12       0.000000000000e+00 
 1475       1.051862013502e-10       1.341422097485e-12      -1.253575648560e-12       0.000000000000e+00 
 1476       1.048362358540e-10       1.346198727093e-12      -1.161823766022e-12       0.000000000000e+00 
 1477       1.044806017429e-10       1.351398089643e-12      -1.071006131936e-12       0.000000000000e+00 
 1478       1.041193888450e-10       1.357016384910e-12      -9.811566467665e-13       0.000000000000e+00 
 1479       1.037526875550e-10       1.363049785236e-12      -8.923093762964e-13       0.000000000000e+00 
 1480       1.033805888352e-10       1.369494435478e-12      -8.044985519005e-13       0.000000000000e+00 
 1481       1.030031842166e-10       1.376346452964e-12      -7.177585708119e-13       0.000000000000e+00 
 1482       1.026205657997e-10       1.383601927437e-12      -6.321239963905e-13       0.000000000000e+00 
 1483       1.022328262556e-10       1.391256921007e-12      -5.476295583915e-13       0.000000000000e+00 
 1484       1.018400588272e-10       1.399307468100e-12      -4.643101532341e-13       0.000000000000e+00 
 1485       1.014423573298e-10       1.407749575408e-12      -3.822008442696e-13       0.000000000000e+00 
 1486       1.010398161524e-10       1.416579221841e-12      -3.013368620501e-13       0.000000000000e+00 
 1487       1.006325302585e-10       1.425792358474e-12      -2.217536045966e-13       0.000000000000e+00 
 1488       1.002205951873e-10       1.435384908496e-12      -1.434866376677e-13       0.000000000000e+00 
 1489       9.980410705473e-11       1.445352767164e-12      -6.657169502802e-14       0.000000000000e+00 
 1490       9.938316255405e-11       1.455691801750e-12       8.955321283621e-15       0.000000000000e+00 
 1491       9.895786277463e-11       1.466397280544e-12       8.306302727759e-14       0.000000000000e+00 
 1492       9.852832469582e-11       1.477462153849e-12       1.557386668133e-13       0.000000000000e+00 
 1493       9.809466980765e-11       1.488878756028e-12       2.269741396796e-13       0.000000000000e+00 
 1494       9.765702030494e-11       1.500639374830e-12       2.967613275474e-13       0.000000000000e+00 
 1495       9.721549908849e-11       1.512736251317e-12       3.650920939540e-13       0.000000000000e+00 
 1496       9.677022976629e-11       1.525161579779e-12       4.319582842875e-13       0.000000000000e+00 
 1497       9.632133665472e-11       1.537907507654e-12       4.973517257715e-13       0.000000000000e+00 
 1498       9.586894477975e-11       1.550966135446e-12       5.612642274490e-13       0.000000000000e+00 
 1499       9.541317987816e-11       1.564329516646e-12       6.236875801668e-13       0.000000000000e+00 
 1500       9.495416839874e-11       1.577989657648e-12       6.846135565606e-13       0.000000000000e+00 
 1501       9.449203750349e-11       1.591938517671e-12       7.440339110383e-13       0.000000000000e+00 
 1502       9.402691506883e-11       1.606168008677e-12       8.019403797654e-13       0.000000000000e+00 
 1503       9.355892968677e-11       1.620669995289e-12       8.583246806486e-13       0.000000000000e+00 
 1504       9.308821066620e-11       1.635436294709e-12       9.131785133207e-13       0.000000000000e+00 
 1505       9.261488803401e-11       1.650458676643e-12       9.664935591247e-13       0.000000000000e+00 
 1506       9.213909253631e-11       1.665728863212e-12       1.018261481098e-12       0.000000000000e+00 
 1507       9.166095563970e-11       1.681238528876e-12       1.068473923959e-12       0.000000000000e+00 
 1508       9.118060953237e-11       1.696979300351e-12       1.117122514085e-12       0.000000000000e+00 
 1509       9.069818712540e-11       1.712942756529e-12       1.164198859507e-12       0.000000000000e+00 
 1510       9.021382205390e-11       1.729120428398e-12       1.209694549883e-12       0.000000000000e+00 
 1511       8.972764867828e-11       1.745503798956e-12       1.253601156492e-12       0.000000000000e+00 
 1512       8.923980208536e-11       1.762084303139e-12       1.295910232210e-12       0.000000000000e+00 
 1513       8.875041808967e-11       1.778853327729e-12       1.336613311501e-12       0.000000000000e+00 
 1514       8.825963323459e-11       1.795802211282e-12       1.375701910397e-12       0.000000000000e+00 
 1515       8.776758479362e-11       1.812922244043e-12       1.413167526487e-12       0.000000000000e+00 
 1516       8.727441077149e-11       1.830204667865e-12       1.449001638895e-12       0.000000000000e+00 
 1517       8.678024990546e-11       1.847640676129e-12       1.483195708271e-12       0.000000000000e+00 
 1518       8.628524166646e-11       1.865221413663e-12       1.515741176769e-12       0.000000000000e+00 
 1519       8.578952626034e-11       1.882937976658e-12       1.546629468037e-12       0.000000000000e+00 
 1520       8.529324462904e-11       1.900781412593e-12       1.575851987199e-12       0.000000000000e+00 
 1521       8.479653845182e-11       1.918742720149e-12       1.603400120839e-12       0.000000000000e+00 
 1522       8.429955014643e-11       1.936812849128e-12       1.629265236986e-12       0.000000000000e+00 
 1523       8.380242287036e-11       1.954982700377e-12       1.653438685096e-12       0.000000000000e+00 
 1524       8.330530052202e-11       1.973243125700e-12       1.675911796043e-12       0.000000000000e+00 
 1525       8.280832774195e-11       1.991584927782e-12       1.696675882095e-12       0.000000000000e+00 
 1526       8.231164991401e-11       2.009998860107e-12       1.715722236904e-12       0.000000000000e+00 
 1527       8.181541316662e-11       2.028475626876e-12       1.733042135490e-12       0.000000000000e+00 
 1528       8.131976437391e-11       2.047005882925e-12       1.748626834220e-12       0.000000000000e+00 
 1529       8.082485115700e-11       2.065580233649e-12       1.762467570802e-12       0.000000000000e+00 
 1530       8.033082188512e-11       2.084189234912e-12       1.774555564259e-12       0.000000000000e+00 
 1531       7.983781596350e-11       2.102823793275e-12       1.784885989099e-12       0.000000000000e+00 
 1532       7.934593459286e-11       2.121476370981e-12       1.793469939366e-12       0.000000000000e+00 
 1533       7.885526973292e-11       2.140139792316e-12       1.800322578861e-12       0.000000000000e+00 
 1534       7.836591379115e-11       2.158806844297e-12       1.805459177525e-12       0.000000000000e+00 
 1535       7.787795962345e-11       2.177470276608e-12       1.808895111629e-12       0.000000000000e+00 
 1536       7.739150053491e-11       2.196122801542e-12       1.810645863959e-12       0.000000000000e+00 
 1537       7.690663028045e-11       2.214757093939e-12       1.810727024007e-12       0.000000000000e+00 
 1538       7.642344306559e-11       2.233365791127e-12       1.809154288153e-12       0.000000000000e+00 
 1539       7.594203354711e-11       2.251941492859e-12       1.805943459860e-12       0.000000000000e+00 
 1540       7.546249683379e-11       2.270476761256e-12       1.801110449856e-12       0.000000000000e+00 
 1541       7.498492848711e-11       2.288964120743e-12       1.794671276323e-12       0.000000000000e+00 
 1542       7.450942452194e-11       2.307396057990e-12       1.786642065087e-12       0.000000000000e+00 
 1543       7.403608140727e-11       2.325765021853e-12       1.777039049805e-12       0.000000000000e+00 
 1544       7.356499606693e-11       2.344063423310e-12       1.765878572148e-12       0.000000000000e+00 
 1545       7.309626588024e-11       2.362283635404e-12       1.753177081997e-12       0.000000000000e+00 
 1546       7.262998868279e-11       2.380417993179e-12       1.738951137624e-12       0.000000000000e+00 
 1547       7.216626276709e-11       2.398458793622e-12       1.723217405881e-12       0.000000000000e+00 
 1548       7.170518688332e-11       2.416398295604e-12       1.705992662392e-12       0.000000000000e+00 
 1549       7.124686024001e-11       2.434228719813e-12       1.687293791733e-12       0.000000000000e+00 
 1550       7.079138250476e-11       2.451942248702e-12       1.667137787629e-12       0.000000000000e+00 
 1551       7.033885380494e-11       2.469531026421e-12       1.645541753133e-12       0.000000000000e+00 
 1552       6.988937472842e-11       2.486987158762e-12       1.622522900818e-12       0.000000000000e+00 
 1553       6.944304632423e-11       2.504302713094e-12       1.598098552967e-12       0.000000000000e+00 
 1554       6.899997010334e-11       2.521469718307e-12       1.572286141755e-12       0.000000000000e+00 
 1555       6.856024803930e-11       2.538480164746e-12       1.545103209440e-12       0.000000000000e+00 
 1556       6.812398256898e-11       2.555326004156e-12       1.516567408552e-12       0.000000000000e+00 
 1557       6.769127659328e-11       2.571999149619e-12       1.486696502078e-12       0.000000000000e+00 
 1558       6.726223347781e-11       2.588491475492e-12       1.455508363651e-12       0.000000000000e+00 
 1559       6.683695705365e-11       2.604794817349e-12       1.423020977738e-12       0.000000000000e+00 
 1560       6.641555161800e-11       2.620900971919e-12       1.389252439825e-12       0.000000000000e+00 
 1561       6.599812193493e-11       2.636801697026e-12       1.354220956610e-12       0.000000000000e+00 
 1562       6.558477323607e-11       2.652488711529e-12       1.317944846186e-12       0.000000000000e+00 
 1563       6.517561122131e-11       2.667953695259e-12       1.280442538231e-12       0.000000000000e+00 
 1564       6.477074205954e-11       2.683188288963e-12       1.241732574193e-12       0.000000000000e+00 
 1565       6.437027238931e-11       2.698184094237e-12       1.201833607483e-12       0.000000000000e+00 
 1566       6.397430931957e-11       2.712932673474e-12       1.160764403657e-12       0.000000000000e+00 
 1567       6.358296043040e-11       2.727425549795e-12       1.118543840608e-12       0.000000000000e+00 
 1568       6.319633377364e-11       2.741654206994e-12       1.075190908750e-12       0.000000000000e+00 
 1569       6.281453787370e-11       2.755610089474e-12       1.030724711209e-12       0.000000000000e+00 
 1570       6.243768172818e-11       2.769284602189e-12       9.851644640081e-13       0.000000000000e+00 
 1571       6.206585929133e-11       2.782670121368e-12       9.385306169204e-13       0.000000000000e+00 
 1572       6.169910276481e-11       2.795763037088e-12       8.908482270533e-13       0.000000000000e+00 
 1573       6.133742887341e-11       2.808560738915e-12       8.421436170494e-13       0.000000000000e+00 
 1574       6.098085434280e-11       2.821060607672e-12       7.924432575176e-13       0.000000000000e+00 
 1575       6.062939589948e-11       2.833260015431e-12       7.417737672745e-13       0.000000000000e+00 
 1576       6.028307027078e-11       2.845156325501e-12       6.901619135872e-13       0.000000000000e+00 
 1577       5.994189418474e-11       2.856746892418e-12       6.376346124148e-13       0.000000000000e+00 
 1578       5.960588437013e-11       2.868029061930e-12       5.842189286513e-13       0.000000000000e+00 
 1579       5.927505755639e-11       2.879000170989e-12       5.299420763672e-13       0.000000000000e+00 
 1580       5.894943047354e-11       2.889657547741e-12       4.748314190517e-13       0.000000000000e+00 
 1581       5.862901985219e-11       2.899998511508e-12       4.189144698553e-13       0.000000000000e+00 
 1582       5.831384242347e-11       2.910020372783e-12       3.622188918315e-13       0.000000000000e+00 
 1583       5.800391491896e-11       2.919720433215e-12       3.047724981792e-13       0.000000000000e+00 
 1584       5.769925407071e-11       2.929095985601e-12       2.466032524848e-13       0.000000000000e+00 
 1585       5.739987661111e-11       2.938144313871e-12       1.877392689644e-13       0.000000000000e+00 
 1586       5.710579927292e-11       2.946862693076e-12       1.282088127058e-13       0.000000000000e+00 
 1587       5.681703878917e-11       2.955248389383e-12       6.804029991108e-14       0.000000000000e+00 
 1588       5.653361189314e-11       2.963298660056e-12       7.262298138190e-15       0.000000000000e+00 
 1589       5.625553531830e-11       2.971010753448e-12      -5.409647345645e-14       0.000000000000e+00 
 1590       5.598282579829e-11       2.978381908991e-12      -1.160071438759e-13       0.000000000000e+00 
 1591       5.571550006684e-11       2.985409357180e-12      -1.784406900408e-13       0.000000000000e+00 
 1592       5.545357485773e-11       2.992090319569e-12      -2.413679365465e-13       0.000000000000e+00 
 1593       5.519706690479e-11       2.998422008750e-12      -3.047595554219e-13       0.000000000000e+00 
 1594       5.494599294179e-11       3.004401628350e-12      -3.685860658864e-13       0.000000000000e+00 
 1595       5.470036970241e-11       3.010026373016e-12      -4.328178341082e-13       0.000000000000e+00 
 1596       5.446021392023e-11       3.015293428402e-12      -4.974250729621e-13       0.000000000000e+00 
 1597       5.422554232866e-11       3.020199971162e-12      -5.623778417871e-13       0.000000000000e+00 
 1598       5.399637166087e-11       3.024743168934e-12      -6.276460461445e-13       0.000000000000e+00 
 1599       5.377271864978e-11       3.028920180331e-12      -6.931994375755e-13       0.000000000000e+00 
 1600       5.355460002800e-11       3.032728154930e-12      -7.590076133595e-13       0.000000000000e+00 
 1601       5.334203252779e-11       3.036164233259e-12      -8.250400162712e-13       0.000000000000e+00 
 1602       5.313503288101e-11       3.039225546787e-12      -8.912659343392e-13       0.000000000000e+00 
 1603       5.293361781905e-11       3.041909217911e-12      -9.576545006031e-13       0.000000000000e+00 
 1604       5.273780407283e-11       3.044212359946e-12      -1.024174692872e-12       0.000000000000e+00 
 1605       5.254760837271e-11       3.046132077113e-12      -1.090795333482e-12       0.000000000000e+00 
 1606       5.236304744850e-11       3.047665464529e-12      -1.157485089054e-12       0.000000000000e+00 
 1607       5.218413802933e-11       3.048809608193e-12      -1.224212470252e-12       0.000000000000e+00 
 1608       5.201089684370e-11       3.049561584975e-12      -1.290945831539e-12       0.000000000000e+00 
 1609       5.184334061933e-11       3.049918462606e-12      -1.357653370939e-12       0.000000000000e+00 
 1610       5.168148608323e-11       3.049877299668e-12      -1.424303129791e-12       0.000000000000e+00 
 1611       5.152533819378e-11       3.049436120703e-12      -1.490864913494e-12       0.000000000000e+00 
 1612       5.137485472050e-11       3.048596851264e-12      -1.557316073307e-12       0.000000000000e+00 
 1613       5.122998134261e-11       3.047362409497e-12      -1.623635776574e-12       0.000000000000e+00 
 1614       5.109066338696e-11       3.045735733467e-12      -1.689803090344e-12       0.000000000000e+00 
 1615       5.095684582748e-11       3.043719781193e-12      -1.755796981224e-12       0.000000000000e+00 
 1616       5.082847328459e-11       3.041317530685e-12      -1.821596315218e-12       0.000000000000e+00 
 1617       5.070549002460e-11       3.038531979970e-12      -1.887179857581e-12       0.000000000000e+00 
 1618       5.058783995911e-11       3.035366147134e-12      -1.952526272662e-12       0.000000000000e+00 
 1619       5.047546664444e-11       3.031823070348e-12      -2.017614123749e-12       0.000000000000e+00 
 1620       5.036831328102e-11       3.027905807907e-12      -2.082421872920e-12       0.000000000000e+00 
 1621       5.026632271285e-11       3.023617438263e-12      -2.146927880885e-12       0.000000000000e+00 
 1622       5.016943742682e-11       3.018961060057e-12      -2.211110406837e-12       0.000000000000e+00 
 1623       5.007759955220e-11       3.013939792151e-12      -2.274947608295e-12       0.000000000000e+00 
 1624       4.999075086003e-11       3.008556773667e-12      -2.338417540951e-12       0.000000000000e+00 
 1625       4.990883276251e-11       3.002815164016e-12      -2.401498158520e-12       0.000000000000e+00 
 1626       4.983178631242e-11       2.996718142933e-12      -2.464167312583e-12       0.000000000000e+00 
 1627       4.975955220254e-11       2.990268910511e-12      -2.526402752434e-12       0.000000000000e+00 
 1628       4.969207076505e-11       2.983470687235e-12      -2.588182124929e-12       0.000000000000e+00 
 1629       4.962928197094e-11       2.976326714015e-12      -2.649482974329e-12       0.000000000000e+00 
 1630       4.957112542943e-11       2.968840252220e-12      -2.710282742150e-12       0.000000000000e+00 
 1631       4.951754038738e-11       2.961014583709e-12      -2.770558767009e-12       0.000000000000e+00 
 1632       4.946846572866e-11       2.952853010870e-12      -2.830288284467e-12       0.000000000000e+00 
 1633       4.942383997364e-11       2.944358856649e-12      -2.889448426881e-12       0.000000000000e+00 
 1634       4.938360127852e-11       2.935535464587e-12      -2.948016223247e-12       0.000000000000e+00 
 1635       4.934768743478e-11       2.926386198849e-12      -3.005968599047e-12       0.000000000000e+00 
 1636       4.931603586860e-11       2.916914444264e-12      -3.063282376098e-12       0.000000000000e+00 
 1637       4.928858364023e-11       2.907123606353e-12      -3.119934272395e-12       0.000000000000e+00 
 1638       4.926526744345e-11       2.897017111365e-12      -3.175900901960e-12       0.000000000000e+00 
 1639       4.924602360493e-11       2.886598406312e-12      -3.231158774688e-12       0.000000000000e+00 
 1640       4.923078808368e-11       2.875870958999e-12      -3.285684296194e-12       0.000000000000e+00 
 1641       4.921949647044e-11       2.864838258062e-12      -3.339453767658e-12       0.000000000000e+00 
 1642       4.921208398710e-11       2.853503812998e-12      -3.392443385674e-12       0.000000000000e+00 
 1643       4.920848548609e-11       2.841871154201e-12      -3.444629242096e-12       0.000000000000e+00 
 1644       4.920863544981e-11       2.829943832993e-12      -3.495987323882e-12       0.000000000000e+00 
 1645       4.921246799006e-11       2.817725421663e-12      -3.546493512944e-12       0.000000000000e+00 
 1646       4.921991684739e-11       2.805219513492e-12      -3.596123585993e-12       0.000000000000e+00 
 1647       4.923091539056e-11       2.792429722797e-12      -3.644853214386e-12       0.000000000000e+00 
 1648       4.924539661594e-11       2.779359684955e-12      -3.692657963971e-12       0.000000000000e+00 
 1649       4.926329314691e-11       2.766013056443e-12      -3.739513294938e-12       0.000000000000e+00 
 1650       4.928453723328e-11       2.752393514869e-12      -3.785394561659e-12       0.000000000000e+00 
 1651       4.930905866641e-11       2.738505126406e-12      -3.830280399041e-12       0.000000000000e+00 
 1652       4.933677850555e-11       2.724353451576e-12      -3.874162914691e-12       0.000000000000e+00 
 1653       4.936761529475e-11       2.709944449332e-12      -3.917037586761e-12       0.000000000000e+00 
 1654       4.940148714141e-11       2.695284110598e-12      -3.958899885640e-12       0.000000000000e+00 
 1655       4.943831171556e-11       2.680378458317e-12      -3.999745273949e-12       0.000000000000e+00 
 1656       4.947800624923e-11       2.665233547503e-12      -4.039569206540e-12       0.000000000000e+00 
 1657       4.952048753574e-11       2.649855465287e-12      -4.078367130486e-12       0.000000000000e+00 
 1658       4.956567192902e-11       2.634250330972e-12      -4.116134485082e-12       0.000000000000e+00 
 1659       4.961347534294e-11       2.618424296080e-12      -4.152866701839e-12       0.000000000000e+00 
 1660       4.966381325062e-11       2.602383544402e-12      -4.188559204476e-12       0.000000000000e+00 
 1661       4.971660068375e-11       2.586134292047e-12      -4.223207408920e-12       0.000000000000e+00 
 1662       4.977175223190e-11       2.569682787494e-12      -4.256806723301e-12       0.000000000000e+00 
 1663       4.982918204185e-11       2.553035311640e-12      -4.289352547946e-12       0.000000000000e+00 
 1664       4.988880381692e-11       2.536198177851e-12      -4.320840275375e-12       0.000000000000e+00 
 1665       4.995053081625e-11       2.519177732008e-12      -4.351265290297e-12       0.000000000000e+00 
 1666       5.001427585417e-11       2.501980352566e-12      -4.380622969606e-12       0.000000000000e+00 
 1667       5.007995129945e-11       2.484612450591e-12      -4.408908682376e-12       0.000000000000e+00 
 1668       5.014746907470e-11       2.467080469822e-12      -4.436117789855e-12       0.000000000000e+00 
 1669       5.021674065563e-11       2.449390886713e-12      -4.462245645466e-12       0.000000000000e+00 
 1670       5.028767707038e-11       2.431550210484e-12      -4.487287594795e-12       0.000000000000e+00 
 1671       5.036018889884e-11       2.413564983175e-12      -4.511238975592e-12       0.000000000000e+00 
 1672       5.043418627200e-11       2.395441779691e-12      -4.534095117767e-12       0.000000000000e+00 
 1673       5.050957887122e-11       2.377187207853e-12      -4.555851343380e-12       0.000000000000e+00 
 1674       5.058627592756e-11       2.358807908450e-12      -4.576502966643e-12       0.000000000000e+00 
 1675       5.066418622112e-11       2.340310555287e-12      -4.596045293913e-12       0.000000000000e+00 
 1676       5.074321808036e-11       2.321701855233e-12      -4.614473623685e-12       0.000000000000e+00 
 1677       5.082327938139e-11       2.302988548276e-12      -4.631783246593e-12       0.000000000000e+00 
 1678       5.090427754729e-11       2.284177407568e-12      -4.647969445400e-12       0.000000000000e+00 
 1679       5.098611954746e-11       2.265275239476e-12      -4.663027494999e-12       0.000000000000e+00 
 1680       5.106871189692e-11       2.246288883632e-12      -4.676952662404e-12       0.000000000000e+00 
 1681       5.115196065561e-11       2.227225212986e-12      -4.689740206748e-12       0.000000000000e+00 
 1682       5.123577142776e-11       2.208091133849e-12      -4.701385379279e-12       0.000000000000e+00 
 1683       5.132004936115e-11       2.188893585949e-12      -4.711883423351e-12       0.000000000000e+00 
 1684       5.140469914645e-11       2.169639542479e-12      -4.721229574429e-12       0.000000000000e+00 
 1685       5.148962501655e-11       2.150336010144e-12      -4.729419060074e-12       0.000000000000e+00 
 1686       5.157473074588e-11       2.130990029216e-12      -4.736447099947e-12       0.000000000000e+00 
 1687       5.165991964970e-11       2.111608673578e-12      -4.742308905797e-12       0.000000000000e+00 
 1688       5.174509458345e-11       2.092199050778e-12      -4.746999681465e-12       0.000000000000e+00 
 1689       5.183015794206e-11       2.072768302079e-12      -4.750514622873e-12       0.000000000000e+00 
 1690       5.191501165926e-11       2.053323602505e-12      -4.752848918022e-12       0.000000000000e+00 
 1691       5.199956412293e-11       2.033871839372e-12      -4.754000492091e-12       0.000000000000e+00 
 1692       5.208375098803e-11       2.014418644727e-12      -4.753978268718e-12       0.000000000000e+00 
 1693       5.216751454242e-11       1.994969354636e-12      -4.752793980191e-12       0.000000000000e+00 
 1694       5.225079680674e-11       1.975529329979e-12      -4.750459428941e-12       0.000000000000e+00 
 1695       5.233353953404e-11       1.956103956493e-12      -4.746986487653e-12       0.000000000000e+00 
 1696       5.241568420940e-11       1.936698644804e-12      -4.742387099377e-12       0.000000000000e+00 
 1697       5.249717204952e-11       1.917318830463e-12      -4.736673277641e-12       0.000000000000e+00 
 1698       5.257794400234e-11       1.897969973983e-12      -4.729857106558e-12       0.000000000000e+00 
 1699       5.265794074662e-11       1.878657560878e-12      -4.721950740939e-12       0.000000000000e+00 
 1700       5.273710269159e-11       1.859387101694e-12      -4.712966406402e-12       0.000000000000e+00 
 1701       5.281536997653e-11       1.840164132052e-12      -4.702916399485e-12       0.000000000000e+00 
 1702       5.289268247040e-11       1.820994212677e-12      -4.691813087756e-12       0.000000000000e+00 
 1703       5.296897977143e-11       1.801882929440e-12      -4.679668909923e-12       0.000000000000e+00 
 1704       5.304420120672e-11       1.782835893393e-12      -4.666496375944e-12       0.000000000000e+00 
 1705       5.311828583190e-11       1.763858740804e-12      -4.652308067140e-12       0.000000000000e+00 
 1706       5.319117243065e-11       1.744957133192e-12      -4.637116636304e-12       0.000000000000e+00 
 1707       5.326279951440e-11       1.726136757367e-12      -4.620934807812e-12       0.000000000000e+00 
 1708       5.333310532190e-11       1.707403325466e-12      -4.603775377736e-12       0.000000000000e+00 
 1709       5.340202781879e-11       1.688762574986e-12      -4.585651213949e-12       0.000000000000e+00 
 1710       5.346950469729e-11       1.670220268823e-12      -4.566575256243e-12       0.000000000000e+00 
 1711       5.353547337573e-11       1.651782195308e-12      -4.546560516433e-12       0.000000000000e+00 
 1712       5.359987099821e-11       1.633454168240e-12      -4.525620078475e-12       0.000000000000e+00 
 1713       5.366263443420e-11       1.615242026930e-12      -4.503767098569e-12       0.000000000000e+00 
 1714       5.372370027810e-11       1.597151636229e-12      -4.481014805274e-12       0.000000000000e+00 
 1715       5.378300484894e-11       1.579188886570e-12      -4.457376499620e-12       0.000000000000e+00 
 1716       5.384048418991e-11       1.561359694000e-12      -4.432865555214e-12       0.000000000000e+00 
 1717       5.389607406798e-11       1.543670000220e-12      -4.407495418357e-12       0.000000000000e+00 
 1718       5.394970997355e-11       1.526125772620e-12      -4.381279608148e-12       0.000000000000e+00 
 1719       5.400132712002e-11       1.508733004315e-12      -4.354231716599e-12       0.000000000000e+00 
 1720       5.405086044342e-11       1.491497714181e-12      -4.326365408747e-12       0.000000000000e+00 
 1721       5.409824460199e-11       1.474425946893e-12      -4.297694422759e-12       0.000000000000e+00 
 1722       5.414341397583e-11       1.457523772957e-12      -4.268232570048e-12       0.000000000000e+00 
 1723       5.418630266648e-11       1.440797288754e-12      -4.237993735382e-12       0.000000000000e+00 
 1724       5.422684449651e-11       1.424252616568e-12      -4.206991876995e-12       0.000000000000e+00 
 1725       5.426497300919e-11       1.407895904629e-12      -4.175241026696e-12       0.000000000000e+00 
 1726       5.430062146803e-11       1.391733327143e-12      -4.142755289982e-12       0.000000000000e+00 
 1727       5.433372285645e-11       1.375771084336e-12      -4.109548846148e-12       0.000000000000e+00 
 1728       5.436420987734e-11       1.360015402483e-12      -4.075635948397e-12       0.000000000000e+00 
 1729       5.439201495268e-11       1.344472533949e-12      -4.041030923953e-12       0.000000000000e+00 
 1730       5.441707022317e-11       1.329148757221e-12      -4.005748174167e-12       0.000000000000e+00 
 1731       5.443931795171e-11       1.314049605143e-12      -3.969802815883e-12       0.000000000000e+00 
 1732       5.445874183083e-11       1.299177542385e-12      -3.933212611227e-12       0.000000000000e+00 
 1733       5.447533593913e-11       1.284534268412e-12      -3.895996054346e-12       0.000000000000e+00 
 1734       5.448909436142e-11       1.270121487512e-12      -3.858171731779e-12       0.000000000000e+00 
 1735       5.450001118877e-11       1.255940908805e-12      -3.819758322592e-12       0.000000000000e+00 
 1736       5.450808051850e-11       1.241994246246e-12      -3.780774598514e-12       0.000000000000e+00 
 1737       5.451329645422e-11       1.228283218631e-12      -3.741239424074e-12       0.000000000000e+00 
 1738       5.451565310588e-11       1.214809549602e-12      -3.701171756737e-12       0.000000000000e+00 
 1739       5.451514458976e-11       1.201574967654e-12      -3.660590647041e-12       0.000000000000e+00 
 1740       5.451176502851e-11       1.188581206139e-12      -3.619515238731e-12       0.000000000000e+00 
 1741       5.450550855116e-11       1.175830003271e-12      -3.577964768900e-12       0.000000000000e+00 
 1742       5.449636929317e-11       1.163323102133e-12      -3.535958568121e-12       0.000000000000e+00 
 1743       5.448434139646e-11       1.151062250683e-12      -3.493516060586e-12       0.000000000000e+00 
 1744       5.446941900937e-11       1.139049201755e-12      -3.450656764240e-12       0.000000000000e+00 
 1745       5.445159628679e-11       1.127285713070e-12      -3.407400290921e-12       0.000000000000e+00 
 1746       5.443086739008e-11       1.115773547239e-12      -3.363766346493e-12       0.000000000000e+00 
 1747       5.440722648717e-11       1.104514471766e-12      -3.319774730983e-12       0.000000000000e+00 
 1748       5.438066775254e-11       1.093510259059e-12      -3.275445338720e-12       0.000000000000e+00 
 1749       5.435118536728e-11       1.082762686430e-12      -3.230798158469e-12       0.000000000000e+00 
 1750       5.431877351908e-11       1.072273536103e-12      -3.185853273566e-12       0.000000000000e+00 
 1751       5.428342640228e-11       1.062044595221e-12      -3.140630862057e-12       0.000000000000e+00 
 1752       5.424513821789e-11       1.052077655847e-12      -3.095151196837e-12       0.000000000000e+00 
 1753       5.420390317360e-11       1.042374514973e-12      -3.049434645778e-12       0.000000000000e+00 
 1754       5.415971548383e-11       1.032936974526e-12      -3.003501671874e-12       0.000000000000e+00 
 1755       5.411256936973e-11       1.023766841368e-12      -2.957372833372e-12       0.000000000000e+00 
 1756       5.406245905923e-11       1.014865927309e-12      -2.911068783911e-12       0.000000000000e+00 
 1757       5.400937878704e-11       1.006236049108e-12      -2.864610272658e-12       0.000000000000e+00 
 1758       5.395332279468e-11       9.978790284770e-13      -2.818018144443e-12       0.000000000000e+00 
 1759       5.389428533054e-11       9.897966920910e-13      -2.771313339898e-12       0.000000000000e+00 
 1760       5.383226064984e-11       9.819908715899e-13      -2.724516895590e-12       0.000000000000e+00 
 1761       5.376724301471e-11       9.744634035851e-13      -2.677649944160e-12       0.000000000000e+00 
 1762       5.369922669420e-11       9.672161296650e-13      -2.630733714460e-12       0.000000000000e+00 
 1763       5.362820596429e-11       9.602508964003e-13      -2.583789531686e-12       0.000000000000e+00 
 1764       5.355417510793e-11       9.535695553493e-13      -2.536838817517e-12       0.000000000000e+00 
 1765       5.347712841506e-11       9.471739630635e-13      -2.489903090251e-12       0.000000000000e+00 
 1766       5.339706018264e-11       9.410659810931e-13      -2.443003964942e-12       0.000000000000e+00 
 1767       5.331396471466e-11       9.352474759923e-13      -2.396163153534e-12       0.000000000000e+00 
 1768       5.322783632219e-11       9.297203193245e-13      -2.349402465000e-12       0.000000000000e+00 
 1769       5.313866932338e-11       9.244863876683e-13      -2.302743805478e-12       0.000000000000e+00 
 1770       5.304645804349e-11       9.195475626224e-13      -2.256209178405e-12       0.000000000000e+00 
 1771       5.295120422651e-11       9.149050305419e-13      -2.209819230435e-12       0.000000000000e+00 
 1772       5.285293933684e-11       9.105571754092e-13      -2.163588875763e-12       0.000000000000e+00 
 1773       5.275170244192e-11       9.065016685636e-13      -2.117531635920e-12       0.000000000000e+00 
 1774       5.264753281765e-11       9.027361673696e-13      -2.071661090790e-12       0.000000000000e+00 
 1775       5.254046994878e-11       8.992583151951e-13      -2.025990878690e-12       0.000000000000e+00 
 1776       5.243055352912e-11       8.960657413903e-13      -1.980534696455e-12       0.000000000000e+00 
 1777       5.231782346191e-11       8.931560612662e-13      -1.935306299518e-12       0.000000000000e+00 
 1778       5.220231986012e-11       8.905268760733e-13      -1.890319501985e-12       0.000000000000e+00 
 1779       5.208408304675e-11       8.881757729804e-13      -1.845588176725e-12       0.000000000000e+00 
 1780       5.196315355514e-11       8.861003250530e-13      -1.801126255442e-12       0.000000000000e+00 
 1781       5.183957212927e-11       8.842980912322e-13      -1.756947728763e-12       0.000000000000e+00 
 1782       5.171337972408e-11       8.827666163133e-13      -1.713066646313e-12       0.000000000000e+00 
 1783       5.158461750577e-11       8.815034309240e-13      -1.669497116801e-12       0.000000000000e+00 
 1784       5.145332685213e-11       8.805060515040e-13      -1.626253308095e-12       0.000000000000e+00 
 1785       5.131954935282e-11       8.797719802827e-13      -1.583349447308e-12       0.000000000000e+00 
 1786       5.118332680968e-11       8.792987052585e-13      -1.540799820877e-12       0.000000000000e+00 
 1787       5.104470123707e-11       8.790837001769e-13      -1.498618774642e-12       0.000000000000e+00 
 1788       5.090371486214e-11       8.791244245099e-13      -1.456820713930e-12       0.000000000000e+00 
 1789       5.076041012517e-11       8.794183234338e-13      -1.415420103632e-12       0.000000000000e+00 
 1790       5.061482967983e-11       8.799628278085e-13      -1.374431468288e-12       0.000000000000e+00 
 1791       5.046701639356e-11       8.807553541558e-13      -1.333869392164e-12       0.000000000000e+00 
 1792       5.031701334781e-11       8.817933046384e-13      -1.293748519336e-12       0.000000000000e+00 
 1793       5.016486383841e-11       8.830740670380e-13      -1.254083553768e-12       0.000000000000e+00 
 1794       5.001061137581e-11       8.845950147346e-13      -1.214889259395e-12       0.000000000000e+00 
 1795       4.985429968545e-11       8.863535066846e-13      -1.176180460202e-12       0.000000000000e+00 
 1796       4.969597270804e-11       8.883468873998e-13      -1.137972040305e-12       0.000000000000e+00 
 1797       4.953567459986e-11       8.905724869259e-13      -1.100278944035e-12       0.000000000000e+00 
 1798       4.937344973308e-11       8.930276208213e-13      -1.063116176013e-12       0.000000000000e+00 
 1799       4.920934269608e-11       8.957095901355e-13      -1.026498801237e-12       0.000000000000e+00 
 1800       4.904339829374e-11       8.986156813880e-13      -9.904419451572e-13       0.000000000000e+00 
 1801       4.887566154776e-11       9.017431665469e-13      -9.549607937607e-13       0.000000000000e+00 
 1802       4.870617769694e-11       9.050893030074e-13      -9.200705936508e-13       0.000000000000e+00 
 1803       4.853499219753e-11       9.086513335707e-13      -8.857866521278e-13       0.000000000000e+00 
 1804       4.836215072354e-11       9.124264864223e-13      -8.521243372700e-13       0.000000000000e+00 
 1805       4.818769916698e-11       9.164119751111e-13      -8.190990780143e-13       0.000000000000e+00 
 1806       4.801168363825e-11       9.206049985277e-13      -7.867263642373e-13       0.000000000000e+00 
 1807       4.783415046641e-11       9.250027408833e-13      -7.550217468357e-13       0.000000000000e+00 
 1808       4.765514619948e-11       9.296023716880e-13      -7.240008378074e-13       0.000000000000e+00 
 1809       4.747471760477e-11       9.344010457300e-13      -6.936793103321e-13       0.000000000000e+00 
 1810       4.729291166919e-11       9.393959030538e-13      -6.640728988524e-13       0.000000000000e+00 
 1811       4.710977642458e-11       9.445838163165e-13      -6.351950214411e-13       0.000000000000e+00 
 1812       4.692536343058e-11       9.499606306682e-13      -6.070496257375e-13       0.000000000000e+00 
 1813       4.673972531244e-11       9.555219176869e-13      -5.796382853649e-13       0.000000000000e+00 
 1814       4.655291493815e-11       9.612632274133e-13      -5.529625723904e-13       0.000000000000e+00 
 1815       4.636498541878e-11       9.671800883199e-13      -5.270240573181e-13       0.000000000000e+00 
 1816       4.617599010881e-11       9.732680072803e-13      -5.018243090837e-13       0.000000000000e+00 
 1817       4.598598260644e-11       9.795224695391e-13      -4.773648950478e-13       0.000000000000e+00 
 1818       4.579501675400e-11       9.859389386807e-13      -4.536473809898e-13       0.000000000000e+00 
 1819       4.560314663821e-11       9.925128565993e-13      -4.306733311020e-13       0.000000000000e+00 
 1820       4.541042659058e-11       9.992396434678e-13      -4.084443079832e-13       0.000000000000e+00 
 1821       4.521691118770e-11       1.006114697708e-12      -3.869618726328e-13       0.000000000000e+00 
 1822       4.502265525161e-11       1.013133395958e-12      -3.662275844441e-13       0.000000000000e+00 
 1823       4.482771385015e-11       1.020291093045e-12      -3.462430011990e-13       0.000000000000e+00 
 1824       4.463214229723e-11       1.027583121952e-12      -3.270096790608e-13       0.000000000000e+00 
 1825       4.443599615327e-11       1.035004793787e-12      -3.085291725691e-13       0.000000000000e+00 
 1826       4.423933122544e-11       1.042551397755e-12      -2.908030346327e-13       0.000000000000e+00 
 1827       4.404220356807e-11       1.050218201126e-12      -2.738328165242e-13       0.000000000000e+00 
 1828       4.384466948296e-11       1.058000449202e-12      -2.576200678733e-13       0.000000000000e+00 
 1829       4.364678551970e-11       1.065893365292e-12      -2.421663366608e-13       0.000000000000e+00 
 1830       4.344860847606e-11       1.073892150674e-12      -2.274731692127e-13       0.000000000000e+00 
 1831       4.325019539828e-11       1.081991984572e-12      -2.135421101938e-13       0.000000000000e+00 
 1832       4.305160358141e-11       1.090188024121e-12      -2.003747026013e-13       0.000000000000e+00 
 1833       4.285289056969e-11       1.098475404337e-12      -1.879724877592e-13       0.000000000000e+00 
 1834       4.265411415685e-11       1.106849238087e-12      -1.763370053117e-13       0.000000000000e+00 
 1835       4.245533238647e-11       1.115304616056e-12      -1.654697932173e-13       0.000000000000e+00 
 1836       4.225660355231e-11       1.123836606723e-12      -1.553723877424e-13       0.000000000000e+00 
 1837       4.205798619862e-11       1.132440256323e-12      -1.460463234553e-13       0.000000000000e+00 
 1838       4.185953912055e-11       1.141110588820e-12      -1.374931332201e-13       0.000000000000e+00 
 1839       4.166132136441e-11       1.149842605875e-12      -1.297143481904e-13       0.000000000000e+00 
 1840       4.146339222806e-11       1.158631286817e-12      -1.227114978031e-13       0.000000000000e+00 
 1841       4.126581126124e-11       1.167471588613e-12      -1.164861097724e-13       0.000000000000e+00 
 1842       4.106863826587e-11       1.176358445835e-12      -1.110397100837e-13       0.000000000000e+00 
 1843       4.087193329646e-11       1.185286770629e-12      -1.063738229871e-13       0.000000000000e+00 
 1844       4.067575666038e-11       1.194251452688e-12      -1.024899709915e-13       0.000000000000e+00 
 1845       4.048016891822e-11       1.203247359218e-12      -9.938967485851e-14       0.000000000000e+00 
 1846       4.028523088417e-11       1.212269334910e-12      -9.707445359605e-14       0.000000000000e+00 
 1847       4.009100362628e-11       1.221312201908e-12      -9.554582445235e-14       0.000000000000e+00 
 1848       3.989754846687e-11       1.230370759777e-12      -9.480530290976e-14       0.000000000000e+00 
 1849       3.970492698283e-11       1.239439785476e-12      -9.485440267857e-14       0.000000000000e+00 
 1850       3.951320100597e-11       1.248514033323e-12      -9.569463569088e-14       0.000000000000e+00 
 1851       3.932242766593e-11       1.257588502190e-12      -9.732571704177e-14       0.000000000000e+00 
 1852       3.913264447537e-11       1.266659239438e-12      -9.974016430878e-14       0.000000000000e+00 
 1853       3.894388412755e-11       1.275722543274e-12      -1.029286555218e-13       0.000000000000e+00 
 1854       3.875617944319e-11       1.284774696086e-12      -1.068818202707e-13       0.000000000000e+00 
 1855       3.856956337064e-11       1.293811964424e-12      -1.115902396365e-13       0.000000000000e+00 
 1856       3.838406898609e-11       1.302830598977e-12      -1.170444461219e-13       0.000000000000e+00 
 1857       3.819972949365e-11       1.311826834550e-12      -1.232349235829e-13       0.000000000000e+00 
 1858       3.801657822561e-11       1.320796890049e-12      -1.301521071595e-13       0.000000000000e+00 
 1859       3.783464864251e-11       1.329736968450e-12      -1.377863832066e-13       0.000000000000e+00 
 1860       3.765397433341e-11       1.338643256789e-12      -1.461280892253e-13       0.000000000000e+00 
 1861       3.747458901595e-11       1.347511926130e-12      -1.551675137935e-13       0.000000000000e+00 
 1862       3.729652653658e-11       1.356339131553e-12      -1.648948964974e-13       0.000000000000e+00 
 1863       3.711982087073e-11       1.365121012125e-12      -1.753004278620e-13       0.000000000000e+00 
 1864       3.694450612291e-11       1.373853690886e-12      -1.863742492825e-13       0.000000000000e+00 
 1865       3.677061652696e-11       1.382533274821e-12      -1.981064529551e-13       0.000000000000e+00 
 1866       3.659818644614e-11       1.391155854845e-12      -2.104870818081e-13       0.000000000000e+00 
 1867       3.642725037335e-11       1.399717505775e-12      -2.235061294327e-13       0.000000000000e+00 
 1868       3.625784293128e-11       1.408214286316e-12      -2.371535400144e-13       0.000000000000e+00 
 1869       3.608999887253e-11       1.416642239034e-12      -2.514192082635e-13       0.000000000000e+00 
 1870       3.592375307985e-11       1.424997390339e-12      -2.662929793467e-13       0.000000000000e+00 
 1871       3.575914056626e-11       1.433275750458e-12      -2.817646488174e-13       0.000000000000e+00 
 1872       3.559619647520e-11       1.441473313423e-12      -2.978239625473e-13       0.000000000000e+00 
 1873       3.543495608076e-11       1.449586057040e-12      -3.144606166571e-13       0.000000000000e+00 
 1874       3.527545478776e-11       1.457609942874e-12      -3.316642574478e-13       0.000000000000e+00 
 1875       3.511772813199e-11       1.465540916225e-12      -3.494244813311e-13       0.000000000000e+00 
 1876       3.496181178032e-11       1.473374906108e-12      -3.677308347610e-13       0.000000000000e+00 
 1877       3.480774153090e-11       1.481107825232e-12      -3.865728141648e-13       0.000000000000e+00 
 1878       3.465555331331e-11       1.488735569978e-12      -4.059398658734e-13       0.000000000000e+00 
 1879       3.450528318873e-11       1.496254020376e-12      -4.258213860534e-13       0.000000000000e+00 
 1880       3.435696735009e-11       1.503659040089e-12      -4.462067206370e-13       0.000000000000e+00 
 1881       3.421064212227e-11       1.510946476386e-12      -4.670851652537e-13       0.000000000000e+00 
 1882       3.406634396222e-11       1.518112160124e-12      -4.884459651613e-13       0.000000000000e+00 
 1883       3.392410945916e-11       1.525151905726e-12      -5.102783151764e-13       0.000000000000e+00 
 1884       3.378397533473e-11       1.532061511161e-12      -5.325713596059e-13       0.000000000000e+00 
 1885       3.364597844315e-11       1.538836757919e-12      -5.553141921779e-13       0.000000000000e+00 
 1886       3.351015577141e-11       1.545473410994e-12      -5.784958559724e-13       0.000000000000e+00 
 1887       3.337654443940e-11       1.551967218862e-12      -6.021053433528e-13       0.000000000000e+00 
 1888       3.324518170009e-11       1.558313913456e-12      -6.261315958964e-13       0.000000000000e+00 
 1889       3.311610493972e-11       1.564509210151e-12      -6.505635043257e-13       0.000000000000e+00 
 1890       3.298935167792e-11       1.570548807737e-12      -6.753899084395e-13       0.000000000000e+00 
 1891       3.286495274876e-11       1.576428944489e-12      -7.005993005952e-13       0.000000000000e+00 
 1892       3.274291178578e-11       1.582148071108e-12      -7.261789337863e-13       0.000000000000e+00 
 1893       3.262322557852e-11       1.587705190686e-12      -7.521157065246e-13       0.000000000000e+00 
 1894       3.250589087716e-11       1.593099303789e-12      -7.783964585836e-13       0.000000000000e+00 
 1895       3.239090439250e-11       1.598329408451e-12      -8.050079709188e-13       0.000000000000e+00 
 1896       3.227826279585e-11       1.603394500179e-12      -8.319369655897e-13       0.000000000000e+00 
 1897       3.216796271899e-11       1.608293571944e-12      -8.591701056799e-13       0.000000000000e+00 
 1898       3.206000075412e-11       1.613025614181e-12      -8.866939952189e-13       0.000000000000e+00 
 1899       3.195437345376e-11       1.617589614786e-12      -9.144951791028e-13       0.000000000000e+00 
 1900       3.185107733072e-11       1.621984559115e-12      -9.425601430154e-13       0.000000000000e+00 
 1901       3.175010885801e-11       1.626209429977e-12      -9.708753133493e-13       0.000000000000e+00 
 1902       3.165146446881e-11       1.630263207637e-12      -9.994270571271e-13       0.000000000000e+00 
 1903       3.155514055635e-11       1.634144869809e-12      -1.028201681922e-12       0.000000000000e+00 
 1904       3.146113347391e-11       1.637853391657e-12      -1.057185435780e-12       0.000000000000e+00 
 1905       3.136943953472e-11       1.641387745789e-12      -1.086364507138e-12       0.000000000000e+00 
 1906       3.128005501189e-11       1.644746902257e-12      -1.115725024751e-12       0.000000000000e+00 
 1907       3.119297613839e-11       1.647929828553e-12      -1.145253057604e-12       0.000000000000e+00 
 1908       3.110819910692e-11       1.650935489606e-12      -1.174934614843e-12       0.000000000000e+00 
 1909       3.102572006991e-11       1.653762847783e-12      -1.204755645689e-12       0.000000000000e+00 
 1910       3.094553513942e-11       1.656410862880e-12      -1.234702039361e-12       0.000000000000e+00 
 1911       3.086764038707e-11       1.658878492127e-12      -1.264759624997e-12       0.000000000000e+00 
 1912       3.079203184400e-11       1.661164690179e-12      -1.294914171578e-12       0.000000000000e+00 
 1913       3.071870550082e-11       1.663268409117e-12      -1.325151387845e-12       0.000000000000e+00 
 1914       3.064765730749e-11       1.665188598443e-12      -1.355456922221e-12       0.000000000000e+00 
 1915       3.057888317330e-11       1.666924205081e-12      -1.385816362733e-12       0.000000000000e+00 
 1916       3.051237896680e-11       1.668474173371e-12      -1.416215236934e-12       0.000000000000e+00 
 1917       3.044814051573e-11       1.669837445068e-12      -1.446639011820e-12       0.000000000000e+00 
 1918       3.038616360697e-11       1.671012959339e-12      -1.477073093757e-12       0.000000000000e+00 
 1919       3.032644398644e-11       1.671999652759e-12      -1.507502828398e-12       0.000000000000e+00 
 1920       3.026897735908e-11       1.672796459314e-12      -1.537913500602e-12       0.000000000000e+00 
 1921       3.021375938876e-11       1.673402310390e-12      -1.568290334363e-12       0.000000000000e+00 
 1922       3.016078569823e-11       1.673816134777e-12      -1.598618492722e-12       0.000000000000e+00 
 1923       3.011005186903e-11       1.674036858663e-12      -1.628883077694e-12       0.000000000000e+00 
 1924       3.006155344146e-11       1.674063405634e-12      -1.659069130187e-12       0.000000000000e+00 
 1925       3.001528591452e-11       1.673894696670e-12      -1.689161629923e-12       0.000000000000e+00 
 1926       2.997124474579e-11       1.673529650141e-12      -1.719145495359e-12       0.000000000000e+00 
 1927       2.992942535142e-11       1.672967181807e-12      -1.749005583610e-12       0.000000000000e+00 
 1928       2.988982310607e-11       1.672206204814e-12      -1.778726690366e-12       0.000000000000e+00 
 1929       2.985243334281e-11       1.671245629692e-12      -1.808293549818e-12       0.000000000000e+00 
 1930       2.981725135306e-11       1.670084364352e-12      -1.837690834574e-12       0.000000000000e+00 
 1931       2.978426798803e-11       1.668721799730e-12      -1.866904272323e-12       0.000000000000e+00 
 1932       2.975345642661e-11       1.667159270751e-12      -1.895924005213e-12       0.000000000000e+00 
 1933       2.972478530705e-11       1.665398606434e-12      -1.924741255779e-12       0.000000000000e+00 
 1934       2.969822311616e-11       1.663441645262e-12      -1.953347212465e-12       0.000000000000e+00 
 1935       2.967373818912e-11       1.661290235195e-12      -1.981733029590e-12       0.000000000000e+00 
 1936       2.965129870928e-11       1.658946233686e-12      -2.009889827296e-12       0.000000000000e+00 
 1937       2.963087270794e-11       1.656411507690e-12      -2.037808691512e-12       0.000000000000e+00 
 1938       2.961242806417e-11       1.653687933679e-12      -2.065480673908e-12       0.000000000000e+00 
 1939       2.959593250455e-11       1.650777397656e-12      -2.092896791853e-12       0.000000000000e+00 
 1940       2.958135360305e-11       1.647681795166e-12      -2.120048028370e-12       0.000000000000e+00 
 1941       2.956865878073e-11       1.644403031310e-12      -2.146925332095e-12       0.000000000000e+00 
 1942       2.955781530561e-11       1.640943020760e-12      -2.173519617234e-12       0.000000000000e+00 
 1943       2.954879029244e-11       1.637303687766e-12      -2.199821763518e-12       0.000000000000e+00 
 1944       2.954155070246e-11       1.633486966178e-12      -2.225822616162e-12       0.000000000000e+00 
 1945       2.953606334325e-11       1.629494799450e-12      -2.251512985821e-12       0.000000000000e+00 
 1946       2.953229486850e-11       1.625329140660e-12      -2.276883648549e-12       0.000000000000e+00 
 1947       2.953021177780e-11       1.620991952519e-12      -2.301925345752e-12       0.000000000000e+00 
 1948       2.952978041643e-11       1.616485207386e-12      -2.326628784147e-12       0.000000000000e+00 
 1949       2.953096697518e-11       1.611810887279e-12      -2.350984635722e-12       0.000000000000e+00 
 1950       2.953373749012e-11       1.606970983892e-12      -2.374983537687e-12       0.000000000000e+00 
 1951       2.953805784241e-11       1.601967498602e-12      -2.398616092437e-12       0.000000000000e+00 
 1952       2.954389375808e-11       1.596802442489e-12      -2.421872867503e-12       0.000000000000e+00 
 1953       2.955121080784e-11       1.591477836342e-12      -2.444744395516e-12       0.000000000000e+00 
 1954       2.955997440687e-11       1.585995710679e-12      -2.467221174156e-12       0.000000000000e+00 
 1955       2.957014981460e-11       1.580358105753e-12      -2.489293666117e-12       0.000000000000e+00 
 1956       2.958170213455e-11       1.574567071573e-12      -2.510952299057e-12       0.000000000000e+00 
 1957       2.959459631405e-11       1.568624667908e-12      -2.532187465559e-12       0.000000000000e+00 
 1958       2.960879714410e-11       1.562532964309e-12      -2.552989523088e-12       0.000000000000e+00 
 1959       2.962426925914e-11       1.556294040115e-12      -2.573348793947e-12       0.000000000000e+00 
 1960       2.964097713685e-11       1.549909984469e-12      -2.593255565232e-12       0.000000000000e+00 
 1961       2.965888509794e-11       1.543382896332e-12      -2.612700088793e-12       0.000000000000e+00 
 1962       2.967795730593e-11       1.536714884494e-12      -2.631672581189e-12       0.000000000000e+00 
 1963       2.969815776699e-11       1.529908067589e-12      -2.650163223643e-12       0.000000000000e+00 
 1964       2.971945032968e-11       1.522964574106e-12      -2.668162162002e-12       0.000000000000e+00 
 1965       2.974179868478e-11       1.515886542403e-12      -2.685659506695e-12       0.000000000000e+00 
 1966       2.976516636508e-11       1.508676120720e-12      -2.702645332684e-12       0.000000000000e+00 
 1967       2.978951674517e-11       1.501335467194e-12      -2.719109679428e-12       0.000000000000e+00 
 1968       2.981481304123e-11       1.493866749868e-12      -2.735042550835e-12       0.000000000000e+00 
 1969       2.984101831082e-11       1.486272146706e-12      -2.750433915223e-12       0.000000000000e+00 
 1970       2.986809545270e-11       1.478553845609e-12      -2.765273705272e-12       0.000000000000e+00 
 1971       2.989600729319e-11       1.470714202686e-12      -2.779553484223e-12       0.000000000000e+00 
 1972       2.992471684647e-11       1.462756218357e-12      -2.793271458072e-12       0.000000000000e+00 
 1973       2.995418705577e-11       1.454683064814e-12      -2.806427500509e-12       0.000000000000e+00 
 1974       2.998438070683e-11       1.446497928095e-12      -2.819021490064e-12       0.000000000000e+00 
 1975       3.001526042766e-11       1.438204008106e-12      -2.831053310120e-12       0.000000000000e+00 
 1976       3.004678868833e-11       1.429804518635e-12      -2.842522848922e-12       0.000000000000e+00 
 1977       3.007892780078e-11       1.421302687371e-12      -2.853429999578e-12       0.000000000000e+00 
 1978       3.011163991861e-11       1.412701755924e-12      -2.863774660078e-12       0.000000000000e+00 
 1979       3.014488703691e-11       1.404004979838e-12      -2.873556733292e-12       0.000000000000e+00 
 1980       3.017863099199e-11       1.395215628615e-12      -2.882776126987e-12       0.000000000000e+00 
 1981       3.021283346126e-11       1.386336985730e-12      -2.891432753831e-12       0.000000000000e+00 
 1982       3.024745596295e-11       1.377372348646e-12      -2.899526531402e-12       0.000000000000e+00 
 1983       3.028245985595e-11       1.368325028838e-12      -2.907057382195e-12       0.000000000000e+00 
 1984       3.031780633962e-11       1.359198351805e-12      -2.914025233634e-12       0.000000000000e+00 
 1985       3.035345645355e-11       1.349995657094e-12      -2.920430018079e-12       0.000000000000e+00 
 1986       3.038937107738e-11       1.340720298313e-12      -2.926271672833e-12       0.000000000000e+00 
 1987       3.042551093058e-11       1.331375643149e-12      -2.931550140151e-12       0.000000000000e+00 
 1988       3.046183657228e-11       1.321965073390e-12      -2.936265367249e-12       0.000000000000e+00 
 1989       3.049830840104e-11       1.312491984938e-12      -2.940417306312e-12       0.000000000000e+00 
 1990       3.053488665464e-11       1.302959787833e-12      -2.944005914505e-12       0.000000000000e+00 
 1991       3.057153140992e-11       1.293371906264e-12      -2.947031153975e-12       0.000000000000e+00 
 1992       3.060820258252e-11       1.283731778590e-12      -2.949492991867e-12       0.000000000000e+00 
 1993       3.064485992673e-11       1.274042857362e-12      -2.951391400327e-12       0.000000000000e+00 
 1994       3.068146303526e-11       1.264308609332e-12      -2.952726356513e-12       0.000000000000e+00 
 1995       3.071797133902e-11       1.254532515480e-12      -2.953497842603e-12       0.000000000000e+00 
 1996       3.075434410696e-11       1.244718071026e-12      -2.953705845802e-12       0.000000000000e+00 
 1997       3.079054044584e-11       1.234868785451e-12      -2.953350358353e-12       0.000000000000e+00 
 1998       3.082651930005e-11       1.224988182511e-12      -2.952431377543e-12       0.000000000000e+00 
 1999       3.086223945137e-11       1.215079800262e-12      -2.950948905714e-12       0.000000000000e+00 
 2000       3.089765951879e-11       1.205147191071e-12      -2.948902950268e-12       0.000000000000e+00 
 2001       3.093273795832e-11       1.195193921636e-12      -2.946293523677e-12       0.000000000000e+00 
 2002       3.096743306276e-11       1.185223573006e-12      -2.943120643495e-12       0.000000000000e+00 
 2003       3.100170296153e-11       1.175239740597e-12      -2.939384332360e-12       0.000000000000e+00 
 2004       3.103550562042e-11       1.165246034211e-12      -2.935084618006e-12       0.000000000000e+00 
 2005       3.106879884143e-11       1.155246078051e-12      -2.930221533273e-12       0.000000000000e+00 
 2006       3.110154026258e-11       1.145243510744e-12      -2.924795116111e-12       0.000000000000e+00 
 2007       3.113368735763e-11       1.135241985355e-12      -2.918805409591e-12       0.000000000000e+00 
 2008       3.116519743596e-11       1.125245169406e-12      -2.912252461916e-12       0.000000000000e+00 
 2009       3.119602764234e-11       1.115256744894e-12      -2.905136326424e-12       0.000000000000e+00 
 2010       3.122613495670e-11       1.105280408308e-12      -2.897457061600e-12       0.000000000000e+00 
 2011       3.125548000071e-11       1.095319666155e-12      -2.889215915884e-12       0.000000000000e+00 
 2012       3.128403848803e-11       1.085377219867e-12      -2.880418891507e-12       0.000000000000e+00 
 2013       3.131178985697e-11       1.075455576449e-12      -2.871073206613e-12       0.000000000000e+00 
 2014       3.133871347125e-11       1.065557252584e-12      -2.861186112852e-12       0.000000000000e+00 
 2015       3.136478861987e-11       1.055684774640e-12      -2.850764895428e-12       0.000000000000e+00 
 2016       3.138999451707e-11       1.045840678684e-12      -2.839816873139e-12       0.000000000000e+00 
 2017       3.141431030218e-11       1.036027510495e-12      -2.828349398426e-12       0.000000000000e+00 
 2018       3.143771503960e-11       1.026247825573e-12      -2.816369857408e-12       0.000000000000e+00 
 2019       3.146018771865e-11       1.016504189154e-12      -2.803885669934e-12       0.000000000000e+00 
 2020       3.148170725352e-11       1.006799176219e-12      -2.790904289623e-12       0.000000000000e+00 
 2021       3.150225248314e-11       9.971353715075e-13      -2.777433203905e-12       0.000000000000e+00 
 2022       3.152180217115e-11       9.875153695301e-13      -2.763479934071e-12       0.000000000000e+00 
 2023       3.154033500575e-11       9.779417745780e-13      -2.749052035309e-12       0.000000000000e+00 
 2024       3.155782959964e-11       9.684172007368e-13      -2.734157096754e-12       0.000000000000e+00 
 2025       3.157426448994e-11       9.589442718975e-13      -2.718802741527e-12       0.000000000000e+00 
 2026       3.158961813808e-11       9.495256217688e-13      -2.702996626782e-12       0.000000000000e+00 
 2027       3.160386892970e-11       9.401638938886e-13      -2.686746443748e-12       0.000000000000e+00 
 2028       3.161699517461e-11       9.308617416361e-13      -2.670059917770e-12       0.000000000000e+00 
 2029       3.162897510663e-11       9.216218282437e-13      -2.652944808359e-12       0.000000000000e+00 
 2030       3.163978688357e-11       9.124468268084e-13      -2.635408909229e-12       0.000000000000e+00 
 2031       3.164940858709e-11       9.033394203045e-13      -2.617460048344e-12       0.000000000000e+00 
 2032       3.165781822263e-11       8.943023015946e-13      -2.599106087961e-12       0.000000000000e+00 
 2033       3.166499371934e-11       8.853381734420e-13      -2.580354924673e-12       0.000000000000e+00 
 2034       3.167091292994e-11       8.764497485224e-13      -2.561214489454e-12       0.000000000000e+00 
 2035       3.167555363067e-11       8.676397494358e-13      -2.541692747700e-12       0.000000000000e+00 
 2036       3.167889352119e-11       8.589109087183e-13      -2.521797699274e-12       0.000000000000e+00 
 2037       3.168091022450e-11       8.502659688540e-13      -2.501537378552e-12       0.000000000000e+00 
 2038       3.168158128684e-11       8.417076822869e-13      -2.480919854461e-12       0.000000000000e+00 
 2039       3.168088417758e-11       8.332388114327e-13      -2.459953230529e-12       0.000000000000e+00 
 2040       3.167879628916e-11       8.248621286906e-13      -2.438645644923e-12       0.000000000000e+00 
 2041       3.167529493701e-11       8.165804164554e-13      -2.417005270496e-12       0.000000000000e+00 
 2042       3.167035735943e-11       8.083964671292e-13      -2.395040314828e-12       0.000000000000e+00 
 2043       3.166396071750e-11       8.003130831333e-13      -2.372759020273e-12       0.000000000000e+00 
 2044       3.165608209502e-11       7.923330769198e-13      -2.350169663999e-12       0.000000000000e+00 
 2045       3.164669849839e-11       7.844592709840e-13      -2.327280558035e-12       0.000000000000e+00 
 2046       3.163578685654e-11       7.766944978760e-13      -2.304100049310e-12       0.000000000000e+00 
 2047       3.162332402084e-11       7.690416002122e-13      -2.280636519702e-12       0.000000000000e+00 
 2048       3.160928676499e-11       7.615034306879e-13      -2.256898386077e-12       0.000000000000e+00 
 2049       3.159365178495e-11       7.540828520885e-13      -2.232894100336e-12       0.000000000000e+00 
 2050       3.157639569885e-11       7.467827373017e-13      -2.208632149454e-12       0.000000000000e+00 
 2051       3.155749973514e-11       7.396055782728e-13      -2.184121177348e-12       0.000000000000e+00 
 2052       3.153696383386e-11       7.325523097970e-13      -2.159370351316e-12       0.000000000000e+00 
 2053       3.151479264583e-11       7.256234773562e-13      -2.134388998297e-12       0.000000000000e+00 
 2054       3.149099085358e-11       7.188196274147e-13      -2.109186483338e-12       0.000000000000e+00 
 2055       3.146556317142e-11       7.121413074194e-13      -2.083772209638e-12       0.000000000000e+00 
 2056       3.143851434542e-11       7.055890658007e-13      -2.058155618600e-12       0.000000000000e+00 
 2057       3.140984915353e-11       6.991634519735e-13      -2.032346189872e-12       0.000000000000e+00 
 2058       3.137957240557e-11       6.928650163374e-13      -2.006353441400e-12       0.000000000000e+00 
 2059       3.134768894332e-11       6.866943102777e-13      -1.980186929468e-12       0.000000000000e+00 
 2060       3.131420364050e-11       6.806518861662e-13      -1.953856248755e-12       0.000000000000e+00 
 2061       3.127912140289e-11       6.747382973616e-13      -1.927371032371e-12       0.000000000000e+00 
 2062       3.124244716829e-11       6.689540982107e-13      -1.900740951912e-12       0.000000000000e+00 
 2063       3.120418590665e-11       6.632998440484e-13      -1.873975717504e-12       0.000000000000e+00 
 2064       3.116434262005e-11       6.577760911991e-13      -1.847085077849e-12       0.000000000000e+00 
 2065       3.112292234278e-11       6.523833969772e-13      -1.820078820277e-12       0.000000000000e+00 
 2066       3.107993014136e-11       6.471223196877e-13      -1.792966770784e-12       0.000000000000e+00 
 2067       3.103537111461e-11       6.419934186267e-13      -1.765758794090e-12       0.000000000000e+00 
 2068       3.098925039366e-11       6.369972540828e-13      -1.738464793676e-12       0.000000000000e+00 
 2069       3.094157314203e-11       6.321343873371e-13      -1.711094711838e-12       0.000000000000e+00 
 2070       3.089234455565e-11       6.274053806644e-13      -1.683658529732e-12       0.000000000000e+00 
 2071       3.084156986290e-11       6.228107973336e-13      -1.656166267418e-12       0.000000000000e+00 
 2072       3.078925432470e-11       6.183512016085e-13      -1.628627983912e-12       0.000000000000e+00 
 2073       3.073540323448e-11       6.140271587489e-13      -1.601053777231e-12       0.000000000000e+00 
 2074       3.068002191829e-11       6.098392350104e-13      -1.573453784437e-12       0.000000000000e+00 
 2075       3.062311573479e-11       6.057879976462e-13      -1.545838181689e-12       0.000000000000e+00 
 2076       3.056469007535e-11       6.018740149069e-13      -1.518217184287e-12       0.000000000000e+00 
 2077       3.050475036405e-11       5.980978560419e-13      -1.490601046721e-12       0.000000000000e+00 
 2078       3.044330205775e-11       5.944600912997e-13      -1.463000062716e-12       0.000000000000e+00 
 2079       3.038035064611e-11       5.909612919287e-13      -1.435424565278e-12       0.000000000000e+00 
 2080       3.031590165165e-11       5.876020301780e-13      -1.407884926747e-12       0.000000000000e+00 
 2081       3.024996062979e-11       5.843828792980e-13      -1.380391558836e-12       0.000000000000e+00 
 2082       3.018253316891e-11       5.813044135413e-13      -1.352954912685e-12       0.000000000000e+00 
 2083       3.011362489037e-11       5.783672081632e-13      -1.325585478903e-12       0.000000000000e+00 
 2084       3.004324144855e-11       5.755718394224e-13      -1.298293787619e-12       0.000000000000e+00 
 2085       2.997138853092e-11       5.729188845820e-13      -1.271090408524e-12       0.000000000000e+00 
 2086       2.989807185809e-11       5.704089219099e-13      -1.243985950925e-12       0.000000000000e+00 
 2087       2.982329718379e-11       5.680425306798e-13      -1.216991063786e-12       0.000000000000e+00 
 2088       2.974707029500e-11       5.658202911716e-13      -1.190116435777e-12       0.000000000000e+00 
 2089       2.966939701193e-11       5.637427846723e-13      -1.163372795323e-12       0.000000000000e+00 
 2090       2.959028318810e-11       5.618105934767e-13      -1.136770910646e-12       0.000000000000e+00 
 2091       2.950973757027e-11       5.600239714209e-13      -1.110320768000e-12       0.000000000000e+00 
 2092       2.942778040015e-11       5.583818529603e-13      -1.084029099957e-12       0.000000000000e+00 
 2093       2.934443487296e-11       5.568828371560e-13      -1.057901839910e-12       0.000000000000e+00 
 2094       2.925972428318e-11       5.555255165040e-13      -1.031944942344e-12       0.000000000000e+00 
 2095       2.917367202465e-11       5.543084769269e-13      -1.006164382857e-12       0.000000000000e+00 
 2096       2.908630159068e-11       5.532302977656e-13      -9.805661581901e-13       0.000000000000e+00 
 2097       2.899763657419e-11       5.522895517709e-13      -9.551562862490e-13       0.000000000000e+00 
 2098       2.890770066780e-11       5.514848050951e-13      -9.299408061282e-13       0.000000000000e+00 
 2099       2.881651766401e-11       5.508146172838e-13      -9.049257781368e-13       0.000000000000e+00 
 2100       2.872411145527e-11       5.502775412677e-13      -8.801172838223e-13       0.000000000000e+00 
 2101       2.863050603411e-11       5.498721233538e-13      -8.555214259950e-13       0.000000000000e+00 
 2102       2.853572549330e-11       5.495969032177e-13      -8.311443287530e-13       0.000000000000e+00 
 2103       2.843979402593e-11       5.494504138949e-13      -8.069921375062e-13       0.000000000000e+00 
 2104       2.834273592554e-11       5.494311817725e-13      -7.830710190011e-13       0.000000000000e+00 
 2105       2.824457558627e-11       5.495377265808e-13      -7.593871613451e-13       0.000000000000e+00 
 2106       2.814533750296e-11       5.497685613853e-13      -7.359467740310e-13       0.000000000000e+00 
 2107       2.804504627127e-11       5.501221925782e-13      -7.127560879617e-13       0.000000000000e+00 
 2108       2.794372658779e-11       5.505971198698e-13      -6.898213554744e-13       0.000000000000e+00 
 2109       2.784140325023e-11       5.511918362806e-13      -6.671488503655e-13       0.000000000000e+00 
 2110       2.773810115744e-11       5.519048281328e-13      -6.447448679145e-13       0.000000000000e+00 
 2111       2.763384530961e-11       5.527345750419e-13      -6.226157249091e-13       0.000000000000e+00 
 2112       2.752866080838e-11       5.536795499086e-13      -6.007677596692e-13       0.000000000000e+00 
 2113       2.742257285693e-11       5.547382189102e-13      -5.792073320717e-13       0.000000000000e+00 
 2114       2.731560676012e-11       5.559090414923e-13      -5.579408235751e-13       0.000000000000e+00 
 2115       2.720778792464e-11       5.571904703608e-13      -5.369746372434e-13       0.000000000000e+00 
 2116       2.709914185909e-11       5.585809514732e-13      -5.163151977712e-13       0.000000000000e+00 
 2117       2.698969417412e-11       5.600789240305e-13      -4.959689515081e-13       0.000000000000e+00 
 2118       2.687947058256e-11       5.616828204688e-13      -4.759423664828e-13       0.000000000000e+00 
 2119       2.676849689953e-11       5.633910664509e-13      -4.562419324280e-13       0.000000000000e+00 
 2120       2.665679904257e-11       5.652020808582e-13      -4.368741608047e-13       0.000000000000e+00 
 2121       2.654440303175e-11       5.671142757821e-13      -4.178455848269e-13       0.000000000000e+00 
 2122       2.643133498983e-11       5.691260565159e-13      -3.991627594858e-13       0.000000000000e+00 
 2123       2.631762114233e-11       5.712358215462e-13      -3.808322615744e-13       0.000000000000e+00 
 2124       2.620328781768e-11       5.734419625450e-13      -3.628606897119e-13       0.000000000000e+00 
 2125       2.608836144734e-11       5.757428643609e-13      -3.452546643687e-13       0.000000000000e+00 
 2126       2.597286856595e-11       5.781369050113e-13      -3.280208278902e-13       0.000000000000e+00 
 2127       2.585683581138e-11       5.806224556735e-13      -3.111658445216e-13       0.000000000000e+00 
 2128       2.574028992493e-11       5.831978806768e-13      -2.946964004325e-13       0.000000000000e+00 
 2129       2.562325775140e-11       5.858615374939e-13      -2.786192037412e-13       0.000000000000e+00 
 2130       2.550576623925e-11       5.886117767329e-13      -2.629409845393e-13       0.000000000000e+00 
 2131       2.538784217195e-11       5.914468464726e-13      -2.476673413596e-13       0.000000000000e+00 
 2132       2.526951135980e-11       5.943646045672e-13      -2.327992718705e-13       0.000000000000e+00 
 2133       2.515079944283e-11       5.973628043490e-13      -2.183366183984e-13       0.000000000000e+00 
 2134       2.503173215913e-11       6.004391900940e-13      -2.042792193152e-13       0.000000000000e+00 
 2135       2.491233534497e-11       6.035914970112e-13      -1.906269090318e-13       0.000000000000e+00 
 2136       2.479263493494e-11       6.068174512314e-13      -1.773795179924e-13       0.000000000000e+00 
 2137       2.467265696200e-11       6.101147697968e-13      -1.645368726681e-13       0.000000000000e+00 
 2138       2.455242755769e-11       6.134811606498e-13      -1.520987955516e-13       0.000000000000e+00 
 2139       2.443197295216e-11       6.169143226226e-13      -1.400651051508e-13       0.000000000000e+00 
 2140       2.431131947435e-11       6.204119454257e-13      -1.284356159826e-13       0.000000000000e+00 
 2141       2.419049355204e-11       6.239717096376e-13      -1.172101385675e-13       0.000000000000e+00 
 2142       2.406952171203e-11       6.275912866936e-13      -1.063884794233e-13       0.000000000000e+00 
 2143       2.394843058022e-11       6.312683388753e-13      -9.597044105894e-14       0.000000000000e+00 
 2144       2.382724688173e-11       6.350005192993e-13      -8.595582196892e-14       0.000000000000e+00 
 2145       2.370599744102e-11       6.387854719067e-13      -7.634441662709e-14       0.000000000000e+00 
 2146       2.358470918199e-11       6.426208314522e-13      -6.713601548071e-14       0.000000000000e+00 
 2147       2.346340912813e-11       6.465042234931e-13      -5.833040494449e-14       0.000000000000e+00 
 2148       2.334212440260e-11       6.504332643787e-13      -4.992736739461e-14       0.000000000000e+00 
 2149       2.322088222836e-11       6.544055612390e-13      -4.192668116273e-14       0.000000000000e+00 
 2150       2.309970992828e-11       6.584187119745e-13      -3.432812053003e-14       0.000000000000e+00 
 2151       2.297863492528e-11       6.624703052445e-13      -2.713145572123e-14       0.000000000000e+00 
 2152       2.285768474240e-11       6.665579204573e-13      -2.033645289862e-14       0.000000000000e+00 
 2153       2.273688700294e-11       6.706791277583e-13      -1.394287415604e-14       0.000000000000e+00 
 2154       2.261626943061e-11       6.748314880200e-13      -7.950477512970e-15       0.000000000000e+00 
 2155       2.249585984957e-11       6.790125528305e-13      -2.359016908512e-15       0.000000000000e+00 
 2156       2.237568618462e-11       6.832198644831e-13       2.831757804582e-15       0.000000000000e+00 
 2157       2.225577646124e-11       6.874509559653e-13       7.622100865880e-15       0.000000000000e+00 
 2158       2.213615880580e-11       6.917033509477e-13       1.201227061325e-14       0.000000000000e+00 
 2159       2.201686144558e-11       6.959745637736e-13       1.600252948884e-14       0.000000000000e+00 
 2160       2.189791270894e-11       7.002620994478e-13       1.959314404503e-14       0.000000000000e+00 
 2161       2.177934102544e-11       7.045634536261e-13       2.278438495047e-14       0.000000000000e+00 
 2162       2.166117492591e-11       7.088761126039e-13       2.557652699597e-14       0.000000000000e+00 
 2163       2.154344304263e-11       7.131975533058e-13       2.796984910055e-14       0.000000000000e+00 
 2164       2.142617410936e-11       7.175252432749e-13       2.996463431739e-14       0.000000000000e+00 
 2165       2.130939696156e-11       7.218566406611e-13       3.156116983978e-14       0.000000000000e+00 
 2166       2.119314053640e-11       7.261891942114e-13       3.275974700716e-14       0.000000000000e+00 
 2167       2.107743387296e-11       7.305203432580e-13       3.356066131102e-14       0.000000000000e+00 
 2168       2.096230611230e-11       7.348475177083e-13       3.396421240095e-14       0.000000000000e+00 
 2169       2.084778649758e-11       7.391681380334e-13       3.397070409056e-14       0.000000000000e+00 
 2170       2.073390437419e-11       7.434796152577e-13       3.358044436348e-14       0.000000000000e+00 
 2171       2.062068653946e-11       7.477795020949e-13       3.279453307045e-14       0.000000000000e+00 
 2172       2.050814927212e-11       7.520659474929e-13       3.161723081379e-14       0.000000000000e+00 
 2173       2.039630624931e-11       7.563372451326e-13       3.005360604814e-14       0.000000000000e+00 
 2174       2.028517119217e-11       7.605916825517e-13       2.810874886569e-14       0.000000000000e+00 
 2175       2.017475786588e-11       7.648275411378e-13       2.578777102222e-14       0.000000000000e+00 
 2176       2.006508007970e-11       7.690430961213e-13       2.309580596306e-14       0.000000000000e+00 
 2177       1.995615168703e-11       7.732366165687e-13       2.003800884918e-14       0.000000000000e+00 
 2178       1.984798658545e-11       7.774063653751e-13       1.661955658318e-14       0.000000000000e+00 
 2179       1.974059871677e-11       7.815505992578e-13       1.284564783531e-14       0.000000000000e+00 
 2180       1.963400206705e-11       7.856675687488e-13       8.721503069510e-15       0.000000000000e+00 
 2181       1.952821066672e-11       7.897555181880e-13       4.252364569400e-15       0.000000000000e+00 
 2182       1.942323859056e-11       7.938126857161e-13      -5.565035356587e-16       0.000000000000e+00 
 2183       1.931909995775e-11       7.978373032679e-13      -5.699815244568e-15       0.000000000000e+00 
 2184       1.921580893199e-11       8.018275965647e-13      -1.117226265846e-14       0.000000000000e+00 
 2185       1.911337972144e-11       8.057817851079e-13      -1.696851595468e-14       0.000000000000e+00 
 2186       1.901182657886e-11       8.096980821717e-13      -2.308322336076e-14       0.000000000000e+00 
 2187       1.891116380161e-11       8.135746947962e-13      -2.951101112840e-14       0.000000000000e+00 
 2188       1.881140573171e-11       8.174098237803e-13      -3.624648350745e-14       0.000000000000e+00 
 2189       1.871256675590e-11       8.212016636745e-13      -4.328422271986e-14       0.000000000000e+00 
 2190       1.861466130567e-11       8.249484027746e-13      -5.061878893371e-14       0.000000000000e+00 
 2191       1.851770385729e-11       8.286482231139e-13      -5.824472023713e-14       0.000000000000e+00 
 2192       1.842170893191e-11       8.322993004565e-13      -6.615653261234e-14       0.000000000000e+00 
 2193       1.832669109558e-11       8.358998042906e-13      -7.434871990956e-14       0.000000000000e+00 
 2194       1.823266495929e-11       8.394478978208e-13      -8.281575382103e-14       0.000000000000e+00 
 2195       1.813964517901e-11       8.429417379619e-13      -9.155208385500e-14       0.000000000000e+00 
 2196       1.804764645578e-11       8.463794753313e-13      -1.005521373096e-13       0.000000000000e+00 
 2197       1.795668353571e-11       8.497592542422e-13      -1.098103192471e-13       0.000000000000e+00 
 2198       1.786677121007e-11       8.530792126966e-13      -1.193210124675e-13       0.000000000000e+00 
 2199       1.777792431530e-11       8.563374823785e-13      -1.290785774828e-13       0.000000000000e+00 
 2200       1.769015773308e-11       8.595321886464e-13      -1.390773524908e-13       0.000000000000e+00 
 2201       1.760348639038e-11       8.626614505266e-13      -1.493116533492e-13       0.000000000000e+00 
 2202       1.751792525948e-11       8.657233807064e-13      -1.597757735496e-13       0.000000000000e+00 
 2203       1.743348935807e-11       8.687160855267e-13      -1.704639841913e-13       0.000000000000e+00 
 2204       1.735019374924e-11       8.716376649752e-13      -1.813705339555e-13       0.000000000000e+00 
 2205       1.726805354156e-11       8.744862126794e-13      -1.924896490790e-13       0.000000000000e+00 
 2206       1.718708388914e-11       8.772598158995e-13      -2.038155333285e-13       0.000000000000e+00 
 2207       1.710729999164e-11       8.799565555214e-13      -2.153423679744e-13       0.000000000000e+00 
 2208       1.702871709435e-11       8.825745060499e-13      -2.270643117648e-13       0.000000000000e+00 
 2209       1.695135048821e-11       8.851117356016e-13      -2.389755008994e-13       0.000000000000e+00 
 2210       1.687521550990e-11       8.875663058975e-13      -2.510700490037e-13       0.000000000000e+00 
 2211       1.680032440149e-11       8.899365439765e-13      -2.633419889659e-13       0.000000000000e+00 
 2212       1.672667686675e-11       8.922218593135e-13      -2.757850980805e-13       0.000000000000e+00 
 2213       1.665426945239e-11       8.944219320975e-13      -2.883930716950e-13       0.000000000000e+00 
 2214       1.658309868279e-11       8.965364420023e-13      -3.011595812146e-13       0.000000000000e+00 
 2215       1.651316105989e-11       8.985650681866e-13      -3.140782740743e-13       0.000000000000e+00 
 2216       1.644445306321e-11       9.005074892932e-13      -3.271427737118e-13       0.000000000000e+00 
 2217       1.637697114980e-11       9.023633834488e-13      -3.403466795398e-13       0.000000000000e+00 
 2218       1.631071175421e-11       9.041324282642e-13      -3.536835669186e-13       0.000000000000e+00 
 2219       1.624567128847e-11       9.058143008329e-13      -3.671469871289e-13       0.000000000000e+00 
 2220       1.618184614206e-11       9.074086777318e-13      -3.807304673440e-13       0.000000000000e+00 
 2221       1.611923268188e-11       9.089152350203e-13      -3.944275106025e-13       0.000000000000e+00 
 2222       1.605782725221e-11       9.103336482400e-13      -4.082315957809e-13       0.000000000000e+00 
 2223       1.599762617469e-11       9.116635924146e-13      -4.221361775661e-13       0.000000000000e+00 
 2224       1.593862574831e-11       9.129047420494e-13      -4.361346864280e-13       0.000000000000e+00 
 2225       1.588082224933e-11       9.140567711308e-13      -4.502205285918e-13       0.000000000000e+00 
 2226       1.582421193130e-11       9.151193531264e-13      -4.643870860112e-13       0.000000000000e+00 
 2227       1.576879102503e-11       9.160921609843e-13      -4.786277163400e-13       0.000000000000e+00 
 2228       1.571455573850e-11       9.169748671327e-13      -4.929357529055e-13       0.000000000000e+00 
 2229       1.566150225692e-11       9.177671434799e-13      -5.073045046806e-13       0.000000000000e+00 
 2230       1.560962674263e-11       9.184686614139e-13      -5.217272562565e-13       0.000000000000e+00 
 2231       1.555892533510e-11       9.190790918017e-13      -5.361972678152e-13       0.000000000000e+00 
 2232       1.550939415091e-11       9.195981049894e-13      -5.507077751021e-13       0.000000000000e+00 
 2233       1.546102928368e-11       9.200253708015e-13      -5.652519893984e-13       0.000000000000e+00 
 2234       1.541382680411e-11       9.203605585410e-13      -5.798230974940e-13       0.000000000000e+00 
 2235       1.536778275988e-11       9.206033369885e-13      -5.944142616595e-13       0.000000000000e+00 
 2236       1.532289317565e-11       9.207533744024e-13      -6.090186196195e-13       0.000000000000e+00 
 2237       1.527915405305e-11       9.208103385183e-13      -6.236292845242e-13       0.000000000000e+00 
 2238       1.523656137062e-11       9.207738965485e-13      -6.382393449231e-13       0.000000000000e+00 
 2239       1.519511108379e-11       9.206437151821e-13      -6.528418647363e-13       0.000000000000e+00 
 2240       1.515479912488e-11       9.204194605842e-13      -6.674298832282e-13       0.000000000000e+00 
 2241       1.511562140300e-11       9.201007983960e-13      -6.819964149791e-13       0.000000000000e+00 
 2242       1.507757380411e-11       9.196873937341e-13      -6.965344498585e-13       0.000000000000e+00 
 2243       1.504065219092e-11       9.191789111903e-13      -7.110369529973e-13       0.000000000000e+00 
 2244       1.500485240291e-11       9.185750148312e-13      -7.254968647602e-13       0.000000000000e+00 
 2245       1.497017025624e-11       9.178753681981e-13      -7.399071007186e-13       0.000000000000e+00 
 2246       1.493660154381e-11       9.170796343063e-13      -7.542605516230e-13       0.000000000000e+00 
 2247       1.490414203514e-11       9.161874756453e-13      -7.685500833753e-13       0.000000000000e+00 
 2248       1.487278747640e-11       9.151985541776e-13      -7.827685370019e-13       0.000000000000e+00 
 2249       1.484253359035e-11       9.141125313393e-13      -7.969087286258e-13       0.000000000000e+00 
 2250       1.481337607635e-11       9.129290680391e-13      -8.109634494392e-13       0.000000000000e+00 
 2251       1.478530879140e-11       9.116480477468e-13      -8.249260347699e-13       0.000000000000e+00 
 2252       1.475831828068e-11       9.102702473443e-13      -8.387920753788e-13       0.000000000000e+00 
 2253       1.473238921142e-11       9.087966706369e-13      -8.525577172375e-13       0.000000000000e+00 
 2254       1.470750618843e-11       9.072283256659e-13      -8.662190934310e-13       0.000000000000e+00 
 2255       1.468365375410e-11       9.055662247133e-13      -8.797723241441e-13       0.000000000000e+00 
 2256       1.466081638825e-11       9.038113843073e-13      -8.932135166473e-13       0.000000000000e+00 
 2257       1.463897850813e-11       9.019648252268e-13      -9.065387652827e-13       0.000000000000e+00 
 2258       1.461812446827e-11       9.000275725064e-13      -9.197441514501e-13       0.000000000000e+00 
 2259       1.459823856049e-11       8.980006554414e-13      -9.328257435932e-13       0.000000000000e+00 
 2260       1.457930501377e-11       8.958851075930e-13      -9.457795971854e-13       0.000000000000e+00 
 2261       1.456130799419e-11       8.936819667926e-13      -9.586017547157e-13       0.000000000000e+00 
 2262       1.454423160486e-11       8.913922751474e-13      -9.712882456753e-13       0.000000000000e+00 
 2263       1.452805988588e-11       8.890170790450e-13      -9.838350865428e-13       0.000000000000e+00 
 2264       1.451277681421e-11       8.865574291585e-13      -9.962382807709e-13       0.000000000000e+00 
 2265       1.449836630363e-11       8.840143804513e-13      -1.008493818772e-12       0.000000000000e+00 
 2266       1.448481220468e-11       8.813889921820e-13      -1.020597677905e-12       0.000000000000e+00 
 2267       1.447209830456e-11       8.786823279097e-13      -1.032545822460e-12       0.000000000000e+00 
 2268       1.446020832707e-11       8.758954554985e-13      -1.044334203645e-12       0.000000000000e+00 
 2269       1.444912593254e-11       8.730294471227e-13      -1.055958759573e-12       0.000000000000e+00 
 2270       1.443883471776e-11       8.700853792718e-13      -1.067415415246e-12       0.000000000000e+00 
 2271       1.442931821590e-11       8.670643327550e-13      -1.078700082542e-12       0.000000000000e+00 
 2272       1.442055989644e-11       8.639673927068e-13      -1.089808660202e-12       0.000000000000e+00 
 2273       1.441254316509e-11       8.607956485916e-13      -1.100737033814e-12       0.000000000000e+00 
 2274       1.440525136375e-11       8.575501942084e-13      -1.111481075800e-12       0.000000000000e+00 
 2275       1.439866777040e-11       8.542321276962e-13      -1.122036645403e-12       0.000000000000e+00 
 2276       1.439277559904e-11       8.508425515387e-13      -1.132399588673e-12       0.000000000000e+00 
 2277       1.438755799963e-11       8.473825725693e-13      -1.142565738449e-12       0.000000000000e+00 
 2278       1.438299805800e-11       8.438533019760e-13      -1.152530914351e-12       0.000000000000e+00 
 2279       1.437907879578e-11       8.402558553065e-13      -1.162290922762e-12       0.000000000000e+00 
 2280       1.437578317035e-11       8.365913524727e-13      -1.171841556816e-12       0.000000000000e+00 
 2281       1.437309407475e-11       8.328609177563e-13      -1.181178596383e-12       0.000000000000e+00 
 2282       1.437099433759e-11       8.290656798132e-13      -1.190297808054e-12       0.000000000000e+00 
 2283       1.436946672301e-11       8.252067716789e-13      -1.199194945130e-12       0.000000000000e+00 
 2284       1.436849393061e-11       8.212853307728e-13      -1.207865747606e-12       0.000000000000e+00 
 2285       1.436805859533e-11       8.173024989038e-13      -1.216305942156e-12       0.000000000000e+00 
 2286       1.436814328744e-11       8.132594222749e-13      -1.224511242122e-12       0.000000000000e+00 
 2287       1.436873051242e-11       8.091572514883e-13      -1.232477347498e-12       0.000000000000e+00 
 2288       1.436980271091e-11       8.049971415502e-13      -1.240199944915e-12       0.000000000000e+00 
 2289       1.437134225865e-11       8.007802518759e-13      -1.247674707632e-12       0.000000000000e+00 
 2290       1.437333146636e-11       7.965077462943e-13      -1.254897295513e-12       0.000000000000e+00 
 2291       1.437575282186e-11       7.921808537946e-13      -1.261864121768e-12       0.000000000000e+00 
 2292       1.437858971808e-11       7.878010511775e-13      -1.268574658514e-12       0.000000000000e+00 
 2293       1.438182572953e-11       7.833698815805e-13      -1.275029145918e-12       0.000000000000e+00 
 2294       1.438544437051e-11       7.788888938494e-13      -1.281227826786e-12       0.000000000000e+00 
 2295       1.438942909508e-11       7.743596425449e-13      -1.287170946576e-12       0.000000000000e+00 
 2296       1.439376329695e-11       7.697836879484e-13      -1.292858753393e-12       0.000000000000e+00 
 2297       1.439843030945e-11       7.651625960685e-13      -1.298291497999e-12       0.000000000000e+00 
 2298       1.440341340544e-11       7.604979386476e-13      -1.303469433810e-12       0.000000000000e+00 
 2299       1.440869579726e-11       7.557912931679e-13      -1.308392816907e-12       0.000000000000e+00 
 2300       1.441426063663e-11       7.510442428580e-13      -1.313061906034e-12       0.000000000000e+00 
 2301       1.442009101463e-11       7.462583766991e-13      -1.317476962603e-12       0.000000000000e+00 
 2302       1.442616996160e-11       7.414352894312e-13      -1.321638250700e-12       0.000000000000e+00 
 2303       1.443248044709e-11       7.365765815597e-13      -1.325546037083e-12       0.000000000000e+00 
 2304       1.443900537978e-11       7.316838593615e-13      -1.329200591193e-12       0.000000000000e+00 
 2305       1.444572760743e-11       7.267587348916e-13      -1.332602185151e-12       0.000000000000e+00 
 2306       1.445262991678e-11       7.218028259889e-13      -1.335751093764e-12       0.000000000000e+00 
 2307       1.445969503355e-11       7.168177562834e-13      -1.338647594530e-12       0.000000000000e+00 
 2308       1.446690562229e-11       7.118051552016e-13      -1.341291967639e-12       0.000000000000e+00 
 2309       1.447424428638e-11       7.067666579734e-13      -1.343684495979e-12       0.000000000000e+00 
 2310       1.448169356791e-11       7.017039056385e-13      -1.345825465137e-12       0.000000000000e+00 
 2311       1.448923594766e-11       6.966185450520e-13      -1.347715163404e-12       0.000000000000e+00 
 2312       1.449685384503e-11       6.915122288919e-13      -1.349353881779e-12       0.000000000000e+00 
 2313       1.450452961792e-11       6.863866156642e-13      -1.350741913972e-12       0.000000000000e+00 
 2314       1.451224556272e-11       6.812433697103e-13      -1.351879556406e-12       0.000000000000e+00 
 2315       1.451998391422e-11       6.760841612124e-13      -1.352767108224e-12       0.000000000000e+00 
 2316       1.452772684556e-11       6.709106662006e-13      -1.353404871290e-12       0.000000000000e+00 
 2317       1.453545646813e-11       6.657245665587e-13      -1.353793150192e-12       0.000000000000e+00 
 2318       1.454315483153e-11       6.605275500310e-13      -1.353932252246e-12       0.000000000000e+00 
 2319       1.455080392351e-11       6.553213102281e-13      -1.353822487504e-12       0.000000000000e+00 
 2320       1.455838566988e-11       6.501075466337e-13      -1.353464168750e-12       0.000000000000e+00 
 2321       1.456588193445e-11       6.448879646105e-13      -1.352857611509e-12       0.000000000000e+00 
 2322       1.457327451897e-11       6.396642754070e-13      -1.352003134047e-12       0.000000000000e+00 
 2323       1.458054516307e-11       6.344381961635e-13      -1.350901057379e-12       0.000000000000e+00 
 2324       1.458767554417e-11       6.292114499186e-13      -1.349551705269e-12       0.000000000000e+00 
 2325       1.459464727744e-11       6.239857656153e-13      -1.347955404233e-12       0.000000000000e+00 
 2326       1.460144191571e-11       6.187628781076e-13      -1.346112483545e-12       0.000000000000e+00 
 2327       1.460804094941e-11       6.135445281667e-13      -1.344023275240e-12       0.000000000000e+00 
 2328       1.461442580653e-11       6.083324624874e-13      -1.341688114117e-12       0.000000000000e+00 
 2329       1.462057785250e-11       6.031284336943e-13      -1.339107337742e-12       0.000000000000e+00 
 2330       1.462647839017e-11       5.979342003484e-13      -1.336281286452e-12       0.000000000000e+00 
 2331       1.463211041366e-11       5.927514224960e-13      -1.333210810545e-12       0.000000000000e+00 
 2332       1.463746388204e-11       5.875813475876e-13      -1.329898795316e-12       0.000000000000e+00 
 2333       1.464253047865e-11       5.824251225992e-13      -1.326348645607e-12       0.000000000000e+00 
 2334       1.464730186014e-11       5.772838983139e-13      -1.322563779502e-12       0.000000000000e+00 
 2335       1.465176965643e-11       5.721588293263e-13      -1.318547628349e-12       0.000000000000e+00 
 2336       1.465592547068e-11       5.670510740466e-13      -1.314303636767e-12       0.000000000000e+00 
 2337       1.465976087930e-11       5.619617947040e-13      -1.309835262665e-12       0.000000000000e+00 
 2338       1.466326743189e-11       5.568921573515e-13      -1.305145977258e-12       0.000000000000e+00 
 2339       1.466643665121e-11       5.518433318693e-13      -1.300239265076e-12       0.000000000000e+00 
 2340       1.466926003315e-11       5.468164919693e-13      -1.295118623987e-12       0.000000000000e+00 
 2341       1.467172904675e-11       5.418128151987e-13      -1.289787565202e-12       0.000000000000e+00 
 2342       1.467383513409e-11       5.368334829445e-13      -1.284249613300e-12       0.000000000000e+00 
 2343       1.467556971033e-11       5.318796804369e-13      -1.278508306233e-12       0.000000000000e+00 
 2344       1.467692416367e-11       5.269525967541e-13      -1.272567195350e-12       0.000000000000e+00 
 2345       1.467788985529e-11       5.220534248256e-13      -1.266429845404e-12       0.000000000000e+00 
 2346       1.467845811934e-11       5.171833614367e-13      -1.260099834571e-12       0.000000000000e+00 
 2347       1.467862026293e-11       5.123436072324e-13      -1.253580754463e-12       0.000000000000e+00 
 2348       1.467836756608e-11       5.075353667212e-13      -1.246876210144e-12       0.000000000000e+00 
 2349       1.467769128170e-11       5.027598482794e-13      -1.239989820144e-12       0.000000000000e+00 
 2350       1.467658263557e-11       4.980182641553e-13      -1.232925216474e-12       0.000000000000e+00 
 2351       1.467503282628e-11       4.933118304726e-13      -1.225686044640e-12       0.000000000000e+00 
 2352       1.467303302524e-11       4.886417672349e-13      -1.218275963659e-12       0.000000000000e+00 
 2353       1.467057437664e-11       4.840092983298e-13      -1.210698646073e-12       0.000000000000e+00 
 2354       1.466764799741e-11       4.794156515325e-13      -1.202957777964e-12       0.000000000000e+00 
 2355       1.466424497721e-11       4.748620585103e-13      -1.195057058968e-12       0.000000000000e+00 
 2356       1.466035637838e-11       4.703497548262e-13      -1.187000202289e-12       0.000000000000e+00 
 2357       1.465597323595e-11       4.658799799431e-13      -1.178790934719e-12       0.000000000000e+00 
 2358       1.465108655757e-11       4.614539772281e-13      -1.170432996646e-12       0.000000000000e+00 
 2359       1.464568732348e-11       4.570729939561e-13      -1.161930142071e-12       0.000000000000e+00 
 2360       1.463976648655e-11       4.527382813140e-13      -1.153286138624e-12       0.000000000000e+00 
 2361       1.463331497215e-11       4.484510944047e-13      -1.144504767580e-12       0.000000000000e+00 
 2362       1.462632367822e-11       4.442126922513e-13      -1.135589823869e-12       0.000000000000e+00 
 2363       1.461878347517e-11       4.400243378007e-13      -1.126545116094e-12       0.000000000000e+00 
 2364       1.461068520589e-11       4.358872979283e-13      -1.117374466547e-12       0.000000000000e+00 
 2365       1.460201968572e-11       4.318028434412e-13      -1.108081711220e-12       0.000000000000e+00 
 2366       1.459277770239e-11       4.277722490829e-13      -1.098670699822e-12       0.000000000000e+00 
 2367       1.458295001604e-11       4.237967935370e-13      -1.089145295796e-12       0.000000000000e+00 
 2368       1.457252735915e-11       4.198777594315e-13      -1.079509376327e-12       0.000000000000e+00 
 2369       1.456150043654e-11       4.160164333423e-13      -1.069766832364e-12       0.000000000000e+00 
 2370       1.454985992533e-11       4.122141057977e-13      -1.059921568632e-12       0.000000000000e+00 
 2371       1.453759848565e-11       4.084718870527e-13      -1.049977520504e-12       0.000000000000e+00 
 2372       1.452471680638e-11       4.047901531611e-13      -1.039938704714e-12       0.000000000000e+00 
 2373       1.451121759669e-11       4.011690964905e-13      -1.029809168988e-12       0.000000000000e+00 
 2374       1.449710357871e-11       3.976089096420e-13      -1.019592975231e-12       0.000000000000e+00 
 2375       1.448237748753e-11       3.941097854498e-13      -1.009294199536e-12       0.000000000000e+00 
 2376       1.446704207123e-11       3.906719169816e-13      -9.989169322048e-13       0.000000000000e+00 
 2377       1.445110009091e-11       3.872954975384e-13      -9.884652777613e-13       0.000000000000e+00 
 2378       1.443455432066e-11       3.839807206549e-13      -9.779433549653e-13       0.000000000000e+00 
 2379       1.441740754762e-11       3.807277800996e-13      -9.673552968291e-13       0.000000000000e+00 
 2380       1.439966257197e-11       3.775368698745e-13      -9.567052506318e-13       0.000000000000e+00 
 2381       1.438132220695e-11       3.744081842156e-13      -9.459973779349e-13       0.000000000000e+00 
 2382       1.436238927888e-11       3.713419175929e-13      -9.352358545973e-13       0.000000000000e+00 
 2383       1.434286662717e-11       3.683382647103e-13      -9.244248707902e-13       0.000000000000e+00 
 2384       1.432275710433e-11       3.653974205059e-13      -9.135686310122e-13       0.000000000000e+00 
 2385       1.430206357601e-11       3.625195801521e-13      -9.026713541046e-13       0.000000000000e+00 
 2386       1.428078892096e-11       3.597049390555e-13      -8.917372732666e-13       0.000000000000e+00 
 2387       1.425893603113e-11       3.569536928574e-13      -8.807706360699e-13       0.000000000000e+00 
 2388       1.423650781161e-11       3.542660374332e-13      -8.697757044743e-13       0.000000000000e+00 
 2389       1.421350718065e-11       3.516421688932e-13      -8.587567548426e-13       0.000000000000e+00 
 2390       1.418993706974e-11       3.490822835824e-13      -8.477180779557e-13       0.000000000000e+00 
 2391       1.416580042354e-11       3.465865780805e-13      -8.366639790277e-13       0.000000000000e+00 
 2392       1.414110019998e-11       3.441552492022e-13      -8.255987777211e-13       0.000000000000e+00 
 2393       1.411583937018e-11       3.417884939971e-13      -8.145268081617e-13       0.000000000000e+00 
 2394       1.409002091856e-11       3.394865097499e-13      -8.034524189539e-13       0.000000000000e+00 
 2395       1.406364784279e-11       3.372494939805e-13      -7.923799731957e-13       0.000000000000e+00 
 2396       1.403672315383e-11       3.350776444441e-13      -7.813138484939e-13       0.000000000000e+00 
 2397       1.400924987593e-11       3.329711591313e-13      -7.702584369791e-13       0.000000000000e+00 
 2398       1.398123104667e-11       3.309302362681e-13      -7.592181453208e-13       0.000000000000e+00 
 2399       1.395266971696e-11       3.289550743160e-13      -7.481973947424e-13       0.000000000000e+00 
 2400       1.392356895104e-11       3.270458719723e-13      -7.372006210367e-13       0.000000000000e+00 
 2401       1.389393182654e-11       3.252028281699e-13      -7.262322745807e-13       0.000000000000e+00 
 2402       1.386376143444e-11       3.234261420777e-13      -7.152968203504e-13       0.000000000000e+00 
 2403       1.383306087911e-11       3.217160131005e-13      -7.043987379367e-13       0.000000000000e+00 
 2404       1.380183327835e-11       3.200726408790e-13      -6.935425215597e-13       0.000000000000e+00 
 2405       1.377008176335e-11       3.184962252901e-13      -6.827326800843e-13       0.000000000000e+00 
 2406       1.373780947876e-11       3.169869664471e-13      -6.719737370352e-13       0.000000000000e+00 
 2407       1.370501958266e-11       3.155450646993e-13      -6.612702306117e-13       0.000000000000e+00 
 2408       1.367171524661e-11       3.141707206327e-13      -6.506267137033e-13       0.000000000000e+00 
 2409       1.363789965564e-11       3.128641350695e-13      -6.400477539043e-13       0.000000000000e+00 
 2410       1.360357600829e-11       3.116255090688e-13      -6.295379335295e-13       0.000000000000e+00 
 2411       1.356874857569e-11       3.104549005880e-13      -6.191014749707e-13       0.000000000000e+00 
 2412       1.353342588588e-11       3.093517935170e-13      -6.087411142518e-13       0.000000000000e+00 
 2413       1.349761755887e-11       3.083155260270e-13      -5.984592206634e-13       0.000000000000e+00 
 2414       1.346133324934e-11       3.073454336684e-13      -5.882581708069e-13       0.000000000000e+00 
 2415       1.342458264670e-11       3.064408493680e-13      -5.781403486017e-13       0.000000000000e+00 
 2416       1.338737547507e-11       3.056011034260e-13      -5.681081452929e-13       0.000000000000e+00 
 2417       1.334972149336e-11       3.048255235129e-13      -5.581639594581e-13       0.000000000000e+00 
 2418       1.331163049532e-11       3.041134346672e-13      -5.483101970156e-13       0.000000000000e+00 
 2419       1.327311230953e-11       3.034641592922e-13      -5.385492712309e-13       0.000000000000e+00 
 2420       1.323417679947e-11       3.028770171531e-13      -5.288836027248e-13       0.000000000000e+00 
 2421       1.319483386355e-11       3.023513253741e-13      -5.193156194802e-13       0.000000000000e+00 
 2422       1.315509343515e-11       3.018863984359e-13      -5.098477568500e-13       0.000000000000e+00 
 2423       1.311496548265e-11       3.014815481724e-13      -5.004824575639e-13       0.000000000000e+00 
 2424       1.307446000945e-11       3.011360837680e-13      -4.912221717362e-13       0.000000000000e+00 
 2425       1.303358705405e-11       3.008493117550e-13      -4.820693568730e-13       0.000000000000e+00 
 2426       1.299235669005e-11       3.006205360101e-13      -4.730264778797e-13       0.000000000000e+00 
 2427       1.295077902621e-11       3.004490577523e-13      -4.640960070682e-13       0.000000000000e+00 
 2428       1.290886420647e-11       3.003341755395e-13      -4.552804241643e-13       0.000000000000e+00 
 2429       1.286662240998e-11       3.002751852659e-13      -4.465822163152e-13       0.000000000000e+00 
 2430       1.282406385117e-11       3.002713801588e-13      -4.380038780966e-13       0.000000000000e+00 
 2431       1.278119877975e-11       3.003220507762e-13      -4.295479115206e-13       0.000000000000e+00 
 2432       1.273803748079e-11       3.004264850037e-13      -4.212168260424e-13       0.000000000000e+00 
 2433       1.269459027469e-11       3.005839680515e-13      -4.130131385681e-13       0.000000000000e+00 
 2434       1.265086751730e-11       3.007937824520e-13      -4.049393734620e-13       0.000000000000e+00 
 2435       1.260687959988e-11       3.010552080562e-13      -3.969980625539e-13       0.000000000000e+00 
 2436       1.256263694918e-11       3.013675220317e-13      -3.891917451466e-13       0.000000000000e+00 
 2437       1.251815002747e-11       3.017299988590e-13      -3.815229680230e-13       0.000000000000e+00 
 2438       1.247342933259e-11       3.021419103293e-13      -3.739942854538e-13       0.000000000000e+00 
 2439       1.242848539794e-11       3.026025255412e-13      -3.666082592046e-13       0.000000000000e+00 
 2440       1.238332879257e-11       3.031111108983e-13      -3.593674585435e-13       0.000000000000e+00 
 2441       1.233797012119e-11       3.036669301056e-13      -3.522744602484e-13       0.000000000000e+00 
 2442       1.229242002421e-11       3.042692441676e-13      -3.453318486140e-13       0.000000000000e+00 
 2443       1.224668917777e-11       3.049173113844e-13      -3.385422154600e-13       0.000000000000e+00 
 2444       1.220078829380e-11       3.056103873497e-13      -3.319081601375e-13       0.000000000000e+00 
 2445       1.215472812004e-11       3.063477249475e-13      -3.254322895371e-13       0.000000000000e+00 
 2446       1.210851944006e-11       3.071285743493e-13      -3.191172180960e-13       0.000000000000e+00 
 2447       1.206217307334e-11       3.079521830114e-13      -3.129655678053e-13       0.000000000000e+00 
 2448       1.201569987527e-11       3.088177956717e-13      -3.069799682175e-13       0.000000000000e+00 
 2449       1.196911073719e-11       3.097246543471e-13      -3.011630564538e-13       0.000000000000e+00 
 2450       1.192241658646e-11       3.106719983308e-13      -2.955174772115e-13       0.000000000000e+00 
 2451       1.187562826009e-11       3.116590096135e-13      -2.900453525226e-13       0.000000000000e+00 
 2452       1.182875612486e-11       3.126846487991e-13      -2.847466875534e-13       0.000000000000e+00 
 2453       1.178181045501e-11       3.137478182032e-13      -2.796209552963e-13       0.000000000000e+00 
 2454       1.173480155846e-11       3.148474163359e-13      -2.746676259496e-13       0.000000000000e+00 
 2455       1.168773977683e-11       3.159823378976e-13      -2.698861669153e-13       0.000000000000e+00 
 2456       1.164063548546e-11       3.171514737749e-13      -2.652760427951e-13       0.000000000000e+00 
 2457       1.159349909347e-11       3.183537110372e-13      -2.608367153876e-13       0.000000000000e+00 
 2458       1.154634104378e-11       3.195879329321e-13      -2.565676436851e-13       0.000000000000e+00 
 2459       1.149917181313e-11       3.208530188818e-13      -2.524682838701e-13       0.000000000000e+00 
 2460       1.145200191216e-11       3.221478444793e-13      -2.485380893122e-13       0.000000000000e+00 
 2461       1.140484188538e-11       3.234712814839e-13      -2.447765105650e-13       0.000000000000e+00 
 2462       1.135770231127e-11       3.248221978178e-13      -2.411829953628e-13       0.000000000000e+00 
 2463       1.131059380228e-11       3.261994575619e-13      -2.377569886175e-13       0.000000000000e+00 
 2464       1.126352700484e-11       3.276019209519e-13      -2.344979324149e-13       0.000000000000e+00 
 2465       1.121651259945e-11       3.290284443742e-13      -2.314052660124e-13       0.000000000000e+00 
 2466       1.116956130068e-11       3.304778803621e-13      -2.284784258347e-13       0.000000000000e+00 
 2467       1.112268385720e-11       3.319490775919e-13      -2.257168454716e-13       0.000000000000e+00 
 2468       1.107589105184e-11       3.334408808789e-13      -2.231199556738e-13       0.000000000000e+00 
 2469       1.102919370160e-11       3.349521311732e-13      -2.206871843505e-13       0.000000000000e+00 
 2470       1.098260265769e-11       3.364816655563e-13      -2.184179565660e-13       0.000000000000e+00 
 2471       1.093612880558e-11       3.380283172364e-13      -2.163116945359e-13       0.000000000000e+00 
 2472       1.088978306502e-11       3.395909155451e-13      -2.143678176247e-13       0.000000000000e+00 
 2473       1.084357639006e-11       3.411682859332e-13      -2.125857423422e-13       0.000000000000e+00 
 2474       1.079751976912e-11       3.427592499667e-13      -2.109648823400e-13       0.000000000000e+00 
 2475       1.075162422499e-11       3.443626253228e-13      -2.095046484089e-13       0.000000000000e+00 
 2476       1.070590081490e-11       3.459772257863e-13      -2.082044484753e-13       0.000000000000e+00 
 2477       1.066036063050e-11       3.476018612451e-13      -2.070636875978e-13       0.000000000000e+00 
 2478       1.061501479796e-11       3.492353376866e-13      -2.060817679645e-13       0.000000000000e+00 
 2479       1.056987447796e-11       3.508764571939e-13      -2.052580888895e-13       0.000000000000e+00 
 2480       1.052495086573e-11       3.525240179414e-13      -2.045920468095e-13       0.000000000000e+00 
 2481       1.048025519110e-11       3.541768141910e-13      -2.040830352810e-13       0.000000000000e+00 
 2482       1.043579871852e-11       3.558336362886e-13      -2.037304449767e-13       0.000000000000e+00 
 2483       1.039159274710e-11       3.574932706594e-13      -2.035336636825e-13       0.000000000000e+00 
 2484       1.034764861065e-11       3.591544998045e-13      -2.034920762942e-13       0.000000000000e+00 
 2485       1.030397767770e-11       3.608161022967e-13      -2.036050648143e-13       0.000000000000e+00 
 2486       1.026059135153e-11       3.624768527767e-13      -2.038720083489e-13       0.000000000000e+00 
 2487       1.021750107025e-11       3.641355219489e-13      -2.042922831043e-13       0.000000000000e+00 
 2488       1.017471830676e-11       3.657908765777e-13      -2.048652623838e-13       0.000000000000e+00 
 2489       1.013225456887e-11       3.674416794835e-13      -2.055903165845e-13       0.000000000000e+00 
 2490       1.009012139924e-11       3.690866895386e-13      -2.064668131944e-13       0.000000000000e+00 
 2491       1.004832544870e-11       3.707252296707e-13      -2.074945790845e-13       0.000000000000e+00 
 2492       1.000685366415e-11       3.723588945292e-13      -2.086752903636e-13       0.000000000000e+00 
 2493       9.965688013623e-12       3.739898528489e-13      -2.100110906871e-13       0.000000000000e+00 
 2494       9.924810405124e-12       3.756202803613e-13      -2.115041297088e-13       0.000000000000e+00 
 2495       9.884202686559e-12       3.772523598015e-13      -2.131565630869e-13       0.000000000000e+00 
 2496       9.843846645678e-12       3.788882809156e-13      -2.149705524890e-13       0.000000000000e+00 
 2497       9.803724010018e-12       3.805302404672e-13      -2.169482655987e-13       0.000000000000e+00 
 2498       9.763816446836e-12       3.821804422451e-13      -2.190918761206e-13       0.000000000000e+00 
 2499       9.724105563051e-12       3.838410970696e-13      -2.214035637866e-13       0.000000000000e+00 
 2500       9.684572905185e-12       3.855144227999e-13      -2.238855143611e-13       0.000000000000e+00 
