#        weight    minuslogpost            logA             n_s              H0         omega_b       omega_cdm        tau_reio        A_planck       epsilon_T             A_s          sigma8       chi2__BAO       chi2__CMB        chi2__SN   minuslogprior minuslogprior__0            chi2 chi2__planck_2018_lowl.TT chi2__planck_2018_lowl.EE chi2__planck_2018_lensing.native chi2__bao.sdss_dr12_consensus_final chi2__sn.pantheonplus
              2       974.21865       3.0416399      0.97228872       66.867632     0.022261912       0.1211195     0.052873036       1.0017288    0.0057362973   2.0939553e-09      0.82945064        12.96097       557.10699        1403.093      -12.361819       -12.361819       1973.1609                 138.50307                   408.724                        9.8799162                            12.96097              1403.093
              2       974.58512       3.0414835      0.97251252       66.803682     0.022316393      0.12220968      0.05429483       1.0017288    0.0059205838   2.0936279e-09      0.83356627       14.454842        556.4523       1402.9867      -12.361819       -12.361819       1973.8939                 136.98601                 409.21465                        10.251636                           14.454842             1402.9867
              2       973.30813       3.0372017      0.97412928       67.070209     0.022098106       0.1227075     0.049929162       1.0033935    0.0059772227   2.0846827e-09       0.8366654       11.962411       554.97251       1403.0406      -11.679653       -11.679653       1969.9756                 135.93764                 407.94042                        11.094455                           11.962411             1403.0406
              5        971.6188       3.0297896      0.97653942       67.155692     0.022173307       0.1224252     0.050746545       1.0033935    0.0061609155   2.0692878e-09      0.83294141       11.561265       551.95063        1403.085      -11.679653       -11.679653       1966.5969                 131.34226                 407.79731                        12.811057                           11.561265              1403.085
              1       971.47287       3.0292943      0.97649031       67.086812     0.022145869      0.12228787     0.052305058        1.002833    0.0061569441   2.0682631e-09       0.8321164       11.802108       551.98803       1403.0733      -11.958839       -11.958839       1966.8634                 130.60709                 408.17563                        13.205311                           11.802108             1403.0733
              3       970.88878       3.0273212      0.97761733       67.187462     0.022112416      0.12208703     0.051806962        1.002833    0.0060347045   2.0641863e-09      0.83130013       10.897365       551.65586        1403.142      -11.958839       -11.958839       1965.6952                 129.69694                 407.99477                         13.96415                           10.897365              1403.142
              2        970.8633        3.025126      0.97892322       67.123111     0.022047262      0.12227852     0.051189148       1.0031967    0.0063163901     2.05966e-09      0.83192085       11.249619       550.95006       1403.0937      -11.783393       -11.783393       1965.2934                 128.11124                 407.74722                        15.091598                           11.249619             1403.0937
              9        971.2375       3.0282649      0.98735573       68.808411     0.022430105      0.12334852     0.049019868      0.99826737      0.00802831   2.0661353e-09       0.8432759       7.1884262       556.01677       1403.9913       -12.36076        -12.36076       1967.1965                 129.49226                 407.65097                        18.873541                           7.1884262             1403.9913
              2       976.00495       3.0059729      0.99371134        69.04168     0.022641094      0.12354772     0.048357985       0.9937184    0.0074911434   2.0205866e-09       0.8360092       6.7184786       560.00184       1404.1781      -9.4442404       -9.4442404       1970.8984                   121.933                 407.07271                        30.996126                           6.7184786             1404.1781
              4       974.71431       2.9987209      0.99073139       68.607585     0.022721715      0.12208313     0.050118255      0.99680274    0.0075445581   2.0059862e-09      0.82402615       6.9437658       561.99404        1404.057      -11.783122       -11.783122       1972.9949                 118.00135                 406.86993                        37.122769                           6.9437658              1404.057
              1       972.60457       3.0064569      0.98729063       68.602809     0.022595142      0.12203082     0.046949318        1.000806    0.0075908897   2.0215647e-09      0.82672246       6.8549442       559.35789       1404.0942      -12.548948       -12.548948        1970.307                 121.77771                 406.84249                          30.7377                           6.8549442             1404.0942
              4       972.07744        3.006198      0.98718957       68.600077     0.022595492      0.12200984     0.046943673      0.99777402    0.0075776197   2.0210413e-09      0.82648135       6.8489983       557.61739       1404.0975      -12.204522       -12.204522       1968.5639                 123.90886                 406.95158                         26.75696                           6.8489983             1404.0975
              1       973.79022       3.0176329      0.98122079       69.096788     0.022510478      0.12114433     0.048267052      0.99777402     0.008164658   2.0442844e-09      0.82763117       6.3870888       560.65038        1404.952      -12.204522       -12.204522       1971.9895                 130.83565                 407.46306                        22.351675                           6.3870888              1404.952
              3       970.04005       3.0297942      0.98587982       68.134281     0.022737571      0.12131003     0.056777234      0.99777402    0.0092017893   2.0692973e-09      0.83091701       8.9464873       551.87868        1403.664      -12.204522       -12.204522       1964.4891                  126.3132                 409.36943                        16.196058                           8.9464873              1403.664
              4       969.56018       3.0310232      0.98887444         68.1131     0.022482594      0.12179813     0.051410318      0.99686131    0.0097057342   2.0718421e-09      0.83627354       8.8371837       550.33641       1403.5724      -11.812812       -11.812812        1962.746                 128.96688                 407.99099                        13.378537                           8.8371837             1403.5724
              1       970.18915       3.0264834      0.99279407       67.640663     0.022397501      0.12266365     0.059272105       1.0004649    0.0093964234   2.0624576e-09      0.83846749        11.12134       551.25926        1403.165       -12.58363        -12.58363       1965.5456                 117.24558                 410.13483                        23.878856                            11.12134              1403.165
              3       970.95058       3.0270362         0.99486       67.945456     0.022352197      0.12263466     0.060373006       1.0004649    0.0096570953   2.0635981e-09      0.84052624       9.5872623       554.14676       1403.3344       -12.58363        -12.58363       1967.0684                 115.74691                 410.61083                         27.78902                           9.5872623             1403.3344
              1       973.31105        3.032487      0.99984275       67.616742     0.022404328      0.12182664     0.057467517      0.99968418    0.0095523821   2.0748771e-09      0.83960086       11.053296       557.50685       1403.2478      -12.592942       -12.592942        1971.808                 131.58437                  409.2382                        16.684277                           11.053296             1403.2478
              3       966.58072       3.0249894       1.0012303       67.520339     0.022582195      0.12246624     0.055284525      0.99846314    0.0098362171   2.0593787e-09       0.8382327       12.673972       542.20873       1403.1027      -12.411967       -12.411967       1957.9854                 116.08681                 408.22006                        17.901866                           12.673972             1403.1027
              2       967.76858       3.0099193       1.0032757       67.734017     0.022261294      0.12422356     0.042319894      0.99846314    0.0094279175   2.0285763e-09      0.84278539       10.925055       546.36853       1403.0675      -12.411967       -12.411967       1960.3611                 117.75974                 407.35071                         21.25808                           10.925055             1403.0675
              2       967.67974        3.016256       1.0024731       67.853916     0.022171232      0.12416194     0.041428706       1.0009344    0.0095022059   2.0414716e-09       0.8459294       10.167128       547.12933       1403.1252      -12.531069       -12.531069       1960.4216                 119.29854                 407.64152                        20.189266                           10.167128             1403.1252
              1       967.91234       3.0160046       1.0016619       67.759154      0.02216523      0.12428068     0.041471169       1.0009344    0.0095560766   2.0409583e-09      0.84581528       10.674374       547.13558       1403.0769      -12.531069       -12.531069       1960.8868                 119.53263                 407.61257                        19.990384                           10.674374             1403.0769
              5       967.92986       3.0147982       1.0033385       67.835968     0.022163385      0.12442957     0.041300218       1.0009344    0.0096047143   2.0384977e-09      0.84675384       10.396081       547.43428       1403.0915      -12.531069       -12.531069       1960.9219                 118.34037                 407.62212                        21.471787                           10.396081             1403.0915
              1       971.52904       3.0268851       1.0028726       67.851575     0.022250864      0.12605196     0.046287752       1.0056992    0.0095348946   2.0632863e-09      0.85803768       11.768461       548.30557       1402.9889      -10.002409       -10.002409       1963.0629                 115.75441                 406.91994                        25.631214                           11.768461             1402.9889
              1       970.95535       3.0269201       1.0031093       67.836119      0.02225384      0.12599355     0.046690411       1.0052742    0.0094935251   2.0633586e-09      0.85780753       11.809491       547.86358       1402.9887      -10.375543       -10.375543       1962.6618                 115.69115                  406.9082                        25.264236                           11.809491             1402.9887
              3       969.51847       3.0411936       1.0140589        67.47989     0.021756963      0.12510911     0.060262481       1.0052742    0.0092483125    2.093021e-09      0.86610999       12.128456       544.67566       1402.9839      -10.375543       -10.375543        1959.788                  106.7125                 410.39131                        27.571854                           12.128456             1402.9839
              2       967.18465       3.0363854       1.0153078       67.333345     0.022143094       0.1236732     0.065214816       1.0025698    0.0087785635   2.0829815e-09       0.8550365       12.919772       542.58781       1403.0069      -12.072601       -12.072601       1958.5145                  104.0399                 412.42891                        26.119009                           12.919772             1403.0069
              1       963.79756       3.0429107       1.0157621       67.600221     0.022094853      0.12235215     0.060414937      0.99803436    0.0088028697    2.096618e-09      0.85343832       10.673592       538.26857       1403.2366      -12.291821       -12.291821       1952.1788                 112.05947                 410.47104                        15.738052                           10.673592             1403.2366
              1       963.54378       3.0465755       1.0146961       67.500843     0.022085876      0.12247632     0.060004872       1.0007758    0.0085115781   2.1043158e-09      0.85487015       11.155524       537.85776       1403.1798       -12.55277        -12.55277       1952.1931                 112.20085                 410.24442                        15.412488                           11.155524             1403.1798
              1       964.79457       3.0498948       1.0152178       67.421042     0.022152105       0.1225799     0.064201827        1.003299    0.0084131303   2.1113123e-09      0.85617821        11.87546       538.04715        1403.127      -11.730261       -11.730261       1953.0497                 108.93888                 412.19457                        16.913702                            11.87546              1403.127
              8       964.92458       3.0501963       1.0149193       67.412788     0.022158833       0.1227359     0.063908732        1.003299     0.008364891    2.111949e-09      0.85680256       12.022705       538.17824       1403.1087      -11.730261       -11.730261       1953.3097                 109.36956                 412.04121                        16.767464                           12.022705             1403.1087
              2       964.36061       3.0624818       1.0214417       68.818514     0.022165857       0.1202539     0.067359327       1.0017533    0.0075067759   2.1380554e-09      0.85734794       7.9320495       540.45281       1405.0464      -12.354999       -12.354999       1953.4312                 110.77511                 413.93744                        15.740254                           7.9320495             1405.0464
              5       964.79028       3.0629289       1.0201587       68.809258     0.022208623       0.1190248     0.067485223      0.99824269    0.0082512377   2.1390115e-09       0.8513438       7.6353981       541.26751       1405.3854       -12.35387        -12.35387       1954.2883                 113.95029                 414.22523                        13.091993                           7.6353981             1405.3854
              1       965.47521       3.0622513       1.0207428       68.894321     0.022220051      0.11896795     0.067926058       1.0047763    0.0082034191   2.1375627e-09      0.85115022        7.685469       539.27416       1405.5425      -10.775856       -10.775856       1952.5021                 108.88232                 413.92008                        16.471762                            7.685469             1405.5425
              2       967.92387       3.0632334       1.0201292       68.791436      0.02205532      0.11589362     0.068152773       1.0078474    0.0085571908   2.1396629e-09      0.83806417       7.3893196       537.08734       1406.7199      -7.6744119       -7.6744119       1951.1966                 108.07763                 413.79273                        15.216986                           7.3893196             1406.7199
              1       962.50519       3.0581931       1.0283159       68.640919     0.022141907      0.11615272     0.063104528       1.0065469    0.0096175059   2.1289055e-09      0.83906259       7.1461649       530.06509       1406.1431      -9.1720057       -9.1720057       1943.3544                 105.80091                 410.66815                        13.596026                           7.1461649             1406.1431
              3       961.96042       3.0652078       1.0278146        68.76792     0.022276519      0.11601886     0.062628022       1.0048967    0.0096961709   2.1438916e-09      0.84065997       7.2797764       531.64607       1406.3605      -10.682733       -10.682733       1945.2863                 109.78395                 410.70128                         11.16084                           7.2797764             1406.3605
              4       961.68981       3.0670628       1.0301743       68.590004     0.022297293      0.11627314     0.059998078       1.0048967     0.010022972   2.1478722e-09      0.84283211       7.3184188       531.54095       1405.8857      -10.682733       -10.682733       1944.7451                 110.60174                 409.55451                        11.384704                           7.3184188             1405.8857
              8       959.71044       3.0597429       1.0309209       68.592468     0.022325502      0.11585111     0.062349461       1.0040343     0.010304066   2.1322075e-09      0.83789625       7.1138169       528.88209       1406.0227      -11.298871       -11.298871       1942.0186                 107.11677                  410.3005                        11.464826                           7.1138169             1406.0227
              5       959.95762       3.0484649        1.030226       69.056589     0.022450729      0.11458553     0.057017575       1.0044791     0.010053097   2.1082956e-09      0.82741617       7.1320215        527.2907       1407.4844      -10.995963       -10.995963       1941.9072                 107.16313                 407.86727                        12.260302                           7.1320215             1407.4844
              1       960.72369       3.0501589       1.0291239       69.089148     0.022605429      0.11410843     0.060987611       1.0044791     0.010211167     2.11187e-09      0.82455826       7.0317461       528.70943       1407.6981      -10.995963       -10.995963       1943.4393                 106.04423                 409.18979                        13.475407                           7.0317461             1407.6981
              3       961.36801       3.0493407       1.0280342       69.172438     0.022619011      0.11437873     0.061304032       1.0044791     0.010138619   2.1101429e-09       0.8252641        7.129812         529.864       1407.7341      -10.995963       -10.995963       1944.7279                 106.10093                 409.33638                        14.426697                            7.129812             1407.7341
              2       959.66072       3.0519605       1.0276505       69.013011     0.022645236      0.11437569     0.061149667       1.0018693     0.010147161   2.1156781e-09      0.82559432       6.9053734       529.67055       1407.3883      -12.321372       -12.321372       1943.9642                  108.8855                 409.49442                        11.290633                           6.9053734             1407.3883
              1       960.27871       3.0516232       1.0275481       69.008348     0.022652186       0.1143844     0.061032408       1.0037538     0.010093082   2.1149647e-09      0.82538686        6.891579       529.23429       1407.3788      -11.473631       -11.473631       1943.5047                 107.66006                 409.34506                        12.229171                            6.891579             1407.3788
              3       960.35492       3.0519012       1.0274195       69.011481     0.022641518      0.11438718     0.061184258       1.0037538     0.010080531   2.1155528e-09      0.82555481        6.906266       529.35962       1407.3912      -11.473631       -11.473631       1943.6571                  107.7215                 409.39586                        12.242253                            6.906266             1407.3912
              5       962.26548       3.0700695       1.0289196       68.983513     0.022784327      0.11470254     0.062816034       1.0036711    0.0086206393   2.1543399e-09      0.83370323       7.1498347       533.10774       1407.3189      -11.522765       -11.522765       1947.5765                 112.39821                 410.48364                        10.225884                           7.1498347             1407.3189
              2       958.96597       3.0533232        1.031342       68.842119     0.022698781      0.11397098     0.058715886       1.0001709    0.0080035878   2.1185632e-09      0.82415447       6.8343581        528.7495       1407.5452      -12.598584       -12.598584       1943.1291                 110.59347                 408.46366                         9.692364                           6.8343581             1407.5452
              2       960.38698       3.0648374       1.0337263       69.012912     0.022779974      0.11409682     0.061274501       1.0038366    0.0082600687   2.1430977e-09      0.83025901       7.1634783       528.70097       1407.7563      -11.423385       -11.423385       1943.6207                 109.36202                 409.41878                        9.9201616                           7.1634783             1407.7563
              9       959.17728       3.0617648       1.0349269       68.949465     0.022983603      0.11406008     0.061202595       1.0038366     0.008081554    2.136523e-09      0.82758596       6.9228399       526.71747        1407.561      -11.423385       -11.423385       1941.2013                 107.89816                 409.10047                        9.7188459                           6.9228399              1407.561
              3        959.9102       3.0603482       1.0329358       69.028155     0.023023354      0.11373837     0.060423991       1.0047748    0.0082203856   2.1334985e-09        0.824796       6.9151612       526.60178       1407.8575      -10.777035       -10.777035       1941.3745                 108.28156                 408.74737                        9.5728481                           6.9151612             1407.8575
              4       960.10762       3.0544118       1.0353426       69.213522     0.022866577       0.1092691     0.057999406       1.0007826    0.0096871185   2.1208708e-09      0.80338937       7.7956105       526.60901       1410.9145       -12.55192        -12.55192       1945.3191                 110.25812                 407.81859                        8.5322914                           7.7956105             1410.9145
              2       960.18091       3.0585329        1.041137       69.319021      0.02296377      0.10943519     0.054804961        1.002145    0.0097055668    2.129629e-09      0.80730832       7.9505903        525.8681       1411.0088      -12.232824       -12.232824       1944.8275                 109.95028                 407.01356                        8.9042653                           7.9505903             1411.0088
              3       958.95824       3.0435772        1.041026       69.663818     0.023002395      0.10980511       0.0559667       1.0010785    0.0099951978   2.0980159e-09      0.80374609       8.7851893        522.5518       1411.5952       -12.50787        -12.50787       1942.9322                 105.06727                 406.91135                        10.573185                           8.7851893             1411.5952
              3       959.18102       3.0357105       1.0397179       69.696888     0.023235566      0.11076875      0.04789304       1.0004403    0.0087542654   2.0815762e-09      0.80313661       8.3168157       524.11987       1411.0962      -12.585411       -12.585411       1943.5329                 108.42818                 406.55454                        9.1371466                           8.3168157             1411.0962
              3       959.00414       3.0378006       1.0432934       69.761787     0.023280925      0.11112392     0.046657566       1.0004403    0.0088665795   2.0859315e-09      0.80672425       8.3546662       523.85621       1410.9682      -12.585411       -12.585411       1943.1791                 108.17247                  406.7502                        8.9335364                           8.3546662             1410.9682
              1       959.15423       3.0341385       1.0425488       69.755798     0.023304002      0.11171008     0.048336928      0.99746389    0.0086905144   2.0783065e-09      0.80763374       8.1280774       523.78073       1410.5724      -12.086372       -12.086372       1942.4812                 108.08793                 406.56685                        9.1259416                           8.1280774             1410.5724
              2       958.99013       3.0291281       1.0411852       69.740672     0.023729794        0.112913     0.043145961      0.99798634    0.0098965267   2.0679195e-09       0.8082799       6.9920594       526.28167       1409.2596      -12.276537       -12.276537       1942.5333                  109.6515                 407.53093                        9.0992426                           6.9920594             1409.2596
              2       959.06269       3.0290864       1.0410443       69.729452     0.023724812      0.11292121      0.04297912      0.99798634    0.0098952274   2.0678332e-09      0.80825991       6.9760689       526.47127       1409.2311      -12.276537       -12.276537       1942.6784                 109.80315                 407.57721                        9.0909133                           6.9760689             1409.2311
              9       958.08622       3.0215109       1.0456761       69.746471     0.023483184      0.11293863     0.051761979       1.0029812    0.0085277026   2.0522275e-09      0.80815843       7.4500805       522.83853       1409.6637      -11.889911       -11.889911       1939.9523                 96.793911                 405.76991                         20.27471                           7.4500805             1409.6637
              1       956.33293       3.0255081       1.0470597       69.637667     0.023411953      0.11296549     0.050614019      0.99701186    0.0084093152   2.0604472e-09      0.81051759       7.3384955       519.65331       1409.4473      -11.886601       -11.886601       1936.4391                  101.8274                 406.13859                        11.687322                           7.3384955             1409.4473
              2        957.9572       3.0306692       1.0438536       69.631905     0.023421288       0.1125627     0.047807713      0.99701186     0.008478975   2.0711088e-09      0.80958408       7.3956392       522.62559       1409.6664      -11.886601       -11.886601       1939.6876                 106.71168                 406.51227                        9.4016335                           7.3956392             1409.6664
              6       959.04711       3.0298392       1.0442319       69.641554     0.023418082      0.11232264     0.047620362      0.99576022    0.0084857282   2.0693905e-09      0.80826925       7.4651498        523.1111       1409.8437      -11.162863       -11.162863       1940.4199                 107.27279                 406.59773                        9.2405816                           7.4651498             1409.8437
              1       958.40126       3.0309494       1.0381695       69.183919      0.02326124      0.11163615     0.047633441      0.99744863     0.008379901   2.0716893e-09      0.80332355       6.8429971       524.84952       1409.2703      -12.080163       -12.080163       1940.9628                 109.35948                 406.54196                        8.9480759                           6.8429971             1409.2703
              7       957.86994       3.0315072       1.0384346        69.10686     0.023131777      0.11267529     0.049362098      0.99698142    0.0080065971   2.0728451e-09       0.8091679       6.7409072       524.13582       1408.6071      -11.871974       -11.871974       1939.4838                 108.36699                 406.43765                        9.3311852                           6.7409072             1408.6071
              5       956.49823       3.0349914       1.0404469       69.099658     0.023227047      0.11496282     0.053011109      0.99698142    0.0072587597   2.0800798e-09      0.82120549       6.6739113       522.66437       1407.4021      -11.871974       -11.871974       1936.7404                 105.89782                  406.5146                        10.251943                           6.6739113             1407.4021
              5       957.32352       3.0319333       1.0383802       69.176041     0.023193307      0.11539835     0.059314409      0.99678936    0.0074980139   2.0737285e-09      0.82180164       6.6869226       524.19579       1407.3169      -11.776265       -11.776265       1938.1996                 102.16148                 407.79889                        14.235421                           6.6869226             1407.3169
              1       956.93749       3.0321139       1.0391468        69.08782     0.023168219      0.11622264     0.059399472      0.99678936    0.0073102022    2.074103e-09      0.82584517       6.6891671       523.96246       1406.7759      -11.776265       -11.776265       1937.4275                 101.65312                 407.89457                        14.414778                           6.6891671             1406.7759
              2        955.9145       3.0283476       1.0420869       68.826287     0.023166109      0.11582299     0.059909563      0.99678936    0.0071770611    2.066306e-09      0.82263884       6.6470416       522.24664       1406.4878      -11.776265       -11.776265       1935.3815                  98.86406                 407.81083                        15.571755                           6.6470416             1406.4878
              2        954.4296       3.0402452       1.0401563       68.007693      0.02312384      0.11567525     0.058361226      0.99950935    0.0073332318    2.091037e-09      0.82416351       8.2924559       520.56263       1405.1674      -12.581663       -12.581663       1934.0225                  102.3603                 407.51031                         10.69201                           8.2924559             1405.1674
              5       954.29463       3.0245124       1.0406875       67.609535     0.023250129      0.11669968     0.055546844      0.99950696    0.0085221692   2.0583965e-09      0.82078916       11.196402       518.39296       1404.1628      -12.581474       -12.581474       1933.7522                 98.064157                 406.42716                        13.901641                           11.196402             1404.1628
              8       954.51801       3.0247275       1.0396081        67.90984     0.023218627      0.11678451     0.054701817       1.0020254    0.0084651063   2.0588394e-09      0.82201224       9.5141548       519.55402       1404.5134      -12.272755       -12.272755       1933.5815                 97.612079                 406.22121                        15.720726                           9.5141548             1404.5134
              8       955.18092       3.0247069       1.0479526       66.619856      0.02270197       0.1161839     0.045693149       1.0020254    0.0076462617   2.0587969e-09      0.82130997       15.159773       516.23586       1403.5117      -12.272755       -12.272755       1934.9073                 98.892012                 406.18882                         11.15503                           15.159773             1403.5117
              1       955.62536       3.0202264       1.0481003       67.237324     0.022900097      0.11727545     0.046781398      0.99606549    0.0070961274   2.0495931e-09       0.8249294       11.873528       518.28719        1403.815      -11.362492       -11.362492       1933.9757                 100.62655                 406.15433                        11.506305                           11.873528              1403.815
             13       953.09507       3.0202115       1.0481086       67.235983     0.022899571       0.1172714     0.046794748       1.0016772    0.0070948838   2.0495626e-09      0.82490849       11.877235       515.24987       1403.8148      -12.375891       -12.375891       1930.9419                 97.083183                 406.00701                        12.159671                           11.877235             1403.8148
              2       953.96436       3.0172081       1.0497496       67.091009     0.022995152      0.11795604     0.044130746       1.0020453    0.0073638657   2.0434161e-09      0.82624232       13.773584       515.17897       1403.5087      -12.266248       -12.266248       1932.4612                 96.538504                 406.40077                        12.239701                           13.773584             1403.5087
              3       955.15387       3.0214466       1.0480595       67.027138     0.023021265      0.11742638     0.043281911       1.0017428    0.0069509711   2.0520955e-09      0.82459336       13.861367       517.58668       1403.5756      -12.357947       -12.357947       1935.0236                   99.4554                 406.69378                        11.437503                           13.861367             1403.5756
              5       955.22933        3.021817       1.0428687       68.115728     0.023079938      0.11749854     0.048422527        1.005239    0.0070184428   2.0528559e-09      0.82635887        8.190008       518.34619       1404.7327      -10.405122       -10.405122       1931.2689                 97.048613                 405.82393                        15.473649                            8.190008             1404.7327
              2       954.55746       3.0214651       1.0434027       67.834175     0.023036142      0.11705173     0.045715065       1.0045331    0.0063840271   2.0521336e-09      0.82366542       8.8160034       517.63864       1404.5743      -10.957002       -10.957002       1931.0289                 98.789721                 406.15533                        12.693591                           8.8160034             1404.5743
              5       953.87683       3.0220027        1.042671         67.6772     0.022866093      0.11609986     0.047728273       1.0035593    0.0065983745    2.053237e-09      0.82003329       8.7530629       517.46717       1404.7083      -11.587422       -11.587422       1930.9285                   98.8632                 405.92144                        12.682531                           8.7530629             1404.7083
              6       953.45858       3.0450697       1.0474513       68.268747     0.023069444      0.11531438     0.058828342       1.0035593    0.0064362979   2.1011496e-09      0.82779051       7.3316469       516.90613       1405.8542      -11.587422       -11.587422        1930.092                 98.238422                 407.32583                        11.341874                           7.3316469             1405.8542
              1       953.84826       3.0471968       1.0471308        68.35724     0.023028683      0.11534481     0.060757938       1.0035593    0.0066893251   2.1056237e-09       0.8293038        7.198541       517.69256       1405.9803      -11.587422       -11.587422       1930.8714                 97.937086                 408.05863                        11.696843                            7.198541             1405.9803
              4       954.49053       3.0538134       1.0486072         68.6645     0.023086259      0.11548719     0.060979676       1.0035593    0.0065088104    2.119602e-09      0.83368329       7.0337588       518.65381       1406.4683      -11.587422       -11.587422       1932.1559                 99.376691                 408.26101                        11.016111                           7.0337588             1406.4683
              3       960.17933       3.0570401       1.0485008       68.554069     0.022984212      0.11597094     0.059458852       1.0091882    0.0064762039   2.1264524e-09      0.83764432        7.212432       518.73961       1406.1008      -5.8470812       -5.8470812       1932.0528                 99.447235                 407.62776                        11.664613                            7.212432             1406.1008
              4       957.28278       3.0569644       1.0454849        68.15492     0.023112075      0.11556846     0.061671371       1.0070568    0.0059630306   2.1262914e-09      0.83253923        7.752293       518.45005       1405.5973       -8.617032        -8.617032       1931.7996                 99.121563                 408.45181                        10.876673                            7.752293             1405.5973
              5       958.16617       3.0572341        1.043712       68.488757      0.02308666      0.11577553     0.061400586       1.0073571    0.0057742226   2.1268648e-09      0.83416805       7.1573877       519.60153       1406.1149      -8.2707503       -8.2707503       1932.8738                 100.05028                 408.45872                        11.092525                           7.1573877             1406.1149
              1       955.94284       3.0527257       1.0391589       68.162962     0.022800394      0.11655167     0.062010419       1.0021276    0.0062665519   2.1172978e-09      0.83551177       7.5346545       523.51574       1405.3128      -12.238777       -12.238777       1936.3632                 103.09399                  409.2615                        11.160253                           7.5346545             1405.3128
              8       955.94442       3.0547781        1.041125       67.928676       0.0228612      0.11627484     0.062459668       1.0033401    0.0067671185   2.1216478e-09      0.83471694       8.2811297       522.03738       1404.9871      -11.708398       -11.708398       1935.3056                 101.71811                 409.30671                        11.012556                           8.2811297             1404.9871
              1       956.96567       3.0546276        1.040808       67.901802     0.022841141      0.11616293     0.061878955      0.99896495    0.0067879071   2.1213284e-09      0.83409257       8.2871008       525.68191       1404.9928      -12.515215       -12.515215       1938.9618                 104.96767                 409.34454                        11.369703                           8.2871008             1404.9928
              9       957.87872       3.0577072        1.040614       67.763961     0.022853566      0.11609387      0.06115777       1.0060765    0.0067035776   2.1278712e-09      0.83446903       8.7685688        521.4588       1404.8241      -9.6470349       -9.6470349       1935.0515                 101.88916                 408.69493                         10.87471                           8.7685688             1404.8241
              5       956.90451        3.055134       1.0407683       67.695372     0.022878039      0.11605521     0.062717724       1.0051697    0.0066854957   2.1224029e-09      0.83288915       9.0297662       520.96918       1404.7357      -10.462828       -10.462828       1934.7347                 100.69554                 409.31135                        10.962288                           9.0297662             1404.7357
              1       955.84133       3.0492157       1.0393052        67.69567     0.022864341      0.11623803     0.061541909       1.0037905    0.0064947938   2.1098789e-09      0.83085144       8.9273187       520.96036        1404.698      -11.451512       -11.451512       1934.5857                 100.99063                 408.76737                         11.20236                           8.9273187              1404.698
              2       958.09546       3.0490898       1.0392889       67.705636     0.022864379      0.11621865     0.061504277       1.0070727    0.0065041883   2.1096134e-09      0.83073553       8.8818725        519.7901       1404.7171      -8.5990538       -8.5990538        1933.389                 98.921549                 408.58983                        12.278727                           8.8818725             1404.7171
              5       957.55154       3.0410072       1.0429198       67.476123     0.022653008      0.11714313     0.061061158       1.0070727    0.0070394356    2.092631e-09      0.83366812        9.813427       518.32025       1404.1675      -8.5990538       -8.5990538       1932.3012                 94.551261                 408.24223                        15.526758                            9.813427             1404.1675
              5       955.15363        3.039719       1.0436644       67.490225     0.022646395      0.11706582     0.061435825       1.0044857    0.0070344807    2.089937e-09       0.8331076       9.6838887       518.39844       1404.2074      -10.991233       -10.991233       1932.2897                  95.24178                 408.45657                        14.700097                           9.6838887             1404.2074
              4       955.15415       3.0388485        1.042752       67.493603     0.022639785      0.11678546     0.061599242       1.0042301    0.0067397719   2.0881185e-09      0.83115686       9.4127179        518.9173       1404.3171      -11.169415       -11.169415       1932.6471                 95.601944                 408.52441                        14.790946                           9.4127179             1404.3171
              2       954.02825       3.0433807       1.0430852       68.021206     0.022688114      0.11678439     0.060951151       1.0010511    0.0065523847   2.0976037e-09      0.83438718       7.7268512       520.33049       1405.0242      -12.512541       -12.512541       1933.0816                 99.412899                 408.58499                        12.332599                           7.7268512             1405.0242
              2       954.02551       3.0422882       1.0430886       68.042055     0.022693773      0.11679583     0.061553028        1.000775    0.0065334111   2.0953132e-09      0.83400503       7.6689499       520.43714       1405.0507      -12.552866       -12.552866       1933.1568                 98.922465                 408.77651                        12.738166                           7.6689499             1405.0507
              8        953.6942       3.0465981       1.0463392       67.969127      0.02269857      0.11674438     0.061760395        1.000775     0.006543831   2.1043634e-09      0.83638257       7.9458198       519.58843       1404.9599      -12.552866       -12.552866       1932.4941                 98.729989                 408.87553                        11.982908                           7.9458198             1404.9599
              4       953.96079       3.0402329       1.0460255       68.035761     0.022491923      0.11687524     0.063714625        1.000775     0.006494562   2.0910114e-09      0.83583872       7.4517809       520.48599       1405.0895      -12.552866       -12.552866       1933.0273                 95.807763                 409.66927                        15.008963                           7.4517809             1405.0895
              1       954.03219        3.040439       1.0457384       68.038229     0.022485559      0.11676435     0.063633895      0.99946603    0.0065211074   2.0914423e-09      0.83537587       7.4132701       520.67416       1405.1332      -12.578112       -12.578112       1933.2206                 96.876822                 409.70086                        14.096483                           7.4132701             1405.1332
              2       955.89694       3.0528257       1.0435765       67.566946     0.022296769      0.11846337      0.06165557       1.0022655    0.0073905536   2.1175094e-09      0.84771763       9.4707206       522.71703       1403.9868      -12.190321       -12.190321       1936.1745                 100.16443                 409.41799                        13.134616                           9.4707206             1403.9868
              2       955.92323       3.0529775       1.0425085       67.647506     0.022246827       0.1180719     0.061485136       1.0022655     0.007619846   2.1178309e-09      0.84628731       8.9501706       523.10248       1404.1745      -12.190321       -12.190321       1936.2271                 100.81732                 409.41066                        12.874503                           8.9501706             1404.1745
              4       955.66289       3.0327837       1.0329861       67.822852     0.022386936      0.11776267     0.053302042       1.0022655    0.0068965252   2.0754927e-09       0.8326824       7.8988833       523.31261       1404.4949      -12.190321       -12.190321       1935.7064                 103.63847                 406.67229                        13.001851                           7.8988833             1404.4949
              5       956.17192       3.0318165        1.034613       67.926627     0.022419061      0.11765552     0.053946158       1.0041299    0.0070683332   2.0734864e-09      0.83245539       7.6742014        522.5044       1404.6381      -11.236422       -11.236422       1934.8167                 101.06549                 406.62266                        14.816262                           7.6742014             1404.6381
              4       957.82673       3.0342233       1.0358768       68.325859     0.022264624      0.11993713     0.054904711       1.0041299    0.0071743614   2.0784828e-09       0.8465077       7.5270211       526.11791       1404.4814      -11.236422       -11.236422       1938.1263                  100.2369                  407.0485                        18.832503                           7.5270211             1404.4814
              5       957.65472       3.0422393       1.0435148       68.612448     0.022314287      0.11854722     0.054528276       1.0062981     0.006835688   2.0952108e-09      0.84662026       7.3237293       521.46414       1405.3768       -9.427614        -9.427614       1934.1647                 98.754356                   406.801                        15.908792                           7.3237293             1405.3768
              2       958.16101       3.0322224       1.0441993       68.591969     0.022371657      0.11833719     0.053860872         1.00669    0.0068433874   2.0743282e-09      0.84120292       7.0668908       521.89384       1405.4021       -9.020402        -9.020402       1934.3628                 95.553599                 406.34595                        19.994291                           7.0668908             1405.4021
             11       953.93499       3.0310474       1.0470652       68.347931     0.022043811      0.11724319     0.055174827        1.001878    0.0073377895   2.0718921e-09      0.83827572       6.9571063       520.03967       1405.5108      -12.318784       -12.318784       1932.5076                 96.171509                 406.79212                        17.076034                           6.9571063             1405.5108
             21       953.65003       3.0284547       1.0486039       68.439838     0.021966272      0.11691065     0.053894827        1.000098    0.0074351921   2.0665273e-09      0.83700877       6.9360783       519.74698       1405.8173      -12.600153       -12.600153       1932.5004                  96.61382                 406.62229                        16.510863                           6.9360783             1405.8173
              4       953.44054       3.0318824       1.0499772         68.2958      0.02191911      0.11726005     0.056658352       1.0007211    0.0072648661   2.0736229e-09      0.84036929       7.0352178       519.48662       1405.4779      -12.559323       -12.559323       1931.9997                 95.058538                 407.20753                         17.22055                           7.0352178             1405.4779
              6       954.43298       3.0242302       1.0494183       68.442539     0.021870327      0.11750372     0.054427668       1.0006245    0.0071971768   2.0578157e-09      0.83886422          6.9898       521.36945       1405.6462      -12.569722       -12.569722       1934.0054                 94.218312                 406.61947                        20.531667                              6.9898             1405.6462
              6       954.48829       3.0265194       1.0490103       68.346739     0.021909359      0.11779176     0.053339104        1.002839    0.0071731204   2.0625319e-09      0.84044175        7.008599       520.51361       1405.3666      -11.956112       -11.956112       1932.8888                 94.248695                 406.39635                        19.868566                            7.008599             1405.3666
              3       953.51195       3.0270088       1.0493645        68.33961     0.021902079      0.11761567     0.052746843       1.0007119    0.0072718641   2.0635416e-09      0.84000886       6.9987891       519.73098       1405.4149      -12.560379       -12.560379       1932.1447                 95.899469                 406.44875                        17.382764                           6.9987891             1405.4149
              1       954.51213       3.0296884       1.0489474       68.629567     0.021868323      0.11772378     0.051556676       1.0007119    0.0072442289   2.0690784e-09      0.84261252       7.3173229       520.96375        1405.864      -12.560379       -12.560379        1934.145                 97.673772                  406.4414                        16.848569                           7.3173229              1405.864
             16       955.01264       3.0289628        1.048757         68.6375     0.021852236      0.11777024     0.051733922       1.0021825    0.0072883915   2.0675776e-09      0.84260295       7.3274569       521.27816       1405.8594      -12.219854       -12.219854        1934.465                 96.491223                 406.35518                        18.431761                           7.3274569             1405.8594
              1       953.53173        3.034383       1.0495031       68.237506     0.021652365        0.113365     0.055193439       1.0021825    0.0075271424   2.0788147e-09      0.82477465       6.8801651       517.39511       1407.2279      -12.219854       -12.219854       1931.5032                 96.804875                 406.86401                        13.726224                           6.8801651             1407.2279
              5       954.02756       3.0340293       1.0453154       68.090652     0.021706057      0.11328112     0.057026514      0.99926117      0.00713404   2.0780797e-09      0.82199682       6.6352164       519.53088       1407.0035      -12.557253       -12.557253       1933.1696                 99.405088                 407.47147                        12.654323                           6.6352164             1407.0035
              4        953.4894       3.0278623       1.0465948       67.727997     0.021736325      0.11337032     0.058552778       1.0008078    0.0071626755   2.0653035e-09      0.81903726       6.5199673       519.30922        1406.247      -12.548713       -12.548713       1932.0762                  94.98274                 407.56831                        16.758175                           6.5199673              1406.247
              8       953.56048       3.0231147       1.0453861       67.477978      0.02179483      0.11137856     0.054538516       1.0014268    0.0073472339   2.0555216e-09       0.8062653       6.5941996       518.73412       1406.6687      -12.438053       -12.438053       1931.9971                 96.259659                 406.36462                         16.10985                           6.5941996             1406.6687
              2       955.38033       3.0247417       1.0431283       67.032271     0.021711151      0.11181491     0.055559327      0.99528613    0.0070710029   2.0588686e-09      0.80750563       7.4131301       519.26479       1405.7293      -10.823275       -10.823275       1932.4072                 100.80072                 406.97832                         11.48575                           7.4131301             1405.7293
              2       954.14916       3.0276402       1.0429445       67.041821     0.021725616      0.11170828     0.056111312      0.99726545    0.0070726456   2.0648449e-09      0.80804836       7.4019312       519.11673       1405.7851      -12.002703       -12.002703       1932.3037                 100.26599                 407.07889                        11.771853                           7.4019312             1405.7851
              1        954.0058       3.0274034       1.0472102       67.056715     0.021896111      0.11004771     0.057240041       0.9972758    0.0068571895   2.0643561e-09      0.80024117       7.3696616        518.1317       1406.5247      -12.007221       -12.007221        1932.026                 98.197815                  407.0198                        12.914082                           7.3696616             1406.5247
              3       952.70686        3.029662       1.0493142       66.656219     0.022043864      0.11029566     0.051981718       1.0009223    0.0074517049   2.0690238e-09      0.80093738       9.4400194       515.48576       1405.5537      -12.532867       -12.532867       1930.4795                 98.339913                 405.94409                        11.201756                           9.4400194             1405.5537
             22       952.94884       3.0286673       1.0490895        66.57773     0.021977164      0.11002868     0.052310773      0.99966991    0.0075812552   2.0669667e-09      0.79945871       9.5795418       515.95452        1405.548      -12.592205       -12.592205       1931.0821                 98.747483                 406.01966                        11.187381                           9.5795418              1405.548
              9       953.36269       3.0331264       1.0498273        66.55947     0.022306039      0.11013862     0.054626386      0.99966991    0.0078920202   2.0762042e-09      0.79976149       10.968664       515.63664       1405.3045      -12.592205       -12.592205       1931.9098                 98.447775                 406.23248                         10.95639                           10.968664             1405.3045
              6       953.42016       3.0393253       1.0492472       66.587195     0.022035651       0.1105675     0.055254319      0.99966991     0.008466282   2.0891143e-09       0.8061593       10.186143       516.61509       1405.2235      -12.592205       -12.592205       1932.0247                  100.0269                 406.67891                        9.9092806                           10.186143             1405.2235
              2       953.59466       3.0390669       1.0488421        66.51869     0.022035749      0.11062842     0.055354821      0.99966991    0.0084532213   2.0885746e-09      0.80601538       10.584826       516.69267       1405.0962      -12.592205       -12.592205       1932.3737                 100.02253                 406.71466                        9.9554829                           10.584826             1405.0962
             12       953.16496       3.0351317       1.0480719       66.651913     0.022039867      0.11058897     0.055976906      0.99966991    0.0083243739   2.0803717e-09      0.80434149       9.8162823       516.36758       1405.3305      -12.592205       -12.592205       1931.5143                 98.850621                 406.73266                        10.784302                           9.8162823             1405.3305
              9       953.59818       3.0370865       1.0477376       66.854229      0.02187377      0.10926868     0.058741112      0.99966991    0.0082661985   2.0844424e-09      0.80042104       8.1049892       517.93708       1406.3387      -12.592205       -12.592205       1932.3808                  98.49856                 407.53595                         11.90257                           8.1049892             1406.3387
              4        954.3306       3.0330828       1.0454813        67.16539     0.021798806      0.10913625     0.058935428      0.99966991    0.0085283657   2.0761137e-09      0.79893547       7.1041349       519.72877       1407.0127      -12.592205       -12.592205       1933.8456                 98.205375                 407.63016                        13.893239                           7.1041349             1407.0127
              2       953.91453       3.0383797       1.0446312       67.095386     0.021194152      0.11392025     0.062078132      0.99936897    0.0081996061   2.0871398e-09      0.82741394       7.2273239       520.66899       1405.0709      -12.569066       -12.569066       1932.9672                 97.369491                 409.76965                         13.52985                           7.2273239             1405.0709
              4       953.21024       3.0352234        1.043863       66.587784      0.02135247      0.11265846     0.054929243        1.001073     0.008767552   2.0805625e-09       0.8174665       8.8839581       517.87288       1404.6813      -12.508816       -12.508816       1931.4381                 99.655301                 406.99657                        11.221007                           8.8839581             1404.6813
              3       953.23999       3.0365717       1.0450269       66.618219     0.021143802      0.11211427     0.054641598        1.002946    0.0088631705   2.0833696e-09       0.8173886        8.103861       517.20829        1404.981      -11.906592       -11.906592       1930.2932                 98.650162                 406.96237                        11.595758                            8.103861              1404.981
              2       953.59945        3.041052       1.0458972       66.458354     0.021113131      0.11246777     0.055682201       1.0032409     0.009008662   2.0927247e-09      0.82092143       8.8494356       517.24219       1404.6285      -11.760624       -11.760624       1930.7202                 98.723121                 407.26258                         11.25649                           8.8494356             1404.6285
             12       953.21755       3.0404283        1.047586       66.781098     0.020863385       0.1122211     0.058612219       1.0032409    0.0088646569     2.09142e-09      0.82272135       7.2014618       517.45999       1405.2949      -11.760624       -11.760624       1929.9564                 96.343643                  408.2449                        12.871452                           7.2014618             1405.2949
              1       954.37033       3.0449762       1.0430999       66.857485     0.020935957      0.11284212     0.058294183       1.0032409    0.0086515523   2.1009531e-09      0.82578373       7.2630722       519.83184        1405.167      -11.760624       -11.760624       1932.2619                 99.809418                 408.38786                        11.634563                           7.2630722              1405.167
              2       954.63709       3.0453081        1.042939       66.977434     0.020920393      0.11273472     0.058362429       1.0036603    0.0086528085   2.1016506e-09      0.82583224       6.9921265        519.9374       1405.4029       -11.52912        -11.52912       1932.3324                 99.752846                 408.41913                        11.765415                           6.9921265             1405.4029
              6        953.8306       3.0338306       1.0430082       67.463764     0.020976735      0.11429624     0.055003148       1.0005017    0.0094996924   2.0776668e-09       0.8296815       6.7229634       520.66009       1405.4397      -12.580785       -12.580785       1932.8228                 99.589839                 407.40376                        13.666488                           6.7229634             1405.4397
              3       954.66182       3.0287557        1.042138        67.59991     0.020817608      0.11365911     0.054422919      0.99888376    0.0090232125   2.0671495e-09      0.82574061        6.569162       521.69433       1406.0626      -12.501243       -12.501243       1934.3261                 99.997179                 407.32985                        14.367303                            6.569162             1406.0626
              2       957.47738       3.0194642        1.037182       66.427215     0.020874366      0.11285204     0.061420991      0.99888376    0.0091430736   2.0480315e-09      0.81277183       8.3328642       527.09712       1404.5273      -12.501243       -12.501243       1939.9572                 95.205992                 409.37323                        22.517897                           8.3328642             1404.5273
              2       953.02104       3.0312773       1.0459377       66.303876     0.020880908      0.11436989     0.055240048       1.0004581     0.010350827   2.0723687e-09       0.8272066        10.04078       517.31016       1403.8594      -12.584135       -12.584135       1931.2104                 96.846412                 407.28675                           13.177                            10.04078             1403.8594
              2       954.90771       3.0311431       1.0459088       66.250448     0.020880711       0.1143534     0.055274497      0.99646753     0.010358877   2.0720904e-09       0.8269023       10.314907       518.89541       1403.8104      -11.602652       -11.602652       1933.0207                 99.274894                 407.50514                         12.11537                           10.314907             1403.8104
              5        953.5957       3.0291142       1.0446303       66.279158      0.02081342      0.11431628     0.053078391      0.99876103     0.010457787   2.0678908e-09      0.82607163       9.9337619       518.35652       1403.8574      -12.478118       -12.478118       1932.1476                   99.0019                 406.94631                        12.408306                           9.9337619             1403.8574
             14       953.30575       3.0320982       1.0465299       66.449636     0.020678244      0.11438549     0.049979965       1.0003376     0.010665048   2.0740705e-09      0.82975486       8.9097113        518.8482       1404.0372      -12.591806       -12.591806       1931.7951                 99.911795                 406.60415                        12.332262                           8.9097113             1404.0372
              2       953.37268       3.0288093       1.0489827       65.821507     0.020642275      0.11377941     0.049151918       1.0020598     0.010811731   2.0672604e-09      0.82467795       11.873055       515.81873       1403.5766      -12.261502       -12.261502       1931.2684                 97.183033                 406.31875                        12.316946                           11.873055             1403.5766
              1       953.06036        3.017375        1.047976       66.137041     0.020429891      0.11424012     0.045061313       1.0020598     0.011704477   2.0437573e-09      0.82444763       9.7553489       517.13797       1403.7504      -12.261502       -12.261502       1930.6437                 96.343153                 406.49915                        14.295668                           9.7553489             1403.7504
              9       953.08144       3.0172199       1.0481173       66.148413     0.020429276      0.11423599     0.044613956       1.0020598     0.011677099   2.0434402e-09      0.82444548       9.6846687       517.23741       1403.7638      -12.261502       -12.261502       1930.6859                 96.513467                 406.57588                        14.148066                           9.6846687             1403.7638
              9       955.89851       3.0164097       1.0461944       66.042136     0.020203733      0.11444726     0.042738098       1.0059126     0.011279819   2.0417854e-09      0.82563412        9.453566       518.25899        1403.693      -9.8042562       -9.8042562       1931.4055                  95.71954                 406.77794                        15.761512                            9.453566              1403.693
             34       957.26984       3.0165266       1.0495952       66.041296     0.020235364      0.11263041     0.033654836       1.0005065     0.011996435   2.0420241e-09      0.81830999       9.0454369       526.56685       1404.0882      -12.580397       -12.580397       1939.7005                 103.96143                 410.24502                        12.360399                           9.0454369             1404.0882
             11       957.11741       3.0206403       1.0481629       66.244043     0.020242663       0.1123756     0.034723473         1.00215     0.012132543   2.0504417e-09      0.81895556         8.18858       526.11992       1404.3886      -12.231125       -12.231125       1938.6971                 104.29031                 409.83381                        11.995795                             8.18858             1404.3886
              1       956.56577       3.0212129       1.0471735       66.452601     0.020187943      0.11344338     0.037081007      0.99978392     0.012667272   2.0516161e-09      0.82499367       7.8371527       526.19735       1404.2914      -12.597187       -12.597187       1938.3259                 104.68938                 408.97397                        12.533991                           7.8371527             1404.2914
              1       956.44736       3.0251499        1.041553       67.197809     0.019997672      0.11456229     0.041380794       1.0016067     0.012614432   2.0597093e-09      0.83362364       6.7517618       525.95689       1404.9749      -12.394396       -12.394396       1937.6835                 104.37084                 407.73881                        13.847244                           6.7517618             1404.9749
              1       957.66611       3.0271803        1.036293       66.822173     0.019800271      0.11317959     0.040403232       1.0029056     0.012764462   2.0638956e-09      0.82665762       6.5929902       527.60156       1404.9887       -11.92551        -11.92551       1939.1832                 107.44008                 407.99201                        12.169478                           6.5929902             1404.9887
             13       957.90721       3.0261587       1.0355678       66.766035     0.019827492      0.11338359     0.039735419       1.0029056     0.012911579   2.0617881e-09      0.82662852       6.6819762        528.1719       1404.8116       -11.92551        -11.92551       1939.6654                 107.82782                 408.16995                         12.17413                           6.6819762             1404.8116
              2       957.46415       3.0283695       1.0385297       66.848327     0.019316794      0.11324552     0.041829185       1.0029056     0.012465527   2.0663513e-09      0.83162386       6.6960934       526.86753       1405.2157       -11.92551        -11.92551       1938.7793                 105.68284                 407.69627                        13.488422                           6.6960934             1405.2157
             11       957.72011       3.0164654       1.0371371       66.953739     0.019320784      0.11201369     0.043002833       1.0029056     0.012314855   2.0418991e-09      0.82075261       6.5523914       526.82392       1405.9149       -11.92551        -11.92551       1939.2912                 102.10454                 407.22739                        17.491985                           6.5523914             1405.9149
             18       957.52687       3.0055934         1.03324       65.503733     0.019518927      0.11596161     0.042692636      0.99857307     0.011971517   2.0198198e-09      0.82718413       10.825159       525.94812       1403.1565      -12.438031       -12.438031       1939.9298                 101.88209                 407.05235                        17.013679                           10.825159             1403.1565
              1       956.15753       3.0067634       1.0414873       65.454864     0.019385011      0.11605512     0.041099906      0.99857307      0.01187908   2.0221845e-09      0.83144213       10.726646       523.32323       1403.1412      -12.438031       -12.438031       1937.1911                 99.479044                 407.36947                        16.474713                           10.726646             1403.1412
             12       957.91098       3.0115264       1.0397909       65.850098     0.019266224      0.11644685     0.037104298      0.99826956     0.011319045    2.031839e-09       0.8366503       8.5694503       528.63471       1403.3405      -12.361369       -12.361369       1940.5447                 104.51261                 408.78052                        15.341576                           8.5694503             1403.3405
              2       957.51467       3.0110123       1.0397797       65.865843     0.019264722       0.1165297     0.036987916       1.0029276     0.011315198   2.0307947e-09      0.83686458        8.534176       526.98758       1403.3381      -11.915262       -11.915262       1938.8599                 101.42701                 408.65051                        16.910062                            8.534176             1403.3381
              4       957.21152       3.0013922        1.041767       65.472351     0.019105709      0.11616848     0.037181145       1.0029276     0.011213384   2.0113519e-09      0.83168817       9.4636896       525.60266       1403.1872      -11.915262       -11.915262       1938.2536                 97.295379                 408.36383                        19.943455                           9.4636896             1403.1872
              2       957.01223       3.0005754       1.0417296       65.490367     0.019127141      0.11612726     0.037631682       1.0025555      0.01114563   2.0097097e-09      0.83104525       9.3868821       525.59359        1403.201      -12.078489       -12.078489       1938.1814                 97.039404                  408.2235                         20.33069                           9.3868821              1403.201
             12       956.03671       3.0030665       1.0418399       65.549959     0.019140611      0.11563732     0.038401052       1.0013214     0.011237744   2.0147224e-09       0.8300426       8.9870997       524.71143       1403.2974      -12.461236       -12.461236       1936.9959                 98.222034                 408.02373                        18.465662                           8.9870997             1403.2974
              6       954.34559       3.0132714       1.0476755       66.153072     0.019216468      0.11582839     0.041127367       1.0006715     0.010328307   2.0353878e-09      0.83822521       7.3116876       522.74575       1403.7634      -12.564852       -12.564852       1933.8209                 97.766507                 407.47884                        17.500401                           7.3116876             1403.7634
              2       954.20365       3.0145121       1.0463695       66.191301     0.019264585      0.11590524      0.04359115       1.0009922    0.0099992438   2.0379145e-09      0.83838054       7.2669552       522.39349       1403.7912      -12.522172       -12.522172       1933.4516                 97.064743                 406.95383                        18.374922                           7.2669552             1403.7912
              4        954.4166       3.0115154       1.0455488        66.06848     0.019238866      0.11568163     0.041172953       1.0002706    0.0097900082   2.0318167e-09      0.83559021        7.309627       522.96823       1403.7455      -12.595062       -12.595062       1934.0233                 98.415738                 407.44351                        17.108984                            7.309627             1403.7455
              6       958.55565        3.008907        1.046775       66.928323     0.019403798      0.11695914     0.043596767       1.0029975      0.01092802   2.0265237e-09      0.84252122       6.9734707       529.70626       1404.1958      -11.882141       -11.882141       1940.8756                  93.86755                 406.89357                        28.945148                           6.9734707             1404.1958
              1       958.91238       3.0337746       1.0463609       66.487274     0.019500726      0.11701541     0.041175851      0.99914342     0.011358702   2.0775504e-09      0.85114571        8.005163       531.22498       1403.6791      -12.542223       -12.542223       1942.9092                 105.65868                 407.92231                        17.643995                            8.005163             1403.6791
              2       959.31167       3.0348832       1.0469386       66.535404     0.019492984      0.11694634     0.040907984      0.99914342      0.01133084   2.0798548e-09      0.85170174       7.9261971        532.0404       1403.7412      -12.542223       -12.542223       1943.7078                 105.96673                 408.06097                        18.012701                           7.9261971             1403.7412
              2       959.56321       3.0312181       1.0394066       66.402711     0.019223581      0.11478001     0.039133117       1.0001316     0.010278121    2.072246e-09      0.83903145       6.9271096       533.08485       1404.3135      -12.599536       -12.599536       1944.3255                 109.26755                 408.49483                        15.322474                           6.9271096             1404.3135
             11       959.21344       3.0340435        1.039912       66.154994     0.019319644      0.11452292     0.040149593       1.0013945     0.010189736   2.0781092e-09      0.83770348       7.2609703       531.97786       1404.0787      -12.445349       -12.445349       1943.3176                 108.48482                 408.11759                        15.375445                           7.2609703             1404.0787
              3        956.9531        3.026019       1.0423444       66.359033     0.019184269      0.11498576     0.039801171       1.0013945     0.010606241      2.0615e-09       0.8389634       6.9667486       527.64323       1404.1869      -12.445349       -12.445349       1938.7969                 104.84226                 408.12136                        14.679613                           6.9667486             1404.1869
              2       956.26838       3.0192706       1.0412347       66.091975     0.019095398      0.11605635     0.040240011       1.0018268     0.010039008    2.047635e-09      0.84030752       7.3451384       526.15949          1403.7      -12.333933       -12.333933       1937.2046                 102.21413                 407.82914                        16.116225                           7.3451384                1403.7
              1       957.02584       3.0179767       1.0392711        65.96018     0.019055942      0.11592425     0.038470701       1.0018268     0.010162181   2.0449874e-09      0.83842371       7.4922433       527.61374       1403.6136      -12.333933       -12.333933       1938.7196                 103.76954                  408.3319                        15.512295                           7.4922433             1403.6136
              2       956.98724        3.024875       1.0370313         66.2134     0.019889727      0.11795258      0.04524366       1.0007045     0.011366017   2.0591431e-09       0.8448807       9.5555698       526.29386       1403.2475      -12.561214       -12.561214       1939.0969                 103.23956                 406.97304                        16.081262                           9.5555698             1403.2475
             19        957.0319       3.0250654       1.0370053       66.197843     0.019893086      0.11793731     0.045189747       1.0007045     0.011360731   2.0595351e-09      0.84480933       9.6239162       526.32175       1403.2406      -12.561214       -12.561214       1939.1862                 103.34772                 406.99729                        15.976744                           9.6239162             1403.2406
              5       957.50782       3.0315465       1.0349156       66.435415     0.020093206      0.11702782     0.045357252       1.0014691     0.011381362   2.0729267e-09       0.8421259       8.8142938       527.54545       1403.5124      -12.428258       -12.428258       1939.8721                 106.15269                 407.09597                        14.296792                           8.8142938             1403.5124
              1       957.48178       3.0301689       1.0321697       66.131512     0.019992213      0.11651779     0.046957034       1.0014691     0.011988904   2.0700729e-09      0.83824318       9.6857986       526.76302       1403.3713      -12.428258       -12.428258       1939.8201                 105.96467                 406.95921                        13.839144                           9.6857986             1403.3713
              4       957.32369       3.0202182       1.0309721        66.29628     0.019953895      0.11595316      0.05314417      0.99896968     0.011609109   2.0495763e-09      0.83185899       8.3659914       527.68563       1403.6277      -12.515997       -12.515997       1939.6794                 101.41762                 407.64628                        18.621732                           8.3659914             1403.6277
              1       958.29622       3.0146552       1.0295376       66.417774     0.020056326      0.11634673     0.050342767       1.0015851     0.011699038   2.0382063e-09      0.83054273       8.2396182        529.5293       1403.6233      -12.399916       -12.399916       1941.3923                 100.21553                 406.85732                        22.456455                           8.2396182             1403.6233
              4       957.92473       3.0136135       1.0334758       66.278486     0.020179826       0.1171447     0.051034358      0.99658369     0.011170877   2.0360842e-09      0.83351611       9.3272237       526.48437       1403.3723      -11.667229       -11.667229       1939.1839                 100.71405                 407.04619                        18.724136                           9.3272237             1403.3723
              3       958.67467       3.0134502       1.0333878       66.343999     0.020181759      0.11722873     0.050961086      0.99549491     0.011219188   2.0357516e-09      0.83400202       9.0956648       526.80724        1403.401      -10.977258       -10.977258       1939.3039                 101.42483                 407.08345                        18.298958                           9.0956648              1403.401
              2       957.71449       3.0187824       1.0326288       66.355144     0.020161598      0.11768426     0.049848989      0.99729221     0.011017661   2.0466357e-09      0.83815339       9.2239519       526.88749       1403.3462      -12.014353       -12.014353       1939.4577                 102.89298                 407.04048                        16.954026                           9.2239519             1403.3462
              7       957.27211       3.0250706       1.0327049       66.269055     0.020033654      0.11760308      0.05271275       1.0008098      0.01130046   2.0595459e-09      0.84114146       9.4234409       526.90557       1403.3121      -12.548455       -12.548455       1939.6411                 100.85117                 407.53011                        18.524285                           9.4234409             1403.3121
              7       957.05585       3.0220636       1.0344462       66.059012     0.020158399      0.11662129     0.054857066       1.0014025     0.011311108   2.0533622e-09      0.83448861       10.250525       525.43876       1403.3095      -12.443569       -12.443569       1938.9988                 97.708098                 407.80875                        19.921916                           10.250525             1403.3095
              1       957.04133       3.0219331        1.034258       66.062094     0.020157514      0.11666425     0.054903004       1.0010489      0.01131061   2.0530942e-09      0.83458258       10.249888       525.55344       1403.3052      -12.512915       -12.512915       1939.1085                  97.93336                 407.84345                        19.776624                           10.249888             1403.3052
              6       957.45929       3.0129516       1.0338519       65.894095     0.020149675      0.11648324     0.052176868      0.99757494     0.011254241   2.0347369e-09      0.82941459        10.91418       525.02984       1403.2355       -12.13045        -12.13045       1939.1795                 99.054808                 407.11401                        18.861027                            10.91418             1403.2355
              4       955.73904       3.0122328        1.046771       65.484999     0.020696618      0.11446894     0.054455575      0.99757494     0.011345244   2.0332749e-09      0.81899891       15.202577       517.33325       1403.2032       -12.13045        -12.13045        1935.739                 92.426311                 406.83308                        18.073858                           15.202577             1403.2032
              7       953.94351       3.0104316       1.0466951       65.747278     0.020624988      0.11426125     0.045301945       1.0008157      0.01154127   2.0296158e-09      0.81867038        12.76818       516.81677       1403.3975      -12.547691       -12.547691       1932.9824                 95.316106                 406.31379                        15.186876                            12.76818             1403.3975
              3       957.68327       3.0102148       1.0466673       65.708424     0.020614853      0.11438059     0.045011197       1.0064159     0.011577093   2.0291758e-09      0.81907163       13.089058       517.54169       1403.3514      -9.3078108       -9.3078108       1933.9822                 91.986655                 406.11684                        19.438198                           13.089058             1403.3514
              1       955.86062        3.011081       1.0461447       65.662203     0.020710615      0.11452118     0.046273222       1.0041462     0.011688401   2.0309342e-09       0.8191184       14.038229       516.85253       1403.2818      -11.225652       -11.225652       1934.1725                 93.052652                 406.02234                        17.777536                           14.038229             1403.2818
              3       955.85677       3.0113027       1.0461149       65.654916      0.02071375      0.11450811     0.046227488       1.0041462      0.01168899   2.0313847e-09       0.8190954       14.104603       516.78139       1403.2788      -11.225652       -11.225652       1934.1648                 93.163435                 406.02541                        17.592548                           14.104603             1403.2788
              1        958.2654       3.0102221       1.0434613       65.283667     0.020631371      0.11471042     0.048695051      0.99506869     0.011789912   2.0291906e-09      0.81815551       17.042652       517.71545       1403.0837      -10.655498       -10.655498       1937.8418                 97.918144                 406.30258                        13.494724                           17.042652             1403.0837
              1         956.071       3.0102678        1.043416       65.290867     0.020628049      0.11467625     0.048771673      0.99994655     0.011780448   2.0292834e-09      0.81805092       16.926278       517.32725       1403.0899      -12.600693       -12.600693       1937.3434                 94.891585                 406.08772                        16.347938                           16.926278             1403.0899
              7       955.40939       3.0204232        1.043219       65.518788     0.020616513      0.11542738     0.051647263       1.0012732     0.011671411   2.0499965e-09      0.82634233       15.354441        517.2952       1403.1116      -12.471246       -12.471246       1935.7613                 95.499827                 406.53752                        15.257854                           15.354441             1403.1116
              1       955.44904       3.0203976       1.0431392       65.496208     0.020618982      0.11543312     0.051490624       1.0009586     0.011665762   2.0499441e-09      0.82624193       15.558627       517.29231        1403.102      -12.527416       -12.527416       1935.9529                 95.802695                 406.52681                          14.9628                           15.558627              1403.102
              2       956.12737       3.0193475       1.0433991       65.350418     0.020613754      0.11562872     0.053124311       1.0007708     0.011785517   2.0477925e-09      0.82636083       17.026131       517.29947       1403.0359      -12.553397       -12.553397       1937.3615                 94.450012                 406.73263                        16.116828                           17.026131             1403.0359
              3       956.80065       3.0253696       1.0427829        65.30052     0.020651187      0.11433374     0.052512288        1.003635      0.01201569   2.0601617e-09      0.82241762        16.93474       516.63551       1403.1188      -11.543867       -11.543867        1936.689                 95.466096                 406.56839                        14.601023                            16.93474             1403.1188
              7       955.14509       3.0083368       1.0402719       66.832613     0.021402849      0.11368811     0.048987213      0.99760985     0.011591022   2.0253686e-09      0.81116829        8.985446       521.19046       1404.4021      -12.143897       -12.143897        1934.578                 97.938164                 406.12543                        17.126866                            8.985446             1404.4021
              9       956.02403       3.0094415       1.0465341       67.386022     0.021572319      0.11434673     0.048617462       1.0041601     0.011227707   2.0276072e-09      0.81701799       7.4724789       522.11009       1404.8983      -11.216398       -11.216398       1934.4809                 91.846409                 405.80954                         24.45414                           7.4724789             1404.8983
              7       955.39804       3.0105821       1.0454755       67.311245     0.021582828         0.11442     0.046687949       1.0041601     0.011221984   2.0299213e-09      0.81719541       7.7411624       520.72215       1404.7656      -11.216398       -11.216398       1933.2289                 93.724378                 406.01221                        20.985559                           7.7411624             1404.7656
              7        953.5589       3.0112783       1.0446328       67.365874     0.021598123      0.11426395     0.047418531      0.99850261     0.011147812   2.0313351e-09      0.81652955       7.5433148          519.52       1404.8976      -12.421549       -12.421549       1931.9609                 97.412319                 406.14651                         15.96117                           7.5433148             1404.8976
              1       955.33973       3.0112537       1.0446396       67.366479     0.021598453      0.11426246     0.047423406       0.9950507     0.011146943   2.0312849e-09      0.81651458       7.5413152       519.52177       1404.8989       -10.64128        -10.64128        1931.962                 99.568132                 406.33241                        13.621234                           7.5413152             1404.8989
              1       955.71916       3.0065198        1.043837       67.217691     0.021649446      0.11484595     0.047628735       0.9950507     0.011044094   2.0216919e-09      0.81619826       8.2629644       519.96053       1404.4974       -10.64128        -10.64128       1932.7209                 98.148783                 406.19816                        15.613587                           8.2629644             1404.4974
              3       957.41605       3.0054723       1.0442199       67.224821     0.021668156       0.1147136     0.048316529       1.0043826     0.010991636   2.0195752e-09      0.81516653       8.2192981       524.19454        1404.547      -11.064363       -11.064363       1936.9608                  91.56592                 405.75002                        26.878601                           8.2192981              1404.547
              4       953.66807       3.0118271       1.0455403       67.077942     0.021682148      0.11486118      0.04671026       1.0024597     0.010532492   2.0324501e-09      0.81822142       8.8244828       518.39328       1404.3522      -12.116914       -12.116914         1931.57                 95.005858                 406.01991                        17.367511                           8.8244828             1404.3522
              1       955.79595       3.0055272       1.0458209       66.201764     0.021324658      0.11701105     0.038439323       1.0004967     0.010215779   2.0196861e-09      0.82511386       13.558995       519.98049       1403.2148      -12.581187       -12.581187       1936.7543                 98.282237                 408.06585                        13.632398                           13.558995             1403.2148
              2       954.29385       3.0030155       1.0452464       66.769346     0.021172561      0.11754589     0.045807291      0.99817577     0.008819019   2.0146196e-09      0.82882087       9.2588596       520.39323        1403.605      -12.334698       -12.334698       1933.2571                 94.816042                 406.21735                        19.359836                           9.2588596              1403.605
              4       955.24469       3.0111771       1.0401438       66.983551     0.020944921      0.11743502     0.046193495      0.99748688     0.009066849   2.0311294e-09      0.83237309       7.9774963       522.84113       1403.8621      -12.095658       -12.095658       1934.6807                 99.798348                 406.47505                        16.567736                           7.9774963             1403.8621
              3       957.10046       3.0069702       1.0349794       67.164139     0.020933219      0.11797869      0.04389017      0.99748688    0.0092004546   2.0226026e-09      0.83205774       7.5318037       526.95521       1403.9052      -12.095658       -12.095658       1938.3922                 102.09687                 406.79529                        18.063043                           7.5318037             1403.9052
              6       957.10282       3.0073308       1.0349748       67.166735     0.020933202      0.11799798     0.043939289      0.99748688    0.0092113881   2.0233322e-09       0.8323045       7.5389353        526.9556       1403.9024      -12.095658       -12.095658       1938.3969                 102.17768                  406.8133                        17.964616                           7.5389353             1403.9024
              1       957.13499       3.0089449       1.0342421       67.335002     0.021039322      0.11769204     0.043576543      0.99748688    0.0090352129   2.0266006e-09       0.8311178       7.1791105       527.13559       1404.1466      -12.095658       -12.095658       1938.4613                  103.4417                 406.92119                        16.772693                           7.1791105             1404.1466
             10       955.48921       3.0225683       1.0396359        67.14879     0.020917073      0.11523017     0.043726139      0.99872228    0.0094243642   2.0543988e-09      0.82770981       7.0566278        524.1979       1404.6645      -12.470317       -12.470317       1935.9191                 104.98329                 407.05101                         12.16359                           7.0566278             1404.6645
              1       954.47825       3.0229104       1.0435957       66.644903     0.020500768      0.11504471     0.055079936       1.0024656    0.0099543352   2.0551016e-09      0.82973907       7.7516859       521.25797        1404.176      -12.114582       -12.114582       1933.1857                 94.055257                 407.28162                        19.921098                           7.7516859              1404.176
              1       953.21196       3.0354274        1.047334       66.741026     0.020707869      0.11558379     0.058031235       1.0008609     0.010020769    2.080987e-09      0.83749906        8.286402       519.14744       1404.0734      -12.541637       -12.541637       1931.5072                 95.566176                   408.408                        15.173266                            8.286402             1404.0734
              3       953.68403       3.0362362       1.0464058       66.598188      0.02075788      0.11528815     0.058362638       0.9989225     0.010140684   2.0826707e-09      0.83539572       8.7986298       519.60979       1403.9757      -12.508041       -12.508041       1932.3841                 97.273023                 408.62909                        13.707675                           8.7986298             1403.9757
              2       953.62695       3.0353314       1.0463884       66.682374      0.02075934        0.115441     0.057828012       0.9989225     0.010359292   2.0807872e-09      0.83602032       8.6014504       519.65897       1404.0096      -12.508041       -12.508041         1932.27                 97.241965                 408.42798                        13.989029                           8.6014504             1404.0096
              6       954.44055       3.0352142       1.0463685       66.671037     0.020761416      0.11539778     0.057530321      0.99725842     0.010356202   2.0805434e-09      0.83571497       8.6256065       520.24632       1404.0084      -11.999621       -11.999621       1932.8803                  98.44628                 408.42195                        13.378093                           8.6256065             1404.0084
              3       953.43004       3.0358727       1.0465431       66.777827     0.020935208      0.11536397     0.057644962        1.002194     0.010621798    2.081914e-09      0.83506529       8.6881206       518.53598       1404.0676      -12.215819       -12.215819       1931.2917                 95.460999                 408.09675                        14.978232                           8.6881206             1404.0676
              7       952.84061       3.0323355       1.0494123       66.215453     0.020849933      0.11459934     0.056702254        1.002202     0.010507942   2.0745626e-09      0.82977873       10.621861       515.76687       1403.7185      -12.213025       -12.213025       1930.1073                 93.699039                 407.54572                        14.522116                           10.621861             1403.7185
             31       953.24771       3.0327887       1.0495355       66.213595     0.020852004      0.11463304     0.056609152      0.99831974     0.010513848   2.0755032e-09      0.83014121        10.66509       516.87194       1403.7085      -12.375059       -12.375059       1931.2455                 96.210377                 407.74264                        12.918927                            10.66509             1403.7085
             44       953.03671       3.0316354       1.0495997        66.27448     0.020860677      0.11451879     0.056625444      0.99831974     0.010635412   2.0731108e-09      0.82931723       10.338859       516.70279       1403.7819      -12.375059       -12.375059       1930.8235                 95.858528                 407.71988                        13.124374                           10.338859             1403.7819
              1       952.41973        3.033657       1.0493529       66.575051     0.020431365       0.1140712     0.051287562       1.0011604     0.010509487   2.0773061e-09      0.83194053        7.836912       517.63481       1404.3541      -12.493197       -12.493197       1929.8259                  97.96385                 406.75673                        12.914222                            7.836912             1404.3541
              4       953.76288       3.0198222       1.0496571       66.524114     0.020442965      0.11366092     0.048782733       1.0048045      0.01100252   2.0487648e-09      0.82427283        7.808304       516.85403        1404.372      -10.754294       -10.754294       1929.0344                  92.84952                 406.16035                        17.844159                            7.808304              1404.372
              3       952.95425       3.0232074       1.0480718       66.885347     0.020433339      0.11383559     0.050402049       1.0024714     0.011412625   2.0557121e-09      0.82723951       7.0445459       518.33503       1404.7535      -12.112298       -12.112298       1930.1331                 95.052264                 406.48755                        16.795212                           7.0445459             1404.7535
              5       953.22789       3.0285943       1.0454729       66.731777     0.020542657      0.11404617      0.05224625       1.0024714      0.01159431   2.0668158e-09      0.82841946       7.6946057       518.55479        1404.431      -12.112298       -12.112298       1930.6804                 96.680892                 406.79926                        15.074639                           7.6946057              1404.431
              2       954.41449       3.0279656        1.043526       67.370906     0.020583026      0.11418989     0.052967765       1.0016147     0.011479289    2.065517e-09      0.82982976       6.6969739       521.64463       1405.2721      -12.392336       -12.392336       1933.6137                 97.663002                 407.01121                        16.970409                           6.6969739             1405.2721
              1       954.34661       3.0270604       1.0436003       67.383595     0.020574879      0.11416035     0.053272792      0.99916131     0.011476514   2.0636481e-09      0.82943697       6.6724021       521.80355       1405.3066      -12.544649       -12.544649       1933.7825                 98.713778                 407.17617                        15.913609                           6.6724021             1405.3066
              1       954.52998       3.0267887         1.04332        67.39126     0.020574268      0.11412413     0.053021362       1.0012959     0.011446997   2.0630875e-09      0.82908369        6.654909       522.00214       1405.3361      -12.466579       -12.466579       1933.9931                 97.579683                  407.0269                        17.395564                            6.654909             1405.3361
              2       954.26227       3.0333473       1.0430845        67.15101     0.020717371      0.11281305     0.057992863      0.99883239     0.011228831   2.0766628e-09       0.8238102       6.7427689       521.32215       1405.4433      -12.491856       -12.491856       1933.5082                 98.737722                 408.49353                        14.090901                           6.7427689             1405.4433
              5       954.38973       3.0322935       1.0432694       66.281299     0.020496853      0.11255645      0.05646369      0.99743576     0.011237275   2.0744755e-09       0.8211746       8.5553545       519.99894        1404.375      -12.074897       -12.074897       1932.9293                 99.798506                 408.06056                        12.139879                           8.5553545              1404.375
              5       953.96333       3.0316316       1.0440164        66.24461     0.020534671      0.11377664     0.057166169       0.9986107     0.011357628    2.073103e-09      0.82646409       9.3404989       519.51208       1403.9671      -12.446509       -12.446509       1932.8197                 97.810269                  408.2265                        13.475318                           9.3404989             1403.9671
              1       953.92829       3.0318576       1.0440346       66.257381     0.020523146      0.11377232      0.05702817       0.9986107     0.011343731   2.0735716e-09      0.82666084       9.2456213       519.51834       1403.9856      -12.446509       -12.446509       1932.7496                 97.951386                 408.18956                        13.377395                           9.2456213             1403.9856
              1       955.06022       3.0322369       1.0447969       65.733203     0.020468154      0.11470325     0.059824147       0.9986107     0.010828086   2.0743583e-09      0.82996321       12.274906       519.36788       1403.3707      -12.446509       -12.446509       1935.0134                  95.81636                 409.26234                        14.289185                           12.274906             1403.3707
              5       955.34774       3.0255983       1.0472048       65.349476     0.020374318      0.11339949     0.060519874      0.99975839     0.010773403   2.0606329e-09      0.82140703       13.765105         518.779       1403.3439      -12.596252       -12.596252        1935.888                 91.892919                 409.16017                         17.72591                           13.765105             1403.3439
              1       955.64917       3.0249032       1.0465585       65.324361       0.0203096      0.11350098     0.060607628      0.99843959     0.010694183   2.0592012e-09      0.82174376       13.661592       519.12423       1403.3248       -12.40613        -12.40613       1936.1106                 92.669157                 409.32746                        17.127614                           13.661592             1403.3248
              2       955.32225       3.0267949       1.0464107       65.330715      0.02029988      0.11338411      0.06011816       1.0008825     0.010676288   2.0631003e-09      0.82202255       13.498894       518.87285         1403.35      -12.538611       -12.538611       1935.7217                 92.117824                 409.05868                        17.696338                           13.498894               1403.35
              4       955.15497       3.0265276       1.0466077       65.335355     0.020295992      0.11335172     0.060058052       1.0002086     0.010664386   2.0625489e-09      0.82186284       13.419424       518.72585       1403.3595       -12.59744        -12.59744       1935.5048                 92.397802                 409.04111                        17.286933                           13.419424             1403.3595
              1       955.54444       3.0286456       1.0475755       65.295697     0.020311248      0.11328189     0.059399326       1.0029756     0.010694194   2.0669219e-09      0.82248699       13.785667       517.74766       1403.3407      -11.892596       -11.892596       1934.8741                 91.315783                 408.63011                        17.801765                           13.785667             1403.3407
              1        953.5488       3.0266895       1.0495495       65.329499     0.020131335       0.1132234     0.057589498      0.99992985     0.010226478   2.0628828e-09       0.8232958       12.448556       516.42508        1403.425      -12.600528       -12.600528       1932.2987                 92.758895                 408.11761                        15.548569                           12.448556              1403.425
              1        954.9391        3.040594        1.047165       65.791279     0.020116928      0.11395989     0.057245895      0.99822808    0.0099821387   2.0917665e-09      0.83324118       10.043959       520.86431       1403.6694      -12.349747       -12.349747       1934.5777                 99.329718                 408.63673                        12.897862                           10.043959             1403.6694
              2        955.1302       3.0436636       1.0448449       66.489529      0.01997011      0.11151738      0.05607097      0.99820403     0.010322301   2.0981971e-09      0.82560634       6.8011856       522.83472       1405.3103       -12.34288        -12.34288       1934.9462                 102.83892                 408.45365                        11.542148                           6.8011856             1405.3103
              3       954.23227       3.0414524       1.0475695       66.878449      0.02021579      0.11102253     0.060705259       1.0025997    0.0097986967   2.0935629e-09      0.82249579       6.5285931       519.91696       1406.1395      -12.060245       -12.060245        1932.585                 96.000684                  409.5257                        14.390575                           6.5285931             1406.1395
              6       953.77703       3.0443029       1.0465739       66.721262     0.020386035      0.11108631     0.059691755      0.99996385    0.0093562235   2.0995391e-09      0.82189159       6.6834471       520.26151       1405.8107      -12.600817       -12.600817       1932.7557                 99.552056                 409.23943                        11.470026                           6.6834471             1405.8107
              4       954.31554       3.0491051       1.0474932       66.861174     0.020413134      0.11081036     0.059773401      0.99996385    0.0094800193   2.1096457e-09      0.82308406       6.6249058       521.05213       1406.1557      -12.600817       -12.600817       1933.8327                 100.72796                 409.35311                         10.97106                           6.6249058             1406.1557
              7       955.91505       3.0510636       1.0447349       66.854698     0.020479718       0.1113908      0.05364609       1.0040583    0.0098902575   2.1137815e-09      0.82540229       6.7701006        521.8242       1405.8024      -11.283313       -11.283313       1934.3967                 103.21297                 407.44409                        11.167134                           6.7701006             1405.8024
              2       955.65968       3.0521894       1.0452696       66.755983     0.020570324      0.11047602     0.054555969       1.0035377    0.0098104845   2.1161625e-09      0.82069713       6.8030097       521.70999       1406.0058      -11.599703       -11.599703       1934.5188                 103.41368                 407.54568                         10.75062                           6.8030097             1406.0058
              1       955.61153       3.0518896       1.0438892       66.460825     0.020534655      0.11033775     0.055571618       1.0035377    0.0099627103   2.1155281e-09      0.81889282       7.2861322       521.58022       1405.5561      -11.599703       -11.599703       1934.4225                 103.23025                 407.81196                        10.538005                           7.2861322             1405.5561
              8       955.12973       3.0530334       1.0449155       66.437689     0.020523513      0.11021264     0.058022918       1.0026928    0.0098606362   2.1179494e-09       0.8190658       7.2944787       521.41974       1405.5869      -12.020846       -12.020846       1934.3011                 102.30453                 408.60588                        10.509334                           7.2944787             1405.5869
              2       955.95984       3.0371203       1.0475038       66.819799     0.020807213      0.10957762     0.064316218       1.0026928     0.010428185   2.0845129e-09      0.80956873        6.768821       522.84148       1406.3511      -12.020846       -12.020846       1935.9614                 93.058457                 410.43773                        19.345294                            6.768821             1406.3511
              7       955.24623       3.0346604        1.047047       66.964926     0.020844692      0.10944051      0.06130872       1.0026167     0.010368644   2.0793914e-09      0.80791758       6.5733958        521.3405       1406.6849      -12.053157       -12.053157       1934.5988                 94.235068                   409.045                        18.060437                           6.5733958             1406.6849
              2       955.79188       3.0424737       1.0482647       66.728161     0.020891033      0.10968342     0.064317077       1.0041734     0.010146586    2.095702e-09      0.81157587       7.0579482       520.81124       1406.1296      -11.207518       -11.207518       1933.9988                 93.466623                 410.38856                        16.956063                           7.0579482             1406.1296
              5       954.11176       3.0494914       1.0480911       66.352031     0.021154374      0.11019886     0.059769701       1.0027724     0.011018442   2.1104608e-09      0.81409971       9.2801153       517.83866       1405.0768      -11.986043       -11.986043       1932.1956                 98.699213                 408.62208                        10.517368                           9.2801153             1405.0768
              5       953.91061       3.0386473       1.0487268       65.888034     0.020975046      0.11020767     0.058127649       1.0024259     0.011288875   2.0876984e-09      0.80986197       11.250246       516.36688       1404.4643      -12.130123       -12.130123       1932.0815                 95.932821                 407.84678                        12.587279                           11.250246             1404.4643
              7       955.14269       3.0398487       1.0465129       65.649106     0.021083138      0.11007491     0.057464437       1.0025793     0.011024378   2.0902081e-09      0.80752409       13.172743       517.05003          1404.2      -12.068695       -12.068695       1934.4228                 97.533513                 407.63609                        11.880428                           13.172743                1404.2
              1       954.87123       3.0432085       1.0477581       65.842332     0.020854907      0.11019493      0.05830172       1.0042615     0.010943158   2.0972425e-09      0.81198121       10.929997       516.63037       1404.4783      -11.148095       -11.148095       1932.0386                 96.535134                 408.01331                        12.081921                           10.929997             1404.4783
              1       957.13057       3.0292451       1.0462293       65.420876     0.020670202      0.11074902     0.055135614      0.99511231     0.011252488   2.0681613e-09       0.8085584       13.381923       518.39527       1403.8635      -10.689759       -10.689759       1935.6407                 99.982783                 407.37893                         11.03356                           13.381923             1403.8635
              2       957.09471       3.0300081       1.0460177       65.494206     0.020676853      0.11088224     0.054838638      0.99511231     0.011356936   2.0697401e-09      0.80962675       12.984725        518.6885       1403.8957      -10.689759       -10.689759       1935.5689                 100.47425                 407.34646                        10.867796                           12.984725             1403.8957
             28       954.81728       3.0316451       1.0455145       65.410543     0.020677063      0.11111049     0.054968205      0.99943932     0.011300661   2.0731311e-09      0.81094034       13.716976       517.30846       1403.7607      -12.575773       -12.575773       1934.7861                 98.320356                 407.20125                        11.786856                           13.716976             1403.7607
              9       954.04994       3.0223251       1.0440126       65.742392     0.020432736      0.11096496     0.054123002      0.99943932     0.011525251   2.0538991e-09      0.80878362       10.419749       518.63146       1404.2002      -12.575773       -12.575773       1933.2514                 96.636273                 406.97666                        15.018529                           10.419749             1404.2002
              1       955.69945       3.0225876        1.044839       65.591182     0.020372381       0.1113805     0.053383559        1.004354     0.011462541   2.0544383e-09       0.8110307       11.266039       518.36244        1403.939      -11.084315       -11.084315       1933.5675                 93.601324                 406.60239                        18.158719                           11.266039              1403.939
              4       953.42997       3.0166716        1.048103       65.505729     0.020429737      0.11067985     0.047919888       1.0004819      0.01141731   2.0423202e-09      0.80569273       11.717269       516.28522       1404.0221      -12.582343       -12.582343       1932.0246                 96.081468                 406.12467                        14.079091                           11.717269             1404.0221
              3        954.8194       3.0093426       1.0473994       65.386753     0.020522158      0.11104064     0.048888748       1.0004819     0.011410117   2.0274067e-09      0.80320822       13.163049       517.85592       1403.7845      -12.582343       -12.582343       1934.8035                 93.451977                 405.89842                        18.505521                           13.163049             1403.7845
              8       954.29673       3.0225236       1.0400536       65.799117      0.02025296      0.11264692     0.047272311       1.0005532     0.010843022    2.054307e-09      0.81675107       9.9168288       519.92785       1403.9016      -12.576435       -12.576435       1933.7463                 101.35345                 406.50599                        12.068413                           9.9168288             1403.9016
              7       954.31962       3.0328193       1.0444723       66.145846     0.020241523      0.11255803     0.046917135       1.0016413     0.011637855   2.0755667e-09      0.82324907       8.5836775       520.57168       1404.2547      -12.385412       -12.385412       1933.4101                  102.2696                 406.69416                        11.607921                           8.5836775             1404.2547
              6       953.87122       3.0232398         1.04128       66.293703     0.020377579      0.11221153     0.046524519       1.0016413     0.011744781   2.0557787e-09      0.81622728       8.1462036       519.87346       1404.4936      -12.385412       -12.385412       1932.5133                 101.06716                 406.54406                        12.262238                           8.1462036             1404.4936
              1       954.49384       3.0223438       1.0436418       66.372144     0.019886548      0.10836934     0.046968069      0.99794454     0.011627193   2.0539376e-09      0.80205583       6.4221909       520.71067       1406.3807      -12.262929       -12.262929       1933.5135                 102.75984                 406.67838                        11.272452                           6.4221909             1406.3807
              1       954.82178       3.0423204       1.0449529       66.563549      0.01952705      0.10954471     0.053200025       1.0033619     0.011802138   2.0953808e-09      0.81934228       6.4631535       520.25227       1406.3216      -11.696733       -11.696733        1933.037                 101.04031                 407.58226                        11.629697                           6.4631535             1406.3216
              1       956.88079       3.0506149       1.0426702       66.454702     0.019624688      0.10912239     0.053269357      0.99993655     0.011759329   2.1128333e-09       0.8189618       6.4991774       526.18314       1406.2805        -12.6006         -12.6006       1938.9628                 106.99354                 407.95114                        11.238452                           6.4991774             1406.2805
              2       956.15705       3.0426704        1.040066       65.450329     0.019580907      0.10907304     0.060840155      0.99885825     0.012254776   2.0961144e-09      0.81215174        8.701574       523.96117       1404.6446      -12.496633       -12.496633       1937.3074                 101.57835                 410.51603                        11.866786                            8.701574             1404.6446
              6       956.55124        3.039399       1.0388689       65.732706     0.019668513       0.1092971     0.062763515      0.99885825     0.012074956   2.0892682e-09      0.81170451       7.8189116        525.3277       1404.9491      -12.496633       -12.496633       1938.0957                 100.04927                 411.32625                        13.952182                           7.8189116             1404.9491
              2       956.26841       3.0444871       1.0443124       65.356675     0.019655504      0.11043974      0.06522012       1.0024309      0.01126588   2.0999258e-09      0.81965544       9.6124826       523.02967       1404.1511      -12.128192       -12.128192       1936.7932                 95.391886                 412.31917                        15.318607                           9.6124826             1404.1511
              6       956.43306         3.04504       1.0442467       65.340937     0.019619231      0.11048378     0.065190559       1.0029536     0.011038943   2.1010872e-09      0.82023085       9.5222516         523.002       1404.1479      -11.902999       -11.902999       1936.6721                 95.289125                 412.33199                        15.380885                           9.5222516             1404.1479
              6       956.13858       3.0441784       1.0446008       65.468934     0.019665299      0.11050701     0.064862307       1.0029536     0.010935813   2.0992777e-09      0.82014018       9.0245221       522.77158       1404.2871      -11.902999       -11.902999       1936.0832                 95.110615                  412.0934                         15.56756                           9.0245221             1404.2871
              5       957.44687       3.0395592       1.0484838       65.670258      0.01961666      0.10994308     0.067942227       1.0029536     0.011224909   2.0896031e-09      0.81778085       7.9566144       526.01699       1404.7261      -11.902999       -11.902999       1938.6997                  90.65078                 413.43444                        21.931767                           7.9566144             1404.7261
              3       958.58506       3.0379525       1.0479585        65.64413     0.019671903       0.1102405     0.069187165       1.0029536     0.011163212   2.0862484e-09      0.81789359       8.2459629       528.15548       1404.5747      -11.902999       -11.902999       1940.9761                 89.729448                 414.09765                        24.328384                           8.2459629             1404.5747
             21       957.36144       3.0453162       1.0476113       65.229988     0.019544441      0.11144238     0.069589956      0.99718812     0.010352161   2.1016675e-09      0.82593789       10.065405        524.7559       1403.8384      -11.968389       -11.968389       1938.6597                 95.021153                 415.27112                        14.463633                           10.065405             1403.8384
              1        957.5468       3.0434511       1.0454743       65.379412     0.019578307      0.11180577     0.069735645      0.99747553     0.010244152   2.0977514e-09      0.82642074       9.5096216       525.86931       1403.8969      -12.091086       -12.091086       1939.2758                 95.079368                 415.40399                        15.385948                           9.5096216             1403.8969
              1       956.77788       3.0331586       1.0449832       64.857924      0.01971386      0.11201767      0.06222065      0.99747553     0.010461363    2.076271e-09       0.8204579       13.400645       520.97439       1403.3629      -12.091086       -12.091086       1937.7379                  95.76202                 410.78486                        14.427509                           13.400645             1403.3629
             15       958.59906       3.0339713       1.0439536       64.759363     0.019873019      0.11132592     0.063741644       1.0032842     0.010358784   2.0779591e-09      0.81580508       14.506912        522.7772       1403.3901      -11.738024       -11.738024       1940.6742                 92.305956                 411.02159                        19.449656                           14.506912             1403.3901
              1       957.26777       3.0394705       1.0434616       65.087762     0.019878062      0.11061294     0.063849121       1.0032842     0.010531049   2.0894177e-09      0.81559518       11.783496       522.41979       1403.8083      -11.738024       -11.738024       1938.0116                 94.390968                 411.19723                        16.831588                           11.783496             1403.8083
              7       956.71462       3.0409547       1.0427433       65.049011     0.019864279         0.11077     0.064173763       1.0012312     0.010548275    2.092521e-09      0.81670211       12.079158       522.57396       1403.7354       -12.47966        -12.47966       1938.3886                 96.202216                 411.61906                        14.752685                           12.079158             1403.7354
              1       955.04769       3.0368824       1.0445954       65.259711     0.019355355       0.1131952     0.059724199       1.0027776     0.010267946   2.0840171e-09      0.83112582       9.9969865       520.54492       1403.5209      -11.983718       -11.983718       1934.0628                 94.965013                 409.83785                        15.742059                           9.9969865             1403.5209
              4       953.81315       3.0315949       1.0453503       65.404711     0.019248234      0.11154415     0.053626911       1.0034983     0.010221988   2.0730269e-09      0.82271218       8.2635028       518.52172       1404.0848      -11.621883       -11.621883       1930.8701                 96.345073                 407.50239                        14.674255                           8.2635028             1404.0848
              2       953.22836       3.0332297       1.0456265       66.249944     0.020176511      0.11088964     0.053204404        1.003192     0.010218443   2.0764186e-09      0.81638967       7.2673453       517.64604        1405.115      -11.785822       -11.785822       1930.0284                 97.791708                 406.96498                        12.889349                           7.2673453              1405.115
              7       954.88069       3.0344309       1.0477441       65.319648     0.020284155      0.10901427     0.048875586       1.0035715     0.011329202   2.0789143e-09      0.80531213       11.548624       517.03158       1404.3422      -11.580492       -11.580492       1932.9224                 99.636585                  406.3336                        11.061403                           11.548624             1404.3422
              6       954.96199       3.0329039       1.0467022       65.338139     0.020234011      0.10927451     0.048034714       1.0035503     0.011399784   2.0757423e-09       0.8060442       11.362305       517.45289       1404.2939      -11.592562       -11.592562       1933.1091                 100.04219                 406.35675                        11.053952                           11.362305             1404.2939
              1       954.52321       3.0321443       1.0476442       65.415704     0.020175769      0.10885994     0.049132008       1.0038941     0.011472314   2.0741661e-09      0.80470489        10.50834       516.77528       1404.5384       -11.38778        -11.38778        1931.822                 98.655957                 406.30805                        11.811271                            10.50834             1404.5384
              4       953.94984       3.0318486       1.0478821       65.422973     0.020175684      0.10888607     0.048762224       1.0004225     0.011555595   2.0735529e-09      0.80482011       10.506618       518.03443       1404.5319      -12.586639       -12.586639        1933.073                 100.85663                 406.45719                        10.720609                           10.506618             1404.5319
              3       954.72558       3.0207204       1.0458756       66.897137     0.021237511      0.10733932     0.045221871      0.99943917     0.013073662   2.0506059e-09      0.78950781       7.3409483       520.21771        1407.044      -12.575759       -12.575759       1934.6027                 102.18592                 406.59634                        11.435451                           7.3409483              1407.044
             11       957.23441       3.0121149       1.0405918        66.09766     0.020959217       0.1079548     0.042527065      0.99758357     0.014075301    2.033035e-09      0.78741825       10.230561       523.18901       1405.3168      -12.133792       -12.133792       1938.7364                 104.23615                 407.06463                        11.888231                           10.230561             1405.3168
              2       956.62265       3.0119259       1.0464006       65.918291     0.021177777      0.10787358     0.044729119      0.99754466      0.01405785   2.0326509e-09      0.78667164       12.179192       520.31182       1404.9915      -12.118625       -12.118625       1937.4825                  100.1961                 406.46512                        13.650606                           12.179192             1404.9915
              5       957.53553       3.0125275       1.0464631       65.978445     0.021077129      0.10729334     0.046723986       1.0023572     0.014217658   2.0338742e-09      0.78503983       11.214269       522.83629       1405.3333      -12.156406       -12.156406       1939.3839                 96.235221                 406.00344                        20.597629                           11.214269             1405.3333
             12       956.37755       3.0085179       1.0456125       65.935175     0.020498612      0.10825821     0.041600707       1.0026457     0.014753369   2.0257355e-09       0.7917654       9.7688583       522.01042       1405.0577      -12.040948       -12.040948        1936.837                 97.989141                 407.06076                        16.960529                           9.7688583             1405.0577
              1       955.90286       3.0048566       1.0465695       66.010145     0.020429045      0.10838631     0.037402918      0.99961068     0.014817882   2.0183321e-09      0.79191758       9.2183663       522.62355       1405.1414      -12.588796       -12.588796       1936.9833                 101.06984                 408.55654                        12.997168                           9.2183663             1405.1414
              1       955.77153       3.0077679       1.0430092       65.645109     0.020263012      0.10986032      0.04148984      0.99981639     0.014669456   2.0242167e-09      0.79902377       11.103938       521.41903       1404.2165      -12.598225       -12.598225       1936.7395                 100.18561                 407.18924                        14.044182                           11.103938             1404.2165
              2       957.69962       3.0080825       1.0419535       65.703152     0.020049882      0.11053801     0.039398632       1.0048803     0.014274061   2.0248536e-09      0.80356417       10.049216       522.56235       1404.1787      -10.695501       -10.695501       1936.7902                 98.642086                 407.68888                        16.231391                           10.049216             1404.1787
              5        955.7731       3.0071747       1.0417017       65.736142     0.020050547      0.11058195     0.039208846       1.0004174     0.014292421   2.0230164e-09      0.80342441       9.8904759       522.62725       1404.2024      -12.586984       -12.586984       1936.7202                 101.40294                 407.90133                        13.322978                           9.8904759             1404.2024
              4       961.23119       3.0149631        1.040557       64.880456     0.020365053      0.11069149     0.052704007      0.99330475     0.012066991   2.0388338e-09      0.80148776        16.77261       520.29297       1403.4264      -9.0148103       -9.0148103        1940.492                 100.27498                 406.86294                        13.155049                            16.77261             1403.4264
              2       956.86463         3.05347       1.0476512        65.73882     0.020467861      0.11074091     0.069275116      0.99769734    0.0099327752   2.1188743e-09        0.820918       10.046855       523.65427       1404.3816      -12.176741       -12.176741       1938.0827                 97.867567                 414.28408                        11.502624                           10.046855             1404.3816
              8       956.32265       3.0400134       1.0460998       66.472188     0.020561349      0.11156312     0.068633684      0.99774816     0.010507556   2.0905523e-09      0.82051251       7.6227907       524.39456       1405.0185       -12.19526        -12.19526       1937.0358                 94.654757                 413.53224                        16.207569                           7.6227907             1405.0185
              6       956.39605       3.0378689       1.0410031       67.285652     0.021094421      0.11220853     0.065054977      0.99790586    0.0098340443    2.086074e-09      0.81961327         6.65734       524.70642       1405.9285      -12.250089       -12.250089       1937.2923                 98.292207                 411.37306                        15.041153                             6.65734             1405.9285
              5       956.69478       3.0318886       1.0402688       67.023748     0.021346441      0.11267425      0.06454364       1.0009113     0.010395627   2.0736359e-09      0.81673204       7.6378862       525.67647       1405.1442      -12.534484       -12.534484       1938.4585                 94.895667                 410.61383                        20.166978                           7.6378862             1405.1442
              1       957.04935       3.0370108       1.0400171       66.443129     0.020563743       0.1129305     0.064483484       1.0027217     0.011695794   2.0842846e-09      0.82395881       8.3698654       525.34411       1404.4013      -12.008289       -12.008289       1938.1153                 94.959046                 411.34635                        19.038711                           8.3698654             1404.4013
              2       956.59153       3.0379267       1.0371361       65.861258     0.020689653      0.11134656     0.059278109       1.0029782     0.011921636   2.0861945e-09      0.81345354       11.038831       521.80361       1404.1233      -11.891347       -11.891347       1936.9658                 99.390063                 408.88852                         13.52503                           11.038831             1404.1233
              3        956.8659       3.0363836       1.0357111       65.777737     0.020570638      0.11037289     0.053948899       1.0037069      0.01312851   2.0829778e-09       0.8086596       11.121764       521.36291       1404.2504      -11.501659       -11.501659       1936.7351                 102.25791                 407.25874                        11.846266                           11.121764             1404.2504
              6        957.8561         3.04185       1.0362542       65.690123      0.02066287      0.11013607     0.050818747       1.0043545     0.012180012   2.0943954e-09      0.80881613       11.570719       522.04495       1404.2645      -11.083973       -11.083973       1937.8801                 105.37213                 406.72617                        9.9466475                           11.570719             1404.2645
              4       958.34768       3.0440606       1.0305393       65.545061     0.019920873      0.10911282     0.052931635        1.003823     0.012869935   2.0990303e-09      0.80805573       9.4788185       525.49328       1404.5867      -11.431718       -11.431718       1939.5588                 107.83255                  407.6005                        10.060228                           9.4788185             1404.5867
             15         955.893       3.0400192       1.0354715       65.906282     0.019926255      0.10882256     0.053877237        1.001221     0.012558207   2.0905644e-09       0.8074561       7.7837055        523.7192       1405.2464      -12.481652       -12.481652       1936.7493                  105.5403                 407.71206                        10.466838                           7.7837055             1405.2464
             16       955.54345       3.0459892       1.0399211       65.975361     0.020322165      0.10861694     0.059074349       1.0012528     0.011094881   2.1030824e-09      0.80732965       8.1039291        522.4944       1405.4393      -12.475369       -12.475369       1936.0376                 102.66898                 409.10861                        10.716811                           8.1039291             1405.4393
              6       957.40404       3.0461504       1.0400617       65.762882      0.02081373      0.10989401     0.058236549      0.99773771    0.0095034965   2.1034216e-09      0.80914263       10.559286       524.01735       1404.6144      -12.191486       -12.191486        1939.191                 105.32211                 408.65203                        10.043212                           10.559286             1404.6144
              7       956.23546       3.0469591       1.0410616       65.906639     0.020899623      0.10836171     0.057143358      0.99947171    0.0095135393   2.1051232e-09      0.80227067       9.5359503       522.72189       1405.3703      -12.578595       -12.578595       1937.6281                 105.11498                   408.003                        9.6039116                           9.5359503             1405.3703
              6       958.50029       3.0462195       1.0384516       64.739905     0.019619723      0.10736778     0.053297473      0.99964954     0.012829051   2.1035669e-09      0.80268374       12.480009       525.47329       1404.2295      -12.591096       -12.591096       1942.1828                  107.5445                 407.73546                        10.193327                           12.480009             1404.2295
             12       959.53091       3.0506431       1.0404756       65.926513     0.020263867      0.10570239     0.048025634      0.99962984     0.012084042   2.1128928e-09      0.79565194       7.7638009       529.87129       1406.6067       -12.58996        -12.58996       1944.2417                  112.5008                 406.98383                        10.386649                           7.7638009             1406.6067
              8       960.05022       3.0395122       1.0404805       65.435518     0.018790403      0.10089833     0.043548501       1.0017716     0.016379157   2.0895049e-09      0.77720684       6.9102842       529.37091       1408.5189      -12.349835       -12.349835       1944.8001                  111.2296                 407.43277                         10.70855                           6.9102842             1408.5189
              8       960.13675       3.0422436       1.0420939       65.497199     0.018909963      0.10050546     0.044589562        0.999449     0.016308784   2.0952198e-09      0.77601933       6.9777264       529.58928       1408.8598      -12.576634       -12.576634       1945.4268                 112.41649                  407.4044                        9.7683908                           6.9777264             1408.8598
              2       960.54136       3.0373909       1.0413329       65.502238     0.018533964      0.10142398     0.040445417      0.99936353     0.016957949    2.085077e-09      0.78139164       6.6396485       531.17507        1408.405      -12.568514       -12.568514       1946.2197                 113.72142                 408.30783                        9.1458195                           6.6396485              1408.405
             28       957.97311        3.036731       1.0496297       65.151133     0.019247212      0.10385262      0.04375203      0.99716351      0.01580882   2.0837016e-09      0.78944024       8.5840671       525.19965        1406.077      -11.957268       -11.957268       1939.8608                 108.10337                 407.30926                        9.7870217                           8.5840671              1406.077
              4       956.15164       3.0366102       1.0495776       65.161629     0.019243602      0.10390537     0.043828986        1.001342     0.015798073   2.0834498e-09      0.78969037       8.5380358       522.60511       1406.0738      -12.456847       -12.456847        1937.217                 105.28005                   407.156                         10.16906                           8.5380358             1406.0738
              1       956.35417       3.0254436        1.045274       65.860719     0.018614119      0.10429404     0.048259165       1.0007183     0.015976064   2.0603142e-09      0.79238176       6.3348313       523.92063       1407.5722      -12.559645       -12.559645       1937.8276                 101.07973                 406.93786                        15.903045                           6.3348313             1407.5722
              3        957.4996       3.0265509       1.0487098        66.74354     0.019293958      0.10316096     0.047603623       1.0006288     0.015453077   2.0625969e-09      0.78558669       7.3649012       522.70426       1410.0686      -12.569293       -12.569293       1940.1378                 101.12454                 406.78681                         14.79291                           7.3649012             1410.0686
             11       958.81865       3.0268538       1.0487458        66.74826     0.019340932      0.10311117     0.048094226       0.9956874     0.015427808   2.0632218e-09      0.78513888       7.3317196       522.44382       1410.0879      -11.113043       -11.113043       1939.8634                 104.09211                 406.95032                        11.401385                           7.3317196             1410.0879
              4       957.95389        3.027573       1.0490309       66.726392     0.019474063      0.10288767     0.048500074      0.99694395     0.015398622   2.0647061e-09      0.78337563       7.1930086       522.32161       1410.1007      -11.853766       -11.853766       1939.6153                 103.21975                 406.85004                        12.251823                           7.1930086             1410.1007
              8       958.89933       3.0274836       1.0478476       66.630752     0.019413251      0.10240107     0.051473515       0.9971847     0.015519974   2.0645215e-09      0.78074575       7.1983856        524.3155       1410.2185      -11.966847       -11.966847       1941.7323                 101.85585                  406.9825                        15.477148                           7.1983856             1410.2185
              4       958.12516       3.0279118        1.046381       66.564531     0.019375948      0.10328807     0.052070511      0.99735311     0.015226775   2.0654058e-09      0.78498407       6.9038869       523.92147       1409.5058      -12.040438       -12.040438       1940.3312                 101.85431                  407.1386                        14.928561                           6.9038869             1409.5058
              8       957.80595       3.0293075       1.0463988       66.497428      0.01938308      0.10309881     0.052215406      0.99961337     0.015301031   2.0682904e-09      0.78437749       6.8377749       524.50454       1409.4475      -12.588963       -12.588963       1940.7898                 100.80208                 407.09375                        16.608707                           6.8377749             1409.4475
              3       957.64816        3.023312       1.0465607       66.899685     0.020082601      0.10326669     0.044600001       1.0000069     0.015500734   2.0559271e-09       0.7791056       6.9169622       523.74658       1409.8346      -12.600918       -12.600918       1940.4982                 103.62919                 406.91402                        13.203377                           6.9169622             1409.8346
              3       960.56344       3.0222575       1.0448449       66.628361     0.020192978      0.10137397     0.040954574       1.0008592     0.015441458   2.0537604e-09      0.76721733       7.2444575       528.55876       1410.4074      -12.541866       -12.541866       1946.2106                 106.48058                 407.74615                        14.332033                           7.2444575             1410.4074
              2       960.62455       3.0248236       1.0423057       66.534886     0.019980939      0.10137864     0.041099968       1.0005945     0.016046136   2.0590371e-09      0.76885361       7.1516859       529.05147       1410.1912      -12.572645       -12.572645       1946.3944                 108.51843                 407.79161                        12.741418                           7.1516859             1410.1912
              5       960.20893       3.0155499       1.0396232       65.595305     0.019352149      0.10333519     0.037354101      0.99767729     0.016571615   2.0400305e-09      0.77634173       7.5506489       530.15825       1407.0476      -12.169325       -12.169325       1944.7565                  110.2237                 408.88927                        11.045277                           7.5506489             1407.0476
              3       958.56987       3.0117182       1.0408599       65.262943      0.01889888      0.10410574     0.041011844      0.99871872     0.016678378   2.0322287e-09       0.7812801       7.6372574       528.22335       1406.2183      -12.469588       -12.469588       1942.0789                 104.68621                 407.56416                        15.972973                           7.6372574             1406.2183
              1       957.22016       3.0236381       1.0333595       65.024303     0.018110988      0.10798821     0.044713901      0.99831898     0.014765166   2.0565976e-09      0.80705373       6.9502754       527.51288       1404.7269      -12.374856       -12.374856         1939.19                 108.25854                 407.41484                        11.839504                           6.9502754             1404.7269
              1       955.85067       3.0338424       1.0397458       65.905792     0.019102889       0.1067484     0.050156963      0.99874068     0.012752571   2.0776913e-09       0.8021205       6.3363515       523.77924       1406.5339       -12.47405        -12.47405       1936.6494                 105.86497                 407.28325                        10.631018                           6.3363515             1406.5339
              9       954.30179       3.0228371       1.0455079       65.314264     0.019262836      0.10868528     0.053681766       1.0005226     0.012627046   2.0549509e-09      0.80584988       8.3140366       520.77743       1404.6702      -12.579071       -12.579071       1933.7617                 95.876173                  407.3332                        17.568056                           8.3140366             1404.6702
              9       954.26627       3.0225446       1.0457728       65.342792     0.019254071      0.10841119     0.053760025      0.99916395     0.012575303   2.0543499e-09      0.80464295       8.0844024       520.72194       1404.8162      -12.545003       -12.545003       1933.6225                 96.539903                 407.40325                        16.778781                           8.0844024             1404.8162
              1       953.61208       3.0173356        1.047287       65.057778     0.018663857      0.10897022      0.04760037      0.99847178     0.013462584   2.0436766e-09       0.8091828       8.0404608       519.64598       1404.3659      -12.414086       -12.414086       1932.0523                 97.881345                 406.79118                        14.973456                           8.0404608             1404.3659
              4       954.14689       3.0153045       1.0472565       65.260961     0.018560052      0.10997364     0.049471409      0.99740904     0.013988214     2.03953e-09      0.81455626       7.4793427       520.65053       1404.2917      -12.063876       -12.063876       1932.4215                 96.628686                 407.00091                        17.020938                           7.4793427             1404.2917
              3       953.85293       3.0158447       1.0475648       65.302885     0.018747595       0.1096495     0.050460514      0.99851268     0.013840042   2.0406322e-09      0.81209899       7.6265828       520.52877       1404.3984      -12.423952       -12.423952       1932.5538                 95.547811                 406.96814                        18.012813                           7.6265828             1404.3984
              3       954.20365       3.0439466       1.0493915       66.034948     0.019103587      0.10829438     0.057293957       1.0033721     0.012971738    2.098791e-09      0.81705486       6.4880372       519.30492       1405.9968      -11.691212       -11.691212       1931.7897                 97.266732                 408.84045                        13.197735                           6.4880372             1405.9968
              8       954.19406       3.0447709        1.049215       66.313738     0.019333798      0.10824368     0.058837466       1.0022137     0.012631327   2.1005219e-09      0.81617818       6.4432526       519.89327       1406.4694      -12.208888       -12.208888       1932.8059                 97.657694                 409.32565                        12.909926                           6.4432526             1406.4694
             17       953.78107       3.0369042       1.0489927       65.800792     0.019033687      0.11130622     0.056946269       1.0026422     0.013743453   2.0840624e-09      0.82845503       7.4097952       519.82323        1404.414      -12.042427       -12.042427        1931.647                 95.007934                 408.85766                        15.957638                           7.4097952              1404.414
              4       954.09764       3.0366671       1.0480911        65.81632     0.018971029      0.11138925     0.057231009      0.99831201     0.013780423   2.0835683e-09      0.82897529       7.3027001       521.21462       1404.4239      -12.372978       -12.372978       1932.9412                 97.819025                 409.31357                        14.082021                           7.3027001             1404.4239
             13        954.4365       3.0331857        1.048604       65.837955     0.019073293      0.11192533     0.059830893      0.99907956     0.014015981   2.0763273e-09      0.82960575       7.5689342       522.13494       1404.2354      -12.533146       -12.533146       1933.9393                 94.500765                 410.11271                        17.521462                           7.5689342             1404.2354
             14       954.71194       3.0332423       1.0485622       65.822036     0.019065006      0.11202113     0.060011458       1.0012238     0.013890132   2.0764448e-09      0.83004894       7.6047863       522.58037       1404.2009      -12.481101       -12.481101       1934.3861                 93.101621                 410.11059                        19.368159                           7.6047863             1404.2009
              5       954.00849       3.0249266       1.0495163       65.565977     0.019163942      0.11271836     0.055870546       1.0011607     0.014115365   2.0592493e-09      0.82870069       8.9259367       520.36307       1403.7142      -12.493138       -12.493138       1933.0033                 92.227114                 408.20711                        19.928848                           8.9259367             1403.7142
              1       954.27534       3.0242045       1.0493712       65.670092     0.019280561       0.1123628     0.054567132      0.99638553     0.013771574   2.0577628e-09      0.82612123       8.5388156        519.2305       1403.8929      -11.555771       -11.555771       1931.6622                 95.848397                 407.97438                        15.407724                           8.5388156             1403.8929
              8       954.23685       3.0243399        1.049401       65.675333     0.019308547      0.11241099     0.054581666      0.99641477     0.013738015   2.0580415e-09      0.82622251       8.6000906       519.13757       1403.8813      -11.572613       -11.572613       1931.6189                 95.845449                 407.95546                        15.336664                           8.6000906             1403.8813
              7       954.61096        3.031161       1.0494584       65.726507     0.019837079      0.11240874     0.059726984      0.99656631     0.012590538   2.0721275e-09      0.82518653       9.5699703       519.09083       1403.8765      -11.657703       -11.657703       1932.5373                 95.159039                 409.50708                        14.424711                           9.5699703             1403.8765
              2       954.78888       3.0147365       1.0471462        66.97801     0.021611035      0.11213827     0.044850845       1.0039679     0.013875014    2.038372e-09      0.80819967       9.1366815       518.29709       1404.8267      -11.341354       -11.341354       1932.2605                 95.965728                 406.36894                        15.962416                           9.1366815             1404.8267
             12       956.38252       3.0081336       1.0446695       66.885408     0.020791724      0.11310547     0.043051251       1.0033853       0.0159194    2.024957e-09      0.81505659       8.1852853       523.47813       1404.4698      -11.684074       -11.684074       1936.1332                 96.095923                 406.79812                        20.584091                           8.1852853             1404.4698
              5       956.72557       3.0176904       1.0468242       66.684748     0.021365867       0.1120783     0.049079267       1.0054642     0.015289326    2.044402e-09      0.81013436       10.295705       519.16575       1404.4144      -10.212362       -10.212362       1933.8759                 93.425549                 405.89418                         19.84602                           10.295705             1404.4144
              1       956.63376       3.0185838       1.0464956       66.759072     0.021515134      0.11196163     0.048970262       1.0054131     0.015241124   2.0462293e-09      0.80903047        10.34482       518.93495       1404.5013      -10.256783       -10.256783       1933.7811                 94.025179                 405.91826                        18.991511                            10.34482             1404.5013
              7       956.91919       3.0174724       1.0469133        66.65494     0.021579275      0.11201645     0.049235011       1.0053439     0.015264772   2.0439563e-09      0.80822723       11.226955       518.90993       1404.3341      -10.316311       -10.316311        1934.471                 93.375676                 405.87519                        19.659059                           11.226955             1404.3341
              5       954.61519       3.0177391       1.0457191       67.808559      0.02167344      0.11076741     0.042734614        1.000301     0.015017947   2.0445016e-09      0.80465001       6.6898507       521.12429       1406.6036      -12.593675       -12.593675       1934.4177                 101.88643                 407.23873                        11.999131                           6.6898507             1406.6036
              9        954.4509       3.0185202       1.0463896       67.837724     0.021630083      0.11072317     0.043420163       1.0011135     0.015034147    2.046099e-09      0.80534374       6.6163991       520.58954       1406.6993      -12.501735       -12.501735       1933.9053                 100.88733                 407.01681                        12.685399                           6.6163991             1406.6993
              4       953.69822       3.0260561       1.0486134       67.957054     0.022345092      0.10929086      0.05175892       1.0006726      0.01367335   2.0615766e-09      0.79733421       6.9665363       518.05331        1407.506      -12.564726       -12.564726       1932.5259                 97.907278                  406.0655                        14.080533                           6.9665363              1407.506
             11       954.51167       3.0207003       1.0466276       68.154821     0.022571961      0.11015312     0.051795186      0.99973114     0.013668752   2.0505647e-09      0.79773582       6.9539182       519.92393       1407.3358      -12.595139       -12.595139       1934.2136                 97.529917                 405.99467                        16.399337                           6.9539182             1407.3358
              7        953.8251       3.0252028       1.0468548       68.081886     0.022105579      0.11127382     0.053651547        1.000168     0.013557721   2.0598182e-09      0.80792374        6.678096       519.29827       1406.8712      -12.598664       -12.598664       1932.8475                 97.053103                 406.39811                        15.847055                            6.678096             1406.8712
              9       954.03944       3.0343478       1.0496684        68.66235     0.022598909      0.11002599     0.056270944       1.0004518     0.012850683   2.0787417e-09      0.80455042       6.6474454       517.97212       1408.6285      -12.584595       -12.584595       1933.2481                 97.631465                 406.72148                        13.619181                           6.6474454             1408.6285
             14       954.14605        3.026254       1.0483933       68.519152     0.022122463      0.11084252     0.051696514       1.0002963     0.013462173   2.0619846e-09      0.80783171       6.5724687       518.89862       1408.0088      -12.593896       -12.593896       1933.4799                 98.062278                 406.23467                        14.601672                           6.5724687             1408.0088
              1       954.40938       3.0239162       1.0460977       68.200153     0.021661549      0.11070117     0.048936148       1.0002409      0.01399816   2.0571696e-09      0.80788769       6.4845484       519.95373        1407.573      -12.596279       -12.596279       1934.0113                 99.831465                 406.35812                        13.764143                           6.4845484              1407.573
              1       954.42615       3.0233294       1.0461383       68.201982     0.021671755      0.11069654     0.048710157       0.9996773     0.013996469    2.055963e-09      0.80757477       6.4797071       519.98365       1407.5741      -12.592591       -12.592591       1934.0375                 100.13604                 406.36982                        13.477792                           6.4797071             1407.5741
              4         954.547       3.0178973       1.0446203        67.88918     0.021454677      0.11205188     0.045140647      0.99994435     0.014769785    2.044825e-09      0.81214543       6.5267815       521.48489       1406.2837      -12.600674       -12.600674       1934.2953                 100.68516                 406.72217                        14.077564                           6.5267815             1406.2837
              3       954.34622       3.0183772       1.0464208       67.947327     0.021395003      0.11157869     0.046183795      0.99979235     0.015018808   2.0458065e-09      0.81129022       6.4561641        520.8229       1406.6083      -12.597472       -12.597472       1933.8874                 99.592059                 406.58494                        14.645902                           6.4561641             1406.6083
              1       954.64791       3.0190805       1.0473559        68.23113     0.021522922      0.11174975     0.045339877      0.99997883     0.014810706   2.0472459e-09       0.8125537       6.4758337       520.98349       1407.0383      -12.600886       -12.600886       1934.4976                 99.910971                 406.75556                        14.316956                           6.4758337             1407.0383
              8       954.54441       3.0192213       1.0475002        68.21292     0.021516339       0.1117304     0.045483742      0.99997617     0.014803674   2.0475342e-09      0.81255491       6.4724598       520.80171       1407.0164      -12.600876       -12.600876       1934.2906                  99.79999                 406.70217                        14.299552                           6.4724598             1407.0164
              5        955.1524       3.0188032       1.0493244        66.66435     0.020306905      0.11455709      0.04531165      0.99582829     0.014398683   2.0466783e-09      0.83003226        8.186048         520.483       1404.0531      -11.208667       -11.208667       1932.7221                 100.03838                 406.86403                        13.580594                            8.186048             1404.0531
              3       953.45013       3.0120592       1.0488014        66.06074     0.020251092      0.11266033     0.045119907       1.0010917     0.014835638   2.0329219e-09      0.81692962       9.9157167       518.09757       1403.8981      -12.505577       -12.505577       1931.9114                 95.291462                 406.45358                        16.352531                           9.9157167             1403.8981
              5       953.31827       3.0143443       1.0485913       66.078338     0.020237377      0.11286159     0.047873505       1.0010464      0.01453703   2.0375725e-09      0.81881676       9.7774733       517.99689       1403.8888      -12.513333       -12.513333       1931.6632                 94.379346                 406.26934                        17.348202                           9.7774733             1403.8888
              4       953.24576       3.0140902       1.0487319       66.068243     0.020227761      0.11286568     0.047784232       1.0007506     0.014556281   2.0370549e-09       0.8188168       9.8057195       517.91863       1403.8789       -12.55585        -12.55585       1931.6032                 94.460408                 406.29381                        17.164412                           9.8057195             1403.8789
              7         953.675       3.0138654       1.0479522       65.781523     0.020109728      0.11259523     0.048604325      0.99947162     0.014798497   2.0365971e-09      0.81722368       10.958229       517.86413       1403.6848      -12.578587       -12.578587       1932.5072                 94.960685                  406.3598                         16.54364                           10.958229             1403.6848
              7       953.90826       3.0126938       1.0485167       65.714443     0.020108922      0.11201798      0.04685218      0.99810308     0.014983174   2.0342124e-09       0.8140812       11.155311        517.5443        1403.743      -12.313058       -12.313058       1932.4426                 96.428282                 406.41253                         14.70349                           11.155311              1403.743
              3       955.02857       3.0086803       1.0485127       65.886335      0.01996304      0.11212132     0.045637041       1.0027704     0.015635675   2.0260644e-09      0.81461591        9.891749       520.26234       1403.8769      -11.986915       -11.986915        1934.031                 93.091353                 406.31861                         20.85238                            9.891749             1403.8769
             11        954.1039       3.0115269        1.048063       65.796208     0.019851332      0.11220963     0.045904704      0.99770355     0.015473577   2.0318401e-09       0.8165193       9.9920436       518.76867       1403.8052      -12.179029       -12.179029       1932.5659                 97.031821                 406.58766                        15.149194                           9.9920436             1403.8052
              3       954.85763       3.0118993       1.0446021       66.789319      0.01998808      0.11232539     0.045898143      0.99778535     0.014959835   2.0325969e-09      0.81805082       6.7092568       522.45887       1404.9642      -12.208546       -12.208546       1934.1324                 98.848686                 406.71876                        16.891415                           6.7092568             1404.9642
              5       954.11548       3.0148265       1.0454141       66.719199     0.020109748      0.11292381     0.047274879      0.99809809     0.014372001   2.0385554e-09      0.82111081       7.0798418        521.1028       1404.6714      -12.311542       -12.311542       1932.8541                 98.216579                 406.58806                        16.298158                           7.0798418             1404.6714
              1       953.63783       3.0160283       1.0468762       66.728215     0.020128145      0.11258309     0.046985002      0.99817573     0.014309956   2.0410069e-09      0.82035797       7.0170603       520.12829       1404.7997      -12.334685       -12.334685        1931.945                 98.166726                 406.60915                        15.352411                           7.0170603             1404.7997
              1       952.82367       3.0203836       1.0476663       66.559391     0.020543974      0.11131742     0.051223158       1.0000144     0.013962896   2.0499154e-09      0.81295201       7.8588144       518.09366       1404.8967      -12.600905       -12.600905       1930.8492                 95.851304                 406.48518                        15.757184                           7.8588144             1404.8967
             20       952.76425       3.0206236       1.0479308       66.568586     0.020546148      0.11130924     0.051430851       1.0000118     0.013895403   2.0504074e-09      0.81309142       7.8174803       517.99421       1404.9186      -12.600911       -12.600911       1930.7303                  95.69897                 406.50787                        15.787364                           7.8174803             1404.9186
              2       953.38848       3.0184245       1.0457371       66.471376     0.020175121      0.11120848      0.04745469       0.9993953     0.014968174   2.0459033e-09      0.81357951        7.542981       519.53217       1404.8451      -12.571669       -12.571669       1931.9203                 98.682455                 406.53348                        14.316238                            7.542981             1404.8451
              3       953.13067       3.0232273       1.0466273       66.560366     0.019932191      0.11117646     0.048095432      0.99984121      0.01474952   2.0557531e-09       0.8175878       6.9247629       519.43758       1405.0968      -12.598905       -12.598905       1931.4591                 99.093851                 406.67923                          13.6645                           6.9247629             1405.0968
              1       954.25989       3.0188468       1.0450008       66.759474     0.019746418      0.11116412     0.044801155      0.99968738     0.015317021   2.0467675e-09      0.81724994       6.4743676       521.81111       1405.4205      -12.593103       -12.593103        1933.706                 100.60705                 406.95363                        14.250435                           6.4743676             1405.4205
             10        955.0696        3.013202       1.0476412       67.096891     0.019848243      0.11207379     0.045003352      0.99740736     0.014926279   2.0352465e-09      0.82024615       6.4016729       522.27018       1405.5937      -12.063181       -12.063181       1934.2656                 98.832862                  406.9137                        16.523621                           6.4016729             1405.5937
              2       955.14572       3.0188164       1.0437217       67.081351      0.01991078      0.11290362     0.047711933      0.99807866     0.014111999   2.0467053e-09      0.82454848       6.5039628       523.09864          1405.3      -12.305597       -12.305597       1934.9026                 100.00905                 406.80668                        16.282919                           6.5039628                1405.3
              3       956.25526       3.0167876       1.0435465       67.312679     0.019919281      0.11320105     0.047143207      0.99724904     0.013956819   2.0425571e-09      0.82563476       6.5496015       524.39015       1405.5618        -11.9955         -11.9955       1936.5015                  100.2973                 406.84884                        17.244007                           6.5496015             1405.5618
              8       955.46654       3.0212726        1.046196       67.143061     0.019723264      0.11373978      0.04971643      0.99755189     0.013450973   2.0517385e-09      0.83164027        6.705706        523.2555       1405.2148      -12.121463       -12.121463        1935.176                 98.549907                 406.97957                        17.726017                            6.705706             1405.2148
              1       957.28623       3.0002485       1.0437961       66.401552     0.019684568       0.1106628     0.047123976      0.99955607     0.014783551   2.0090529e-09      0.80624667       6.6335495       527.96389       1405.1453      -12.585156       -12.585156       1939.7428                 93.960824                 406.29291                        27.710157                           6.6335495             1405.1453
              6        958.7469       2.9973332       1.0424829       65.878474     0.019441686      0.11148048     0.043926018      0.99344968     0.014320004   2.0032044e-09      0.80853602       7.7094738       523.83895       1404.2822      -9.1683888       -9.1683888       1935.8306                 98.929843                    406.83                        18.079112                           7.7094738             1404.2822
              3       956.54207       2.9971002       1.0421029       65.905528     0.019381599      0.11158204     0.043100831       0.9990897      0.01418681   2.0027378e-09       0.8092708       7.4742045       526.36633       1404.3129       -12.53463        -12.53463       1938.1534                  95.97213                 406.76297                        23.631239                           7.4742045             1404.3129
             10       956.24404       3.0031715       1.0464057       65.827099     0.019949859      0.10920829     0.049398629      0.99949034     0.013021829    2.014934e-09      0.79749096       8.3051767       524.42171       1404.9215      -12.580141       -12.580141       1937.6484                   92.7127                 406.09306                        25.615954                           8.3051767             1404.9215
              4       955.87181       3.0026419       1.0463724        65.91563     0.019982348      0.10932584     0.048741138      0.99803556     0.013086148   2.0138671e-09      0.79787161       8.0799776       523.25928       1404.9888      -12.292199       -12.292199        1936.328                 93.851701                 406.12314                        23.284444                           8.0799776             1404.9888
              7       955.90003       3.0237935       1.0470023       65.940554     0.019572179      0.10844063     0.059712955      0.99811776     0.011951648   2.0569173e-09      0.80502789       6.8143039       523.94197       1405.6788      -12.317495       -12.317495        1936.435                 94.093175                 409.21408                        20.634714                           6.8143039             1405.6788
              5       954.14596       3.0275164       1.0450562       65.345907     0.019077631      0.11032603     0.055715256      0.99950218     0.013504642   2.0645892e-09      0.81698107       8.4794463       520.80524       1404.1694      -12.581096       -12.581096       1933.4541                 96.514434                 408.34858                         15.94223                           8.4794463             1404.1694
             10       953.70892       3.0259878       1.0444681       65.380665     0.018957067      0.11075051     0.050914891       1.0008585     0.014152559   2.0614358e-09      0.81928256       8.3396781       520.08838       1404.0737      -12.541967       -12.541967       1932.5018                 98.073428                 407.18995                        14.825004                           8.3396781             1404.0737
              2       955.58566       3.0375168       1.0442779       64.847801     0.018690464      0.11029402      0.05954267       1.0011534     0.014067961   2.0853396e-09      0.82204313       9.9105076        522.5274       1403.7224      -12.494494       -12.494494       1936.1603                 96.642161                 410.35395                        15.531288                           9.9105076             1403.7224
              5       956.34174       3.0352014       1.0456993       65.244655     0.018516986      0.11041169     0.062942241       1.0004932     0.013665572   2.0805168e-09      0.82448103       7.6918864       525.97568       1404.1788      -12.581459       -12.581459       1937.8464                 93.999113                  412.0836                        19.892962                           7.6918864             1404.1788
              4       955.97725       3.0303767       1.0432251       65.070406     0.018396468      0.10949081     0.058825321       1.0001896     0.014274152   2.0705031e-09      0.81785255       7.7768696       525.13641       1404.2373      -12.598047       -12.598047       1937.1506                 96.067406                 410.11172                        18.957282                           7.7768696             1404.2373
              7       957.15121       3.0303231       1.0422351       64.757861     0.018052815      0.10941338     0.058924051       1.0016869     0.014561148   2.0703922e-09       0.8187504       8.1431927       526.92212       1403.9837      -12.373279       -12.373279        1939.049                 95.416008                  410.3676                        21.138512                           8.1431927             1403.9837
             12       956.48331       3.0314322       1.0435449       64.471246     0.018104058      0.10894647     0.058828867      0.99925857     0.014314961   2.0726897e-09      0.81607418        9.333765       524.93289       1403.8139      -12.556944       -12.556944       1938.0805                 96.785744                  410.3702                        17.776947                            9.333765             1403.8139
              1       956.87221       3.0354239       1.0444802        64.50527      0.01824078      0.10820085     0.060587535       1.0009902     0.014440178   2.0809797e-09      0.81357689       9.3755582         525.413       1404.0008      -12.522478       -12.522478       1938.7894                 95.785001                 410.98451                        18.643491                           9.3755582             1404.0008
              5       958.00952       3.0431514       1.0451306       64.632908     0.018598628      0.10629371     0.062688163       1.0021621      0.01500991   2.0971227e-09      0.80563997       9.4111416       526.46674       1404.5951      -12.226957       -12.226957        1940.473                 96.662911                 411.64459                        18.159236                           9.4111416             1404.5951
              1       959.91469       3.0346233       1.0466911        65.83652     0.019739391      0.10664342     0.065329866       1.0024958     0.014663947   2.0793144e-09      0.79967171       7.5810086       530.54976       1405.9038      -12.102594       -12.102594       1944.0346                 92.189469                 411.65208                        26.708208                           7.5810086             1405.9038
              4       960.22599       3.0376145       1.0467385       65.910657     0.019732184      0.10673594      0.06716286       1.0025872     0.014451625   2.0855433e-09      0.80155111       7.3287636       531.23191       1406.0221      -12.065416       -12.065416       1944.5828                 92.076953                 412.72728                        26.427678                           7.3287636             1406.0221
              1       961.55866       3.0390036       1.0463733       65.872495     0.019605358      0.10677472     0.068136645       1.0036374     0.014535616   2.0884423e-09      0.80299452       7.2221619       532.99559       1405.9845      -11.542466       -11.542466       1946.2023                 91.499755                 413.43551                        28.060325                           7.2221619             1405.9845
              1       961.01946       3.0517877       1.0481688       66.843129     0.020595024      0.10501591     0.070784692       1.0030963     0.015052215   2.1153125e-09        0.795731       6.7293223       530.67503       1408.3025      -11.833964       -11.833964       1945.7069                 94.386552                  414.2012                        22.087273                           6.7293223             1408.3025
              1       961.01328       3.0515469       1.0469125       67.025033     0.020712723      0.10549748     0.072228303      0.99579871      0.01477812   2.1148032e-09      0.79727608       6.6568039       529.34692       1408.4005      -11.188852       -11.188852       1944.4043                 98.598526                  415.5637                        15.184698                           6.6568039             1408.4005
              9       960.28096       3.0464408       1.0494649       67.351139     0.020593102      0.10593188     0.071265329      0.99786954      0.01501605   2.1040325e-09      0.79994106       6.6965197       529.41225       1408.9288      -12.237812       -12.237812       1945.0375                 95.111081                 414.68772                        19.613451                           6.6965197             1408.9288
              5       957.91167       3.0487081       1.0457186       65.160678     0.018966392      0.10779963     0.067736983       1.0004933     0.016574715   2.1088084e-09      0.81462828       9.0861367       527.38359       1404.5165      -12.581452       -12.581452       1940.9862                  96.37986                 414.61087                        16.392863                           9.0861367             1404.5165
              7        957.2561       3.0490668       1.0461863       65.192643     0.019147454      0.10780136     0.066008379       1.0014947      0.01671222   2.1095649e-09      0.81374715       9.5483035       525.32303       1404.4852      -12.422187       -12.422187       1939.3566                 96.575207                  413.3277                         15.42012                           9.5483035             1404.4852
             12       957.32987       3.0283434       1.0416417       66.435589     0.020593537      0.10680333     0.053553343      0.99565288     0.016603216   2.0662974e-09      0.79254169       7.9592412       522.61731       1406.2614      -11.089126       -11.089126        1936.838                 103.62919                 407.18211                        11.806017                           7.9592412             1406.2614
              6       956.72104       3.0289116       1.0408936       66.512337     0.020621588      0.10670178     0.054106525      0.99717315     0.016690636   2.0674719e-09      0.79208246       7.7677105       523.16988       1406.4278      -11.961635       -11.961635       1937.3653                 102.90739                 407.23158                        13.030913                           7.7677105             1406.4278
              7       956.43349       3.0321151        1.040787        67.46792       0.0202956      0.10879035     0.049290549      0.99838185     0.017451405   2.0741055e-09      0.80851095       6.4760554       523.88136       1407.2925      -12.391448       -12.391448       1937.6499                 105.88101                 407.05367                        10.946682                           6.4760554             1407.2925
              3       956.44344       3.0321816       1.0407992       67.468405     0.020297066      0.10879772      0.04931563      0.99838813     0.017448923   2.0742435e-09      0.80856891       6.4763019       523.90764       1407.2891      -12.393072       -12.393072        1937.673                 105.87368                 407.08882                        10.945151                           6.4763019             1407.2891
              4       955.53519       3.0317592       1.0420595       67.037236     0.019958225       0.1093303     0.051824169      0.99824736     0.017386516   2.0733676e-09      0.81255138       6.4319929       522.98735       1406.3614      -12.355181       -12.355181       1935.7807                  103.3056                 407.36342                         12.31832                           6.4319929             1406.3614
             16       955.96597       3.0489314        1.049204       67.381667     0.020562678      0.10683858     0.062476261      0.99819432     0.015628984   2.1092792e-09      0.80580922       6.6369411       521.62306       1408.3521      -12.340083       -12.340083       1936.6121                 100.20251                 410.36345                        11.057091                           6.6369411             1408.3521
              7       955.12729        3.041659        1.049648       67.396894     0.020544576      0.10796038      0.06133741      0.99895504     0.015568725   2.0939953e-09      0.80872082       6.5532582       520.97705       1407.7514      -12.513567       -12.513567       1935.2817                 97.618835                 409.68938                        13.668833                           6.5532582             1407.7514
              1       956.09729       3.0426238       1.0413884       67.322142     0.020432732       0.1084431     0.058393312      0.99936481     0.016397821   2.0960166e-09      0.80967628       6.4910432       523.57772       1407.2631      -12.568644       -12.568644       1937.3319                 102.80112                 408.94612                        11.830482                           6.4910432             1407.2631
              1       954.64439       3.0294512       1.0438041       66.779499     0.020366108      0.10892768     0.046880979       1.0001344     0.017983489   2.0685877e-09      0.80674686       7.1448853        521.5153       1405.8276      -12.599477       -12.599477       1934.4877                 103.93235                 406.81855                        10.764401                           7.1448853             1405.8276
              1       957.43341       3.0205082       1.0469912       67.419294     0.021140098      0.10768064     0.037011893        1.000299      0.01982169   2.0501708e-09      0.79484208       6.9814364       526.08571       1406.9872      -12.593768       -12.593768       1940.0544                 107.46841                 409.28814                        9.3291646                           6.9814364             1406.9872
              3       956.96553       3.0285351       1.0450596       66.483496     0.019585564       0.1057253     0.050374797       0.9970642     0.023349362   2.0666935e-09      0.79687489       6.9155447       524.36135        1406.477       -11.91141        -11.91141       1937.7539                 104.37744                 407.22104                        12.762871                           6.9155447              1406.477
              4       957.20919        3.025724       1.0445595        66.49669     0.019490587      0.10599518     0.049318737      0.99695248     0.023488644   2.0608921e-09      0.79767066       6.7998566       524.93726       1406.3971      -11.857932       -11.857932       1938.1342                 104.40134                 407.15118                        13.384737                           6.7998566             1406.3971
              6        957.0211       3.0215925       1.0455832       65.579803      0.01840686      0.10874862     0.045971267      0.99910484     0.025145929    2.052395e-09      0.81520438       8.3151368       526.59442       1404.2063      -12.536817       -12.536817       1939.1158                  102.8314                 407.31663                        16.446389                           8.3151368             1404.2063
              3       957.98537       3.0212647       1.0471316       65.317999     0.018415678      0.10839506     0.046414331      0.99594994      0.02520638   2.0517224e-09       0.8130239       9.3828289       525.15097       1404.0143      -11.288681       -11.288681       1938.5481                 103.79988                 407.33467                        14.016423                           9.3828289             1404.0143
              2       956.85176       3.0216279       1.0471244       65.359043     0.018395197      0.10816802     0.046981074      0.99834162     0.025218051   2.0524677e-09      0.81234895        9.032055       525.30794       1404.1253      -12.380904       -12.380904       1938.4653                 102.06831                   407.262                        15.977638                            9.032055             1404.1253
              9       956.21952       3.0224147       1.0490001       65.511005     0.018345324        0.108216     0.046013115      0.99916168     0.025296058   2.0540832e-09      0.81428898       8.3015725         524.935       1404.2919        -12.5447         -12.5447       1937.5284                 101.62066                 407.28569                        16.028646                           8.3015725             1404.2919
              6        957.4099       3.0296658       1.0492915        65.50191     0.019084723       0.1108832     0.044801585      0.99854691     0.024892529   2.0690316e-09      0.82468507       12.060171       524.13594       1403.4877      -12.432003       -12.432003       1939.6838                 104.48449                 407.33062                        12.320828                           12.060171             1403.4877
              3       959.04206       3.0303158       1.0403428       67.314058     0.019767304      0.10961509     0.043816616      0.99926994     0.026055663   2.0703769e-09       0.8167062       6.7024717         530.776       1405.7222      -12.558283       -12.558283       1943.2007                 110.43069                 407.71045                        12.634856                           6.7024717             1405.7222
              1       959.14595       3.0263511       1.0394745       66.664932     0.019583171      0.11040007     0.042427092       1.0021818     0.025942264   2.0621848e-09      0.81806843        7.921059        530.2413       1404.5698      -12.220107       -12.220107       1942.7321                 108.19578                 407.67789                        14.367635                            7.921059             1404.5698
              1       958.89286       3.0242238       1.0394078       66.753392     0.019964061      0.11121229     0.044127467      0.99990695     0.026067874   2.0578025e-09      0.81863004       8.7913096       529.89583        1404.299      -12.600229       -12.600229       1942.9862                 107.80035                 407.37281                        14.722667                           8.7913096              1404.299
              2       958.56182       3.0321291       1.0434341       66.067111     0.019189563      0.11197868     0.049151044       1.0004361     0.026682182   2.0741347e-09      0.83041107       10.441745       528.25537       1403.5979      -12.585707       -12.585707       1942.2951                 104.36461                 407.50888                        16.381881                           10.441745             1403.5979
              1       958.30269       3.0320174       1.0441142       65.989953     0.019275196      0.11158518     0.048216152       1.0005254     0.026867593    2.073903e-09       0.8279104       11.006158       527.16809       1403.5888      -12.578841       -12.578841       1941.7631                 104.78209                 407.36053                        15.025464                           11.006158             1403.5888
              1       960.03519       3.0234912       1.0434799       65.582733     0.019546591      0.11057394     0.041846473        1.001084     0.027307062   2.0562955e-09       0.8163665        14.45944       527.21288       1403.4119      -12.506924       -12.506924       1945.0842                 106.90801                 407.65002                        12.654849                            14.45944             1403.4119
              6       959.44663       3.0201952       1.0463707       65.303341     0.019239332      0.11002791     0.042288642       1.0002914     0.027411847   2.0495291e-09       0.8146879       14.827869       525.88609       1403.3676       -12.59413        -12.59413       1944.0815                 104.73189                 407.50756                        13.646641                           14.827869             1403.3676
              5        958.9185        3.027042       1.0430098       65.711994     0.018807758      0.11102837     0.043769853       1.0007648     0.026973124   2.0636101e-09      0.82541565       10.569628       528.80698       1403.5686      -12.554123       -12.554123       1942.9452                 106.54381                 407.53169                        14.731474                           10.569628             1403.5686
             10       959.39661       3.0353881       1.0404677       65.702423     0.019877812      0.11202848     0.051395403       1.0017624     0.025270344   2.0809053e-09      0.82475696       15.191788       525.01299       1403.2933      -12.352439       -12.352439       1943.4981                 104.01918                 407.45163                         13.54218                           15.191788             1403.2933
              3       959.23809       3.0218395       1.0418121        65.86895     0.019570887      0.11229045     0.049077252      0.99843771     0.025420985   2.0529021e-09      0.82352785       12.599893       527.29529       1403.3923      -12.405661       -12.405661       1943.2875                 102.63502                 407.15721                        17.503058                           12.599893             1403.3923
              1       958.53935       3.0245091       1.0424959       66.062146     0.019524116      0.11150051     0.048645885       1.0013297     0.025588845   2.0583897e-09      0.82207272       10.838622       527.47761       1403.6814      -12.459468       -12.459468       1941.9976                 101.88857                 407.10762                        18.481421                           10.838622             1403.6814
              5       958.27235       3.0251337       1.0421005       66.176202     0.019532706      0.11165007      0.04900076      0.99989876     0.025479732   2.0596758e-09      0.82316597       10.278901       527.71452       1403.7515      -12.600102       -12.600102       1941.7449                 102.88015                  407.2037                        17.630675                           10.278901             1403.7515
              6       958.86969       3.0240878       1.0419116        66.17485     0.019533205      0.11174098     0.048662263      0.99736485     0.025562423   2.0575228e-09      0.82311384       10.350626       527.75417       1403.7254      -12.045403       -12.045403       1941.8302                 104.49572                 407.27457                        15.983886                           10.350626             1403.7254
              4       958.77204       3.0289073       1.0416175       66.009376     0.019503043      0.11102095     0.051753869      0.99732333     0.025552956   2.0674629e-09      0.82132181       10.833619       527.01922       1403.7468      -12.027757       -12.027757       1941.5996                 104.35823                 407.75076                        14.910235                           10.833619             1403.7468
             15       956.53961       3.0379965       1.0496045       66.805885      0.02028444      0.10950293     0.058163706      0.99732202     0.024991338   2.0863401e-09      0.81688395       8.6473491       523.57549       1404.9108      -12.027196       -12.027196       1937.1336                 100.20377                 409.02694                        14.344781                           8.6473491             1404.9108
              5       957.34218       3.0396679       1.0490247       66.874908     0.020253263      0.10984779     0.057900398      0.99604033     0.024981254   2.0898301e-09      0.81947758        8.451305        524.0306       1404.8957      -11.346605       -11.346605       1937.3776                 101.90128                  409.1134                        13.015916                            8.451305             1404.8957
             13       957.69609       3.0386826       1.0487284        66.79189     0.020158898      0.11009418     0.058157651      0.99600032     0.025247788   2.0877721e-09      0.82066168       8.6896066       524.63862       1404.7062      -11.321124       -11.321124       1938.0344                 101.57996                 409.28158                        13.777081                           8.6896066             1404.7062
              6       957.73984       3.0395679       1.0481438       66.696127     0.019837876       0.1106864     0.055786403      0.99648031      0.02593825   2.0896212e-09      0.82586137       8.7241995       525.53743       1404.4378      -11.609863       -11.609863       1938.6994                 103.24716                 408.77309                        13.517184                           8.7241995             1404.4378
              2       958.91891       3.0374901       1.0439708       66.675249     0.019054356      0.11206537     0.052467804        1.000626     0.025788536   2.0852839e-09      0.83582591        7.820207        530.9084       1404.2484      -12.569567       -12.569567        1942.977                 103.29677                 408.29047                         19.32116                            7.820207             1404.2484
              5       959.70401       3.0422229       1.0424081       66.362588     0.019330022      0.11238526     0.053951265       0.9965109     0.025150297   2.0951765e-09      0.83576879       9.3476934       529.49613       1403.8182      -11.627015       -11.627015        1942.662                 107.02257                 408.87029                        13.603267                           9.3476934             1403.8182
              1       957.76372       3.0453265        1.045419        66.76629     0.019399063      0.11304458     0.054280657       1.0000796     0.024048788   2.1016893e-09      0.84164779       8.3111606       528.30613        1404.111      -12.600414       -12.600414       1940.7283                  103.6901                 408.74106                        15.874974                           8.3111606              1404.111
              1       958.04466        3.040552       1.0451347       66.776504     0.019258994      0.11316944     0.050467452       1.0007437     0.024455887   2.0916786e-09      0.84127544       8.1229034       528.98334       1404.0964      -12.556677       -12.556677       1941.2027                 104.30091                 407.85938                        16.823048                           8.1229034             1404.0964
              5       958.89451       3.0413318       1.0463923       66.623729     0.019146601      0.11304194     0.050788017      0.99701813     0.024591003   2.0933104e-09      0.84178281        8.346596        529.2302       1403.9914      -11.889598       -11.889598       1941.5682                  106.2221                 408.13185                        14.876258                            8.346596             1403.9914
              9       958.94433       3.0406712       1.0466362       66.719731     0.019140764      0.11300143     0.050101628      0.99700576     0.024646818    2.091928e-09      0.84173855       8.0998258        529.4572        1404.099      -11.883683       -11.883683        1941.656                 106.39395                 408.03772                        15.025527                           8.0998258              1404.099
              5       956.68118       3.0374661       1.0457744       66.632865     0.019690034      0.11053056     0.044893619       1.0013248     0.023676401   2.0852339e-09      0.82389374       7.9697446       525.66191       1404.6517      -12.460516       -12.460516       1938.2834                 106.86008                 407.39841                        11.403415                           7.9697446             1404.6517
              1       957.36969       3.0375546       1.0459538       66.719793     0.019845006      0.10992139     0.044820494      0.99875214     0.023668149   2.0854183e-09      0.82019406       7.7947014       526.97021       1404.9272       -12.47635        -12.47635       1939.6921                 108.76666                 407.51772                        10.685836                           7.7947014             1404.9272
              6        957.7719       3.0382751       1.0440239       66.589136     0.019758374      0.10994229     0.045329555      0.99874356     0.023791886   2.0869214e-09       0.8202579       8.0552918       527.67839       1404.7594      -12.474631       -12.474631       1940.4931                 109.52866                 407.48283                        10.666901                           8.0552918             1404.7594
              3       958.44627       3.0384812       1.0439975       66.600459     0.019766336      0.10991345     0.045251746      0.99783355     0.023788284   2.0873515e-09      0.82016636        8.026022       528.53524       1404.7822      -12.225443       -12.225443       1941.3434                 110.28583                 407.54613                        10.703287                            8.026022             1404.7822
              9       956.17997       3.0374965       1.0448532       66.822429     0.020432087      0.10838977     0.047827394       1.0025943     0.023611308   2.0852972e-09      0.80851578       8.1909891       522.84663       1405.4473      -12.062483       -12.062483       1936.4849                 105.22966                 406.90963                        10.707345                           8.1909891             1405.4473
              3       956.73205       3.0432216       1.0425413       66.682224     0.020169074      0.10893141     0.049611263       1.0029676     0.023184922     2.09727e-09      0.81414108        8.180972       523.90685       1405.1691      -11.896395       -11.896395       1937.2569                 106.32752                 407.16904                        10.410286                            8.180972             1405.1691
              2       956.53424       3.0468678       1.0448241       66.078434     0.019740976      0.10949453     0.053831832       1.0009995     0.023683665    2.104931e-09      0.82048694       10.034332       523.79722       1404.2789      -12.521001       -12.521001       1938.1105                 104.80963                 408.15458                        10.833004                           10.034332             1404.2789
              3       956.65032       3.0478486       1.0448756       66.100951     0.019726976      0.10926927     0.053916324       1.0026284     0.023738085   2.1069965e-09      0.81998957       9.7987784       523.22518       1404.3732      -12.048256       -12.048256       1937.3972                 104.07042                  408.1011                        11.053659                           9.7987784             1404.3732
              1       956.39724        3.044217       1.0464279       66.501105     0.021223874      0.11053698     0.060389006       1.0015295     0.021488128   2.0993588e-09      0.81523018       12.783051       520.63937       1404.1996      -12.413773       -12.413773        1937.622                 98.539755                 409.17489                        12.924732                           12.783051             1404.1996
              7       956.34691       3.0445748       1.0459791       66.555169     0.021226161      0.11060102     0.060132943       1.0015863     0.021465229   2.1001099e-09      0.81568235       12.446556       520.80288       1404.2436      -12.399624       -12.399624       1937.4931                 98.958465                 409.11996                        12.724454                           12.446556             1404.2436
              5       956.56952       3.0419627       1.0465741       66.570644     0.021217848      0.11028064     0.058430088      0.99830291     0.022463502   2.0946315e-09      0.81357633        12.56152       521.03989       1404.2787      -12.370514       -12.370514       1937.8801                 101.23875                 408.60214                        11.199003                            12.56152             1404.2787
              1       956.44879       3.0453001       1.0467544        66.64839      0.02131428      0.10972132     0.057160106        0.998606     0.022432645   2.1016338e-09      0.81183637       12.151277       521.12135       1404.5159      -12.445462       -12.445462       1937.7885                 102.96335                 408.18772                        9.9702836                           12.151277             1404.5159
              1       958.36863       3.0547977       1.0449501        66.68536     0.021626567      0.10828854     0.065369325      0.99838846      0.02193205   2.1216893e-09      0.80597299       12.305205       524.22258       1404.9958      -12.393158       -12.393158       1941.5236                   102.412                 411.54849                        10.262093                           12.305205             1404.9958
             18       959.93914       3.0555122        1.047833       66.237259     0.022093861      0.10789164      0.06766171      0.99814013      0.01996562   2.1232057e-09      0.80031161       17.002645       522.97633       1404.5477      -12.324192       -12.324192       1944.5267                 99.921409                 412.10423                        10.950691                           17.002645             1404.5477
              3       957.80964       3.0457557       1.0378802       66.262651     0.020324258      0.11187594     0.056684987       1.0013418     0.021564152   2.1025914e-09      0.82522072       11.420755        525.2783        1403.834      -12.456886       -12.456886        1940.533                 104.65764                 408.87958                        11.741077                           11.420755              1403.834
              1       957.88978       3.0475375       1.0369697        66.41466      0.02066152      0.11297972     0.058747041       1.0014667     0.019738698   2.1063412e-09         0.82856       11.654485       525.22849       1403.7542      -12.428829       -12.428829       1940.6372                 103.79442                 409.50966                        11.924415                           11.654485             1403.7542
              1       959.07712       3.0410216       1.0386753       66.103612     0.020448507      0.11343497     0.056181029       1.0047816     0.019965441   2.0926611e-09      0.82914343       13.152042       523.10022       1403.4456      -10.771832       -10.771832       1939.6979                 100.16098                 408.32279                        14.616448                           13.152042             1403.4456
             14        959.3967       3.0138711       1.0328193       67.076839     0.021204703      0.11190368     0.045998624       1.0015687     0.020641218   2.0366086e-09      0.80679493       9.4189552       529.63193       1404.5506      -12.404055       -12.404055       1943.6015                 103.65588                 406.57884                        19.397211                           9.4189552             1404.5506
              2       959.24558        3.020274       1.0328522       67.297544      0.02154368       0.1114461     0.050115736       1.0017137     0.020795669   2.0496908e-09      0.80556183       9.3045236       529.05126       1404.8674      -12.365983       -12.365983       1943.2231                 103.17039                 406.52138                        19.359478                           9.3045236             1404.8674
              2       959.22111       3.0201956       1.0329578       67.306377     0.021551797      0.11138703     0.049915569      0.99658352     0.020808261   2.0495301e-09      0.80525759       9.2704853       527.60989       1404.8961      -11.667138       -11.667138       1941.7765                 106.57107                 406.72174                        14.317078                           9.2704853             1404.8961
             10         958.349       3.0279696       1.0327207        67.78161     0.022134541      0.11161502     0.050726046      0.99724602     0.019506102   2.0655251e-09      0.80644794       8.5567777       526.70087       1405.4287      -11.994167       -11.994167       1940.6863                 108.28032                 406.76657                        11.653974                           8.5567777             1405.4287
              1        958.8235       3.0446201       1.0317177       67.569099     0.021998064      0.10725511     0.055240279       1.0009593     0.019738298    2.100205e-09      0.79219705       8.0655729       527.56402        1407.072      -12.527308       -12.527308       1942.7016                 109.91415                 407.48205                        10.167815                           8.0655729              1407.072
              1       958.89146       3.0399814       1.0318768       67.239704     0.021867258      0.10720369     0.055957179        1.000412     0.019378875   2.0904854e-09      0.79013271       8.8924691       527.48799       1406.5771      -12.587339       -12.587339       1942.9576                 108.02097                  407.5787                        11.888315                           8.8924691             1406.5771
              2       958.65506       3.0376297       1.0328121       67.358144     0.021672623       0.1075832     0.054614226       1.0022718     0.019548978   2.0855751e-09      0.79299894       8.0614927       526.93773        1406.687      -12.188034       -12.188034       1941.6862                 106.36199                  407.2203                        13.355435                           8.0614927              1406.687
              9       958.66382       3.0485891       1.0363375       67.454891     0.021924144      0.10710626     0.059504006        1.002863     0.019851453   2.1085574e-09      0.79466117       8.2735714        525.9993       1406.9452      -11.945201       -11.945201        1941.218                 105.09983                 408.59262                        12.306849                           8.2735714             1406.9452
              6       960.62872       3.0294773       1.0375696       68.635649     0.022414646      0.10706081     0.053366638      0.99595437     0.021662686   2.0686417e-09      0.78724734       6.8119039       528.09075       1408.9379      -11.291549       -11.291549       1943.8405                 107.45755                  406.9043                        13.728905                           6.8119039             1408.9379
              8       960.16579       3.0305013       1.0390444       68.644875     0.022576553      0.10686881     0.053546576      0.99601837     0.021304597   2.0707611e-09      0.78601132       6.9033639       527.05219       1409.0413      -11.332652       -11.332652       1942.9969                 106.96976                 406.83535                        13.247078                           6.9033639             1409.0413
              8       961.26875       3.0445401       1.0426241       68.993541     0.022907287      0.10701679     0.065071474      0.99548655     0.019032104   2.1000371e-09      0.79156215       6.8836988       527.59814       1409.9981      -10.971224       -10.971224       1944.4799                 102.90382                 410.29317                         14.40116                           6.8836988             1409.9981
              4       959.25044       3.0620481       1.0420598       69.611896     0.024186837       0.1077946     0.062172643       1.0023936      0.02224082   2.1371282e-09       0.7957481       7.2597002       525.95225       1409.5741      -12.142562       -12.142562        1942.786                 106.75383                 408.69236                        10.506068                           7.2597002             1409.5741
             11       959.24437       3.0629256       1.0419711       69.639482     0.024205677      0.10775169     0.062457145        1.001874     0.022214693   2.1390044e-09      0.79578948       7.2406467       526.22764       1409.6604      -12.319982       -12.319982       1943.1287                 107.26153                  408.8509                        10.115207                           7.2406467             1409.6604
             13       959.20396       3.0590639        1.042994       69.851149     0.024526434      0.10732979     0.058578075       1.0000573     0.022407609   2.1307602e-09      0.79085771       7.2899963       526.11187       1410.2074      -12.600659       -12.600659       1943.6092                 109.49517                 407.50832                        9.1083737                           7.2899963             1410.2074
              2       958.14108       3.0512149       1.0425188       68.874506     0.023713518      0.10767432     0.054385143       1.0022946     0.022806577   2.1141014e-09      0.79246399       8.2324847       524.25939       1408.1497      -12.179702       -12.179702       1940.6416                 108.00429                 406.72574                        9.5293548                           8.2324847             1408.1497
              1       958.76143       3.0377818       1.0374699       68.786878      0.02299693      0.10998288     0.053297973      0.99998924     0.024542119   2.0858923e-09      0.80184791       7.8006006       528.05539       1406.8687      -12.600913       -12.600913       1942.7247                 107.83727                 406.90609                        13.312028                           7.8006006             1406.8687
              2       958.76772        3.041775       1.0428458        69.38825     0.023270114      0.10901085     0.056990814       1.0005653     0.024419177   2.0942383e-09      0.80000679         6.91537       527.27846       1408.4923      -12.575361       -12.575361       1942.6862                 104.20684                 407.34448                        15.727141                             6.91537             1408.4923
              6       959.61849       3.0502766       1.0437552       69.254679     0.024246684      0.10776149     0.062265052       1.0008436     0.024679421   2.1121186e-09      0.79064503        8.543576        527.4685       1408.3129      -12.543984       -12.543984       1944.3249                 103.60029                 408.44974                        15.418462                            8.543576             1408.3129
              1       959.23879       3.0498158       1.0442835       69.017862     0.024113135      0.10803126     0.061943219        1.000952      0.02493512   2.1111455e-09      0.79232891       9.2172878       526.62218        1407.695      -12.528425       -12.528425       1943.5344                 103.26922                 408.37694                        14.976026                           9.2172878              1407.695
              8       959.08875       3.0485691       1.0447624       69.020032     0.024163789      0.10817883     0.060023393       1.0021755     0.024832765   2.1085151e-09      0.79236296       9.3559997       525.65684       1407.6093      -12.222301       -12.222301       1942.6221                 103.02659                 407.64725                        14.982993                           9.3559997             1407.6093
              6       959.44503       3.0479817       1.0440002       68.979096     0.024154874      0.10826649     0.059850722        1.002559     0.024770745    2.107277e-09      0.79227683       9.5155417       526.03459        1407.494      -12.077028       -12.077028       1943.0441                  102.9972                 407.58173                        15.455648                           9.5155417              1407.494
              4       960.06406       3.0514876       1.0426639        68.86872     0.024262468      0.10833553     0.061894733        1.002509     0.024707396    2.114678e-09      0.79259339       10.361736        526.7684       1407.1926      -12.097308       -12.097308       1944.3227                 103.43328                 408.28287                        15.052243                           10.361736             1407.1926
             23       959.95338        3.062387       1.0494714       67.027417     0.022835797      0.10880745     0.067187344      0.99923408     0.024623948   2.1378527e-09      0.80614378       17.237793       523.16909       1404.6079      -12.553991       -12.553991       1945.0147                 102.02616                 411.68899                        9.4539314                           17.237793             1404.6079
              1       961.12263       3.0650639       1.0485465       66.702555     0.022685673      0.10808465     0.068024329       1.0013925     0.024762828   2.1435832e-09      0.80353649       19.042734        523.6263       1404.4678      -12.445799       -12.445799       1947.1369                 101.51617                 412.08483                        10.025302                           19.042734             1404.4678
              2       961.02337       3.0654183       1.0488298       66.712442     0.022675038      0.10802984     0.068106228        1.001405     0.024768425   2.1443431e-09      0.80359477       18.843811        523.5889          1404.5      -12.443003       -12.443003       1946.9327                 101.46231                 412.14458                        9.9820109                           18.843811                1404.5
              6       960.12152       3.0617356       1.0487959       66.851694      0.02274825      0.10755129     0.065492955       1.0005524     0.024755779   2.1364606e-09      0.79962114       17.629614       522.95064       1404.8158      -12.576511       -12.576511       1945.3961                 102.50281                 410.72576                        9.7220754                           17.629614             1404.8158
              6       960.59852       3.0654044       1.0497493       67.159501      0.02305113      0.10707129     0.068248775       1.0029311     0.024452838   2.1443132e-09      0.79769135       16.089202        523.5789       1405.3562       -11.91361        -11.91361       1945.0243                 100.27623                 411.70525                        11.597428                           16.089202             1405.3562
              5       963.70286       3.0754709       1.0498772       67.806392     0.024199441      0.10402427     0.071750583       1.0015363     0.025128116    2.166008e-09      0.78033772        15.47175        529.4625       1407.2957      -12.412097       -12.412097       1952.2299                 103.46668                 412.83258                        13.163242                            15.47175             1407.2957
              3       962.86958       3.0725977       1.0495589       67.799862     0.024049514      0.10427711     0.070388182       1.0014285     0.025193418   2.1597935e-09      0.78141316       14.940082       528.45593       1407.2185      -12.437682       -12.437682       1950.6145                 103.48665                 412.18777                        12.781518                           14.940082             1407.2185
              5       962.80765       3.0843113       1.0489366       67.767649      0.02366558      0.10452185     0.075079165       1.0020597     0.024332623   2.1852412e-09      0.78941389       13.022244       529.76064       1407.3555      -12.261546       -12.261546       1950.1384                 104.15604                 415.47251                        10.132094                           13.022244             1407.3555
             21       962.81873       3.0848245       1.0486793       67.746847      0.02367591      0.10477179     0.075015353       1.0021818     0.024285621    2.186363e-09      0.79069096       13.287861       529.60707       1407.1827      -12.220089       -12.220089       1950.0776                 104.32526                 415.47642                        9.8053931                           13.287861             1407.1827
              5       962.63143       3.0742939       1.0479847       67.014516     0.023160814       0.1055608     0.070988177       1.0005269     0.024844572     2.16346e-09      0.79205787        17.29895       527.46581       1405.6555       -12.57871        -12.57871       1950.4203                 104.31448                   413.493                        9.6583415                            17.29895             1405.6555
              3       962.74166       3.0844258       1.0449904       67.361145     0.022897164      0.10748804      0.06878592       1.0020472     0.024688462   2.1854914e-09      0.80759609        14.03533       530.44121       1405.5381       -12.26565        -12.26565       1950.0146                 108.84619                 413.10059                        8.4944279                            14.03533             1405.5381
              2       964.39527       3.0899737        1.044536       68.142094     0.024737671       0.1060168     0.074558399       1.0017977     0.023249997     2.19765e-09      0.79149775       15.377105        531.1753       1406.9229      -12.342393       -12.342393       1953.4753                 108.08636                 414.85721                        8.2317271                           15.377105             1406.9229
              4       966.15024        3.089394       1.0444427        68.05134     0.024732837      0.10607789     0.073855362      0.99737978     0.023127757   2.1963763e-09      0.79133372       16.065639       533.59884       1406.7394      -12.051676       -12.051676       1956.4038                 111.21829                 414.78321                        7.5973403                           16.065639             1406.7394
              7       963.48591       3.0807733       1.0385773        69.17423     0.023892354      0.10693599      0.07420137       1.0017779     0.026143975   2.1775235e-09      0.79945855       8.2042475       534.89152       1408.5721      -12.348043       -12.348043       1951.6679                 108.73767                 415.62146                        10.532388                           8.2042475             1408.5721
             14       961.20015       3.0670528       1.0394334       69.380115     0.022949915      0.10757858     0.064184071       1.0018118     0.026923486   2.1478507e-09       0.8045478       6.9579632       531.03768       1409.0813      -12.338323       -12.338323       1947.0769                  109.7314                 410.70417                        10.602099                           6.9579632             1409.0813
              2       960.69224       3.0595659       1.0405601       69.358829     0.023093388      0.10588778     0.060497161       1.0004236     0.026426468     2.13183e-09      0.79221132       6.9995323       529.44862       1410.1095      -12.586566       -12.586566       1946.5576                 110.25387                 408.85121                        10.343548                           6.9995323             1410.1095
              4       961.93491       3.0413506       1.0350996       69.033733     0.022856459      0.10736871     0.056418937      0.99777274     0.027438086   2.0933498e-09      0.79179427       7.1297127       532.75233       1408.3959      -12.204069       -12.204069        1948.278                 111.15587                 407.75973                        13.836731                           7.1297127             1408.3959
              1       964.09608          3.0274       1.0369222       68.651629     0.021722976      0.10801566     0.053906192       1.0013374     0.028081858    2.064349e-09      0.79690881       6.6525438       538.70269       1407.7526      -12.457838       -12.457838       1953.1078                 104.77382                 407.17199                        26.756874                           6.6525438             1407.7526
              1       965.30508       3.0109382       1.0399657       69.066149     0.022455987      0.10858564       0.0451226      0.99442134     0.027706189   2.0306443e-09      0.79009258       6.7453936       536.12783       1407.9593      -10.111202       -10.111202       1950.8326                 108.84457                   407.196                        20.087248                           6.7453936             1407.9593
              5       965.05198       3.0185274       1.0364062       69.355372     0.022149913      0.10890086     0.042873473      0.99504619     0.025887984   2.0461138e-09      0.79595952       6.7662371       535.72208        1408.891      -10.637703       -10.637703       1951.3794                 113.44975                 407.86334                        14.408993                           6.7662371              1408.891
              7       965.37799       3.0185636       1.0354725       69.493742     0.022467453      0.10900366     0.045808265      0.99481048     0.025724721   2.0461878e-09      0.79434392       6.7335213       535.93347       1408.9819      -10.446433       -10.446433       1951.6489                  111.8919                 407.24504                        16.796529                           6.7335213             1408.9819
              3       966.13667       3.0184574       1.0350441       69.581027     0.022476254      0.10870657     0.046459961      0.99464415     0.025872831   2.0459707e-09      0.79289139       6.8587697       536.69319       1409.3336      -10.306109       -10.306109       1952.8856                  111.8402                 407.18357                        17.669413                           6.8587697             1409.3336
              3       965.26897       3.0182989        1.035245       69.620454     0.022476031      0.10904266      0.04734269      0.99819055     0.025819862   2.0456463e-09      0.79462247       6.8648044       539.12335       1409.2278      -12.338993       -12.338993       1955.2159                 108.56073                 406.89653                        23.666085                           6.8648044             1409.2278
              5       961.77403        3.041398       1.0404236       69.827192     0.022275099      0.10887198     0.053724184       1.0002334     0.024026732   2.0934489e-09      0.80618135       8.0900668       530.35048       1410.3007      -12.596564       -12.596564       1948.7412                 107.33788                 407.25825                        15.754347                           8.0900668             1410.3007
              5       961.80703       3.0418854        1.039866       69.777055     0.022202812      0.10910101     0.053889559       1.0003111     0.024090803   2.0944695e-09       0.8077238       8.0095892       530.73016       1410.0607      -12.593178       -12.593178       1948.8004                 107.52823                 407.33654                        15.865392                           8.0095892             1410.0607
              6       962.35624       3.0443062       1.0388687       69.729879     0.022017861      0.10925086     0.053749683      0.99787771     0.024424455    2.099546e-09      0.81035077       8.1510107       531.13849       1409.9042      -12.240594       -12.240594       1949.1937                 110.48977                 407.65663                        12.992089                           8.1510107             1409.9042
              3       963.43426       3.0369305       1.0397093       69.752929     0.021938813      0.10967353     0.052645191      0.99610736     0.023613331   2.0841172e-09      0.81016916       8.3885191       531.36484       1409.8926      -11.388711       -11.388711       1949.6459                 109.21239                 407.39619                         14.75627                           8.3885191             1409.8926
              7       958.04882       3.0374435       1.0462762       68.355885     0.022100726      0.10743263     0.045720759      0.99833493     0.023829955   2.0851867e-09      0.79676639       6.9944256       525.94403       1407.9174      -12.379125       -12.379125       1940.8559                 110.10067                 407.19156                           8.6518                           6.9944256             1407.9174
              2       958.70386       3.0403203       1.0482361        68.68911     0.022610289      0.10614787     0.046480664      0.99786497     0.023122655   2.0911939e-09      0.78932266       6.9874919       525.64306       1409.2497      -12.236255       -12.236255       1941.8802                 110.30415                 407.07232                        8.2665867                           6.9874919             1409.2497
              1       958.01367       3.0465038       1.0435496       68.271357     0.022881725      0.10544229     0.052865371       1.0015451     0.022415774    2.104165e-09      0.78378419        8.023407       524.15213       1408.6717      -12.409934       -12.409934       1940.8472                 107.59919                 406.60404                        9.9489017                            8.023407             1408.6717
              5       957.83911       3.0501863       1.0434508       68.313241     0.022751985      0.10562862      0.05491095       1.0016919     0.022351338   2.1119278e-09      0.78710419       7.6696816       524.00823       1408.7442      -12.371933       -12.371933       1940.4221                 107.28594                 406.99104                        9.7312561                           7.6696816             1408.7442
              1        958.0612       3.0445013       1.0405603       68.660451     0.022458932      0.10679945     0.053153696       1.0013753     0.021695211   2.0999556e-09      0.79256444       6.8336278       525.06337       1409.1246      -12.449605       -12.449605       1941.0216                 107.66456                  406.9168                        10.482018                           6.8336278             1409.1246
             12       959.11272       3.0424742        1.035737       68.039957     0.022490596      0.10632361     0.049759086       1.0012927     0.020779006   2.0957031e-09      0.78601423       7.7484259       527.27393       1408.1376      -12.467243       -12.467243       1943.1599                 111.49999                  406.6957                        9.0782396                           7.7484259             1408.1376
              6       957.57502       3.0362492       1.0381629        67.99889     0.022522256      0.10793226     0.050899803       1.0004077     0.021069897   2.0826979e-09      0.79195317       8.2049123       525.01104       1407.1093      -12.587624       -12.587624       1940.3253                 107.67007                 406.56739                        10.773578                           8.2049123             1407.1093
              8       957.11938       3.0516368       1.0456271       68.557507     0.023488187      0.10624144     0.059554994      0.99930375     0.017388651   2.1149935e-09      0.78609745       7.6539549        522.3484       1409.3607      -12.562141       -12.562141        1939.363                 104.75116                 407.64514                        9.9521051                           7.6539549             1409.3607
              4       956.67417       3.0545766       1.0459688       68.280031     0.023195631       0.1067988     0.062112706      0.99939436     0.016795318   2.1212202e-09      0.79130412       7.7517187        522.0926       1408.6472      -12.571578       -12.571578       1938.4915                 103.62139                 408.69439                        9.7768198                           7.7517187             1408.6472
              9       956.96647       3.0560778       1.0461853       68.273968     0.023316787      0.10654468     0.062914129      0.99941097      0.01666154    2.124407e-09      0.78983416       7.9379086       522.40447       1408.7369      -12.573165       -12.573165       1939.0793                 103.61036                 408.93365                        9.8604598                           7.9379086             1408.7369
              3       956.72062       3.0542299       1.0464334       68.310075     0.023293471      0.10661413     0.061679331       1.0017543     0.016639841    2.120485e-09      0.78977321       7.8090087       521.54529       1408.7964      -12.354708       -12.354708       1938.1507                 102.12765                 408.30366                         11.11399                           7.8090087             1408.7964
              4       958.14349       3.0571235       1.0466076       68.074159     0.023392035      0.10687832     0.067154301       1.0021191     0.016634675   2.1266297e-09      0.79101972       8.7753033        523.9457       1408.0494      -12.241691       -12.241691       1940.7704                 99.442637                 410.55752                        13.945549                           8.7753033             1408.0494
              9       957.86469       3.0418052       1.0439441       67.910454     0.023285839      0.10755372      0.06190044      0.99994868     0.017462309   2.0943016e-09      0.78796548       9.5841609       524.08416       1407.2625      -12.600711       -12.600711       1940.9308                 99.987647                 408.28432                        15.812196                           9.5841609             1407.2625
              2       958.09378       3.0412849       1.0434039       67.742728     0.023199065      0.10738733     0.060936123       1.0007784     0.017559914   2.0932121e-09      0.78694948       10.114159       524.13494       1407.0434      -12.552451       -12.552451       1941.2925                  100.0622                 407.95809                        16.114655                           10.114159             1407.0434
              1       958.36818       3.0459932         1.04353       68.399082     0.023609227      0.10722459     0.063768538      0.99969775     0.016692477   2.1030908e-09      0.78679691       8.2746294        525.2138       1408.4352      -12.593613       -12.593613       1941.9236                 100.82839                 408.92399                         15.46142                           8.2746294             1408.4352
              1       961.38881       3.0475889       1.0416684       68.329395     0.023883861      0.10744761       0.0679239       1.0013136     0.016847634   2.1064495e-09      0.78598755       9.2676916       530.46711       1407.9686      -12.462888       -12.462888       1947.7034                 98.740604                 410.61985                        21.106652                           9.2676916             1407.9686
              7       957.71334       3.0427871        1.045178       68.675297     0.024010992      0.10892352     0.062454844      0.99702249     0.017647674   2.0963589e-09      0.79261794       8.7024217       522.81392       1407.6937      -11.891676       -11.891676         1939.21                 101.30794                 408.38983                        13.116158                           8.7024217             1407.6937
              7       955.98913       3.0321574        1.043622       69.087912      0.02400262      0.11129699     0.052401639      0.99913343      0.01864454   2.0741932e-09      0.80075298       7.9591955       521.95282       1407.1479      -12.540846       -12.540846         1937.06                  103.1052                 406.22956                        12.618062                           7.9591955             1407.1479
              4       956.45707       3.0370496       1.0425952       68.333006     0.023796495      0.11147654     0.050478511       1.0007758     0.019393397   2.0843655e-09      0.80278715       10.936093       521.37803       1405.7056      -12.552774       -12.552774       1938.0197                 105.22342                  406.2698                        9.8848143                           10.936093             1405.7056
              1       955.43576       3.0284475       1.0481712       68.695444     0.023960999      0.11191615      0.04555348       1.0006167      0.01879125   2.0665125e-09      0.80294778       9.5523833       520.32908        1406.131      -12.570494       -12.570494       1936.0125                 103.28636                 406.71025                        10.332476                           9.5523833              1406.131
              9       954.74929       3.0326906       1.0487153       68.965559     0.024212267      0.11167153     0.049387791       1.0011809     0.018117193   2.0752995e-09      0.80256094        8.824148       518.94953       1406.7036      -12.489353       -12.489353       1934.4773                 101.57748                 406.13144                        11.240609                            8.824148             1406.7036
             12       954.72979       3.0251116       1.0494151       68.614833     0.024337936      0.11327449     0.052018911      0.99851688     0.016992768   2.0596303e-09       0.8053674       11.069817       517.74393       1405.4957      -12.424949       -12.424949       1934.3095                 98.280861                 405.87669                        13.586372                           11.069817             1405.4957
              3       955.39713       3.0319009       1.0481479        68.79579     0.024791563      0.11184942     0.053158752       1.0004932     0.017257335   2.0736614e-09       0.7984623        11.20728       518.58428       1406.1656      -12.581464       -12.581464       1935.9572                 99.578219                 405.83463                        13.171432                            11.20728             1406.1656
              4       954.84025       3.0372866       1.0496909       68.678391     0.024721825      0.11146482     0.054194544       0.9996925     0.016954251   2.0848597e-09      0.79933488       11.368379       517.29971       1406.1991      -12.593357       -12.593357       1934.8672                 100.44608                 406.00254                        10.851093                           11.368379             1406.1991
              1       955.53027       3.0344872       1.0482576       68.501145      0.02464435      0.11202359     0.050595241       1.0007345     0.017390818   2.0790315e-09      0.80056976       12.588443        517.9435       1405.6441      -12.557767       -12.557767       1936.1761                  101.6868                 405.93252                        10.324181                           12.588443             1405.6441
              7       954.54175       3.0328953        1.048618       68.697831     0.024294943      0.11444712     0.051719187      0.99892372     0.017435279   2.0757245e-09      0.81440652       11.133482       517.81681       1405.1497      -12.508251       -12.508251          1934.1                 100.80508                 406.06472                           10.947                           11.133482             1405.1497
              9        956.3881       3.0321475       1.0484865       69.372214     0.023916275      0.11539046     0.051814724      0.99556753     0.018143623   2.0741727e-09      0.82307737       7.9095877       521.02385       1405.9011      -11.029176       -11.029176       1934.8346                 102.58113                 406.40045                        12.042278                           7.9095877             1405.9011
             13       955.51787       3.0325544       1.0484187       69.300653     0.023861004      0.11539575     0.051896276      0.99680619     0.018223863    2.075017e-09      0.82343667       8.0358197        520.7754       1405.7943      -11.784887       -11.784887       1934.6055                 101.85481                 406.37766                        12.542935                           8.0358197             1405.7943
             14       956.98055       3.0283888       1.0446679       69.375422     0.024078133      0.11501321     0.047259262      0.99675979     0.018516733   2.0663912e-09      0.81750801       8.0808092       523.45229         1405.95      -11.761004       -11.761004       1937.4831                 105.56344                 406.65149                        11.237369                           8.0808092               1405.95
              4       957.35136       3.0267177       1.0434436       69.372416     0.023909093      0.11567824     0.047851075        0.996665     0.018617649    2.062941e-09      0.82069172       7.9751478       524.41911       1405.7307      -11.711143       -11.711143        1938.125                 105.02491                 406.57673                        12.817463                           7.9751478             1405.7307
             26       956.79931       3.0325435       1.0477149       68.212677     0.022979165      0.11782598     0.053291893       1.0003562     0.020564103   2.0749942e-09      0.83786094       12.404475        522.6337        1403.742      -12.590771       -12.590771       1938.7802                 98.309915                 406.60646                        17.717326                           12.404475              1403.742
              1       958.33141       3.0323677       1.0487019       67.804492     0.023062502      0.11873631     0.053783888      0.99676202     0.020141622   2.0746295e-09      0.84038201       16.066209       520.82091          1403.3      -11.762159       -11.762159       1940.1871                 99.439833                 406.74056                        14.640513                           16.066209                1403.3
              9       958.70487        3.022686       1.0476225       68.073976     0.023789136      0.11775287     0.050826518      0.99579359     0.019736985   2.0546405e-09      0.82731021       16.329957       519.91844       1403.5322      -11.185409       -11.185409       1939.7806                 99.810276                 406.13187                        13.976297                           16.329957             1403.5322
              8       959.58257       3.0249198       1.0499072       68.650979     0.024446498      0.11757105     0.053080737       1.0049731     0.019184353   2.0592352e-09      0.82533773        14.48631       521.95962        1403.964      -10.622382       -10.622382       1940.4099                 92.667079                 405.68892                        23.603614                            14.48631              1403.964
             12       956.54104       3.0305065       1.0456589       69.796993     0.025141334      0.11615903     0.056157581      0.99843065     0.017633259   2.0707719e-09      0.81798212       9.0505521       522.99049       1405.8488      -12.403892       -12.403892       1937.8899                 98.961655                 406.31889                        17.709941                           9.0505521             1405.8488
              9       954.94531       3.0451262       1.0475687       69.552803     0.025142634      0.11517288     0.057514316       1.0003878     0.018172058   2.1012682e-09      0.81937825       10.019666       519.26555       1405.7832       -12.58889        -12.58889       1935.0684                 100.90271                  406.6863                        11.676539                           10.019666             1405.7832
              5       954.97237       3.0452609       1.0476281       69.537034     0.025136159      0.11511084     0.057530858       1.0008726     0.018215712   2.1015514e-09      0.81916752       10.065634       519.17919       1405.7799      -12.540004       -12.540004       1935.0248                 100.62321                 406.68106                        11.874921                           10.065634             1405.7799
             11       955.08623       3.0452349        1.047631        69.53722     0.025138692      0.11510321     0.057551842      0.99929413     0.018210549   2.1014967e-09      0.81910496       10.067045       519.44463       1405.7829      -12.561061       -12.561061       1935.2946                 101.60563                 406.78794                        11.051068                           10.067045             1405.7829
              6       958.62172       3.0305172       1.0415603       69.535373     0.025085694      0.11966804     0.052993785       1.0032675     0.016392962   2.0707941e-09      0.83222215       11.209344       525.10708       1404.4207      -11.746819       -11.746819       1940.7371                 98.723981                 405.95553                        20.427573                           11.209344             1404.4207
              3       958.32818       3.0386076       1.0437134       69.028333     0.025211732      0.11919441     0.058917416       1.0036129      0.01641016   2.0876155e-09      0.83182979       14.771354       521.03893       1403.9595      -11.556688       -11.556688       1939.7697                 96.445642                 406.79696                        17.796337                           14.771354             1403.9595
              2       955.90887       3.0555934       1.0487384       69.905452     0.025771972      0.11913033     0.067594605      0.99933024     0.014250521   2.1233782e-09      0.83868572       10.729108       521.16546       1405.0532      -12.565036       -12.565036       1936.9478                 97.660664                 410.19498                        13.309811                           10.729108             1405.0532
              6       955.93573        3.053188        1.047453       69.859342     0.025873807      0.11891696     0.066548565       1.0002713      0.01428305   2.1182768e-09      0.83544428       11.099731       520.93883        1405.023      -12.595035       -12.595035       1937.0615                 97.523665                 409.56633                        13.848827                           11.099731              1405.023
              2       959.34505       3.0549245       1.0433189       70.125482     0.025719267      0.11803543     0.062739045      0.99469158     0.014293133   2.1219584e-09      0.83244383       9.1376302       524.44089       1405.8047      -10.346576       -10.346576       1939.3832                 105.92639                 408.64411                        9.8703902                           9.1376302             1405.8047
              6       955.95462       3.0528418       1.0432464       69.794482     0.024932493      0.11818494      0.05999167       1.0001692     0.015535296   2.1175435e-09      0.83683481        9.055722       522.66449       1405.3863      -12.598633       -12.598633       1937.1065                 103.04322                 407.82511                        11.796167                            9.055722             1405.3863
              5       955.98446       3.0529232       1.0431749       69.798043      0.02493048      0.11819987     0.060003829       1.0001772     0.015535827   2.1177159e-09      0.83693714       9.0464815       522.73242       1405.3868      -12.598409       -12.598409       1937.1657                 103.08435                  407.8439                        11.804169                           9.0464815             1405.3868
             22       958.26996       3.0619206       1.0448667       69.937121     0.025925072       0.1171736     0.067659075      0.99680782     0.016129902   2.1368559e-09      0.83031689       10.748218       523.81816        1405.545       -11.78572        -11.78572       1940.1114                 103.35198                 410.56725                        9.8989354                           10.748218              1405.545
              4       958.58293        3.056796       1.0463952        69.50592     0.025436913      0.11916559     0.063175518      0.99674883     0.018123302   2.1259334e-09      0.84047847       13.459504       522.92989       1404.2871      -11.755312       -11.755312       1940.6765                 103.12219                 408.94181                        10.865894                           13.459504             1404.2871
              6       958.06636       3.0516858        1.046426       69.532174     0.025348623      0.11873463     0.060795308      0.99647726     0.018318165   2.1150971e-09      0.83704838       12.715188       522.18817       1404.4457      -11.608144       -11.608144        1939.349                 103.19396                  408.0157                         10.97851                           12.715188             1404.4457
             22       958.05112       3.0586948       1.0476613       70.121895     0.025843855      0.11613383     0.060293524       1.0047226     0.021331252   2.1299738e-09      0.82712839       10.923187        521.1493       1405.6632      -10.816712       -10.816712       1937.7357                 101.23444                 407.37996                        12.534893                           10.923187             1405.6632
              4       958.20542       3.0608684       1.0476935       70.052754     0.025883367      0.11616393     0.062209211       1.0048005     0.020987556   2.1346086e-09      0.82765974       11.315164       521.04152       1405.5688       -10.75733        -10.75733       1937.9255                 100.58528                  407.9431                        12.513139                           11.315164             1405.5688
             10       959.11276       3.0596559       1.0471356        69.41014     0.025131906      0.11597779     0.060880785       1.0046137     0.023609569    2.132022e-09      0.82986975       13.473616       521.82888       1404.7191      -10.898056       -10.898056       1940.0216                 101.62964                  407.9625                        12.236737                           13.473616             1404.7191
              2       958.49352       3.0678703         1.04779       69.390621     0.025322076      0.11521427     0.061368447       1.0048954     0.020679796   2.1496073e-09      0.82789463       12.660131       520.52276       1405.1717      -10.683747       -10.683747       1938.3545                 103.10055                 408.05063                        9.3715748                           12.660131             1405.1717
             11       957.46996       3.0557647       1.0447375       70.084338     0.025587945      0.11659439      0.05642586       1.0046074     0.018764237   2.1237419e-09      0.82818766       9.7076734       521.21135       1405.8263      -10.902692       -10.902692       1936.7453                 103.55468                 406.62168                        11.034983                           9.7076734             1405.8263
              5       956.89768       3.0353485       1.0468112       70.250107     0.024887155      0.11756041     0.048744143       1.0036214     0.016391866   2.0808227e-09       0.8296093       7.5676588       523.03945       1406.2917      -11.551735       -11.551735       1936.8988                 101.07829                 406.24993                        15.711227                           7.5676588             1406.2917
              1       957.40393       3.0357493       1.0470951       70.491557     0.025033685      0.11708521     0.046924209       1.0036459     0.016899348    2.081657e-09      0.82743582       7.3038307       523.77548       1406.8036      -11.537539       -11.537539       1937.8829                 102.56654                 406.60178                        14.607169                           7.3038307             1406.8036
              1         958.911       3.0351018       1.0432453       70.239455     0.024921995      0.11672547     0.045397333       1.0036956     0.019601323   2.0803096e-09      0.82480408       7.8914595       526.74689       1406.2003      -11.508309       -11.508309       1940.8386                 105.53672                 406.95654                        14.253631                           7.8914595             1406.2003
              1       958.86594       3.0369008       1.0440222       69.946491     0.024256345      0.11582486     0.045642882       1.0033854     0.021581488   2.0840554e-09      0.82562075       7.7844473       527.20278       1406.1127      -11.684039       -11.684039          1941.1                 106.14285                 407.00357                        14.056365                           7.7844473             1406.1127
              5       959.86811       3.0269802       1.0441752        69.89293     0.024195175      0.11585333      0.04142572       1.0030179     0.021655589   2.0634826e-09      0.82200571        7.720358       529.73309       1406.0274      -11.872298       -11.872298       1943.4808                  106.1217                 407.98873                        15.622666                            7.720358             1406.0274
              4         958.843       3.0345803       1.0455986       69.982384     0.024603921      0.11539327     0.045246706       1.0041282     0.021396887   2.0792249e-09      0.82087896       8.0381142       525.89004        1406.233      -11.237577       -11.237577       1940.1612                 104.68545                 406.99422                        14.210369                           8.0381142              1406.233
              3       959.34332       3.0392597       1.0431195       69.161512     0.023876486      0.12007746     0.051258081       1.0001047     0.021349917   2.0889772e-09      0.84638833       11.778121       528.24536       1403.8632      -12.600045       -12.600045       1943.8867                 104.13713                 406.60373                        17.504501                           11.778121             1403.8632
              6       956.86008       3.0436734       1.0466017        69.41017     0.024816188      0.11941074     0.052675887      0.99954567     0.019183077   2.0982178e-09      0.84028393       12.258109       522.43247       1404.1984      -12.584409       -12.584409        1938.889                  103.5051                 406.43674                        12.490635                           12.258109             1404.1984
              2       957.55768       3.0428963       1.0458183       69.556535     0.024941539      0.12032295     0.054229614       1.0030066     0.018183355   2.0965878e-09      0.84325752       11.957223       522.74961        1404.164      -11.877737       -11.877737       1938.8708                 100.12443                 406.34377                        16.281407                           11.957223              1404.164
              5       959.50083       3.0444997       1.0448888       69.322426     0.025077332      0.12237736     0.053108734       1.0036354      0.01799716   2.0999523e-09      0.85131971       15.240053       523.34601       1403.5029       -11.54365        -11.54365        1942.089                  100.9372                 406.27168                        16.137129                           15.240053             1403.5029
              2       959.56999       3.0466318       1.0458146       69.276522     0.024767431      0.12179644     0.049462514       1.0033287     0.019147657   2.1044344e-09      0.85211799       14.543796       524.45906       1403.5661      -11.714489       -11.714489        1942.569                 103.92388                 406.40144                        14.133746                           14.543796             1403.5661
              2       959.05807       3.0599789       1.0483115        69.06161     0.025001937      0.11792112     0.055950234       1.0013226     0.022238123   2.1327107e-09      0.83916846       16.102959       522.99063       1403.9445       -12.46099        -12.46099       1943.0381                 105.65156                 406.98188                        10.357192                           16.102959             1403.9445
             13       960.21772        3.060596       1.0482474       69.102578     0.025022106      0.11787346      0.05622417      0.99849925     0.022186265   2.1340272e-09      0.83915463       15.821261       525.46138       1403.9943      -12.420743       -12.420743       1945.2769                 107.56639                 407.17926                        10.715729                           15.821261             1403.9943
              7       958.34812       3.0613199       1.0478279       69.244111     0.025031264       0.1172904     0.056998982       1.0040496     0.021126961   2.1355725e-09      0.83669136       13.898567       521.00181       1404.3739      -11.289012       -11.289012       1939.2743                 103.80612                 407.01228                          10.1834                           13.898567             1404.3739
              2       961.54295        3.052391       1.0463351       68.535311      0.02347751      0.11767284     0.052684907       1.0068739     0.023680142   2.1165891e-09      0.84326998       13.854327       523.10835       1403.7649      -8.8208366       -8.8208366       1940.7276                 102.54924                 406.68502                        13.874093                           13.854327             1403.7649
              1       958.85518        3.059549       1.0490992        69.01897      0.02377782      0.11260134     0.063109119       1.0057727     0.023895208   2.1317941e-09      0.82233175       9.5717481       522.17597       1405.8327      -9.9350406       -9.9350406       1937.5804                 99.066289                 409.08734                        14.022339                           9.5717481             1405.8327
              1       956.37527       3.0604606       1.0496348       69.178284     0.023966194      0.11226766     0.062449012       1.0020405       0.0238861   2.1337382e-09      0.82040013       9.2672779       521.85787       1406.1611      -12.267847       -12.267847       1937.2862                 102.03179                 408.92146                         10.90462                           9.2672779             1406.1611
              6        955.8062       3.0547475       1.0488629        69.21884     0.024039681       0.1142386     0.059042158       1.0007402     0.022574815   2.1215827e-09      0.82669559       9.6390436       521.54178       1405.5458      -12.557094       -12.557094       1936.7266                 102.75331                 407.82995                        10.958519                           9.6390436             1405.5458
              1       957.40911       3.0672454        1.049051       68.574846     0.023289825      0.10905409     0.059508201       1.0004185     0.021060272   2.1482645e-09      0.80954832       8.2648584       524.44686       1407.2803      -12.586908       -12.586908        1939.992                 107.23348                 408.30533                        8.9080457                           8.2648584             1407.2803
             10       958.31795       3.0623301        1.048438       68.204487      0.02332171      0.10951787     0.054695741       1.0007115         0.02165    2.137731e-09      0.80858675       10.125263       525.37166       1406.2598      -12.560423       -12.560423       1941.7568                 108.76284                 407.09712                        9.5116907                           10.125263             1406.2598
              5       958.40746       3.0608658       1.0499483       68.081428     0.023223561      0.10944312     0.057236782       1.0060981     0.023296901    2.134603e-09      0.80877199        10.98658        519.1623        1405.918      -9.6259873       -9.6259873       1936.0669                 102.78473                 407.28117                        9.0964062                            10.98658              1405.918
              8       957.31653       3.0585297       1.0477698       68.427935     0.023644872      0.10846684      0.05951584      0.99822597     0.020686116   2.1296223e-09       0.7998507       9.3949715       522.77348       1407.1629      -12.349148       -12.349148       1939.3314                 106.52105                 407.96718                        8.2852467                           9.3949715             1407.1629
              9       957.62391       3.0556204       1.0432229       68.546489     0.023867726       0.1088659     0.061194144      0.99911347     0.020810305   2.1234355e-09      0.79808531        9.652045       523.60999       1407.0619      -12.538047       -12.538047       1940.3239                 106.02362                 408.42304                        9.1633297                            9.652045             1407.0619
             11       959.40187        3.047887       1.0424046       68.615545     0.023426504      0.10765876     0.056945926       1.0050052     0.021603757   2.1070776e-09      0.79207882       8.2089554       523.83026       1407.9581      -10.596798       -10.596798       1939.9973                 103.12785                 406.97253                        13.729882                           8.2089554             1407.9581
              7       960.07289       3.0475861       1.0420677       68.690533     0.023398339      0.10797606     0.056626331       1.0057376     0.022041152   2.1064436e-09      0.79389115       8.0525144       524.14102       1407.8869      -9.9673444       -9.9673444       1940.0805                 102.91547                 406.89808                        14.327475                           8.0525144             1407.8869
              3       961.44214       3.0404728       1.0350658       69.750146     0.024210932      0.11539831     0.053619098       1.0053239     0.020075384    2.091513e-09      0.82157239       7.7443498       529.63676         1406.17      -10.333415       -10.333415       1943.5511                  104.3744                 406.53241                        18.729947                           7.7443498               1406.17
              3       959.67382       3.0382322        1.035872       69.858439     0.024339448      0.11587665     0.053485152       1.0023535     0.020345051    2.086832e-09      0.82265658       7.8325155       529.76765       1406.0631      -12.157792       -12.157792       1943.6632                 105.27417                  406.5671                        17.926375                           7.8325155             1406.0631
              7       959.42923       3.0384616       1.0353551       70.077736     0.024306961      0.11590923     0.052871365        1.000416     0.019902174   2.0873108e-09      0.82344718       7.2971546       530.23511       1406.5004      -12.587079       -12.587079       1944.0326                 107.20827                 406.68439                        16.342445                           7.2971546             1406.5004
              2       957.47263        3.029385       1.0403963       68.197646     0.023140064      0.11826536     0.050079273      0.99968935     0.018450035   2.0684508e-09      0.83452925        12.30255       524.10171       1403.7274      -12.593201       -12.593201       1940.1317                 102.62058                 406.40847                        15.072658                            12.30255             1403.7274
              1       957.52598       3.0292865       1.0403684       68.197906     0.023137998      0.11829712     0.050021751      0.99968704     0.018477805   2.0682471e-09      0.83464534       12.322961       524.19534       1403.7198      -12.593087       -12.593087       1940.2381                 102.63837                 406.41677                        15.140201                           12.322961             1403.7198
              1        957.6188       3.0325911       1.0400636       68.065058     0.023117848      0.11810451     0.051469838      0.99973836     0.018787352   2.0750931e-09       0.8348484       13.161033       523.63335       1403.6341      -12.595445       -12.595445       1940.4285                 102.90181                 406.50762                        14.223922                           13.161033             1403.6341
             14       957.59806       3.0451315       1.0445961       68.437782     0.023076755      0.11956789     0.055740204      0.99996256      0.01893367   2.1012794e-09      0.84978591       12.047901       524.69859       1403.6512       -12.60081        -12.60081       1940.3977                 101.76925                  407.4254                         15.50395                           12.047901             1403.6512
              7       959.51831       3.0585696        1.046952       66.210498     0.020855934       0.1152478     0.066006875        1.003875     0.019177826   2.1297072e-09      0.84486184       15.437643       523.18255       1403.2158      -11.399663       -11.399663        1941.836                    96.629                 412.67742                        13.876133                           15.437643             1403.2158
              3       958.78444       3.0592008       1.0485494       66.217588     0.020819007      0.11527443     0.066213259       1.0014509     0.019321952    2.131052e-09      0.84608885       15.341965       523.87579       1403.2162      -12.432513       -12.432513       1942.4339                 97.546848                 412.96137                        13.367567                           15.341965             1403.2162
              6       956.38387       3.0576448       1.0449215       67.454209     0.021209671      0.11137887     0.061618339      0.99955246     0.019999011   2.1277385e-09      0.82686077       8.0691086       524.54425       1405.3242      -12.584898       -12.584898       1937.9375                 103.77398                 410.37276                        10.397505                           8.0691086             1405.3242
              3       956.09553       3.0539091       1.0454349       67.248829     0.020596229      0.11199461     0.061281189      0.99928102     0.019072363   2.1198049e-09      0.83199704       7.6423122       524.55428       1405.1136      -12.559567       -12.559567       1937.3102                 102.29587                 410.55775                        11.700663                           7.6423122             1405.1136
              1       956.14942       3.0510585       1.0441017       67.030876     0.020333156      0.11221167     0.058649103       0.9993831     0.019203436   2.1137708e-09      0.83268557        7.811928       524.81961       1404.8083      -12.570476       -12.570476       1937.4398                 103.32196                 409.65597                         11.84168                            7.811928             1404.8083
             12       956.97302         3.05718       1.0446842       66.741915     0.021017068      0.11534512     0.066902408       1.0010675     0.014493353   2.1267499e-09      0.84348464       10.594448       524.61403       1403.7571       -12.50975        -12.50975       1938.9655                 98.299159                 413.14345                         13.17143                           10.594448             1403.7571
              4       957.39169       3.0535693       1.0450197       66.490541     0.019965158      0.11460791     0.060879244       1.0061054    0.0099699303   2.1190845e-09      0.84432037       7.7631663       521.98337       1404.2746      -9.6188932       -9.6188932       1934.0212                 97.437249                 410.30523                         14.24089                           7.7631663             1404.2746
              3       956.55168       3.0440121       1.0465032       65.927368     0.019496422      0.11267778     0.047974983       1.0051466     0.013555921   2.0989285e-09      0.83413116       8.4013589        521.6273       1404.0386      -10.481963       -10.481963       1934.0673                 101.71968                 406.98723                        12.920385                           8.4013589             1404.0386
             15       956.66452       3.0378665       1.0471573       65.648492     0.019175767      0.11237301     0.044085833       1.0050212     0.013449622    2.086069e-09      0.83175327       8.4533626       522.12716       1403.9164      -10.583937       -10.583937       1934.4969                 101.87078                 407.13796                         13.11842                           8.4533626             1403.9164
              8       957.16391       3.0256069       1.0491757       64.953999     0.018920079      0.11657361     0.044913559       1.0040877     0.013968296   2.0606507e-09      0.84623218       13.764661       520.10699       1402.9845      -11.264177       -11.264177       1936.8562                 95.875839                 406.87207                        17.359078                           13.764661             1402.9845
              8       956.50321       3.0271816       1.0496607       64.954049     0.018951335      0.11622703     0.046066882       1.0041608     0.013039776   2.0638982e-09      0.84504886       13.232584       519.21146       1402.9943      -11.215969       -11.215969       1935.4384                 95.515887                 406.80426                        16.891305                           13.232584             1402.9943
              8       959.22761       3.0292793       1.0491651       65.131227       0.0189388      0.11609554     0.046146444       1.0079211     0.012823819   2.0682322e-09      0.84582385       11.885916       518.69147       1403.0407      -7.5814531       -7.5814531       1933.6181                 94.099501                 406.70398                        17.887991                           11.885916             1403.0407
              1       958.77028       3.0295368       1.0487145       65.106974     0.018947628      0.11574313     0.047591378       1.0078859      0.01215948   2.0687647e-09      0.84389108        11.55544       518.16743       1403.0697       -7.625982        -7.625982       1932.7925                 93.649384                 406.69321                        17.824834                            11.55544             1403.0697
             22       956.40547       3.0354953       1.0498094        65.09336     0.018329005      0.11446383     0.053356172       1.0053465     0.013629849   2.0811282e-09       0.8456866       9.6427014       520.56718       1403.2293      -10.314122       -10.314122       1933.4392                 93.456758                 408.14345                        18.966968                           9.6427014             1403.2293
              5       956.05364        3.040215       1.0492526       67.442509      0.02036614      0.11194966     0.061994774       1.0037251    0.0095084649   2.0909738e-09      0.82749189       6.9177118       521.44823       1406.7229      -11.490793       -11.490793       1935.0889                  93.55383                 409.88186                         18.01254                           6.9177118             1406.7229
              8       954.98367       3.0410126       1.0488757        67.47492       0.0206377      0.11133955     0.061141295       1.0031772    0.0095431096   2.0926423e-09      0.82295491       6.7228166        519.8787       1406.9525      -11.793354       -11.793354        1933.554                 94.937863                 409.34706                        15.593776                           6.7228166             1406.9525
              1       957.90777       3.0379719       1.0429418         67.6149     0.021133628      0.11029371     0.064582351       1.0029216    0.0097498352   2.0862888e-09      0.81178238       6.5016079       525.64958       1407.5005       -11.91808        -11.91808       1939.6517                 95.238775                 410.58492                        19.825884                           6.5016079             1407.5005
              4       957.23225       3.0205433       1.0397935       65.269417     0.019172691      0.11329134     0.055490319        1.002976     0.012852866   2.0502428e-09      0.82522357       10.095817       524.73246        1403.421      -11.892404       -11.892404       1938.2493                 93.912858                 408.14266                        22.676946                           10.095817              1403.421
              2       956.87237       3.0318521       1.0402674       64.602344     0.019135921      0.11040824     0.058211251        1.002581     0.010963151   2.0735601e-09      0.81441445       11.908789       522.41558       1403.5564      -12.068015       -12.068015       1937.8808                  96.59894                 409.20103                        16.615617                           11.908789             1403.5564
              1        956.9187       3.0320191       1.0401032       64.615735     0.019144012      0.11027244     0.058292703       1.0025797     0.010955995   2.0739065e-09      0.81378219       11.780044       522.59938       1403.5951      -12.068544       -12.068544       1937.9745                 96.730538                 409.22644                        16.642406                           11.780044             1403.5951
              5       956.05107       3.0125938       1.0406881       65.079788     0.019146233      0.11032913     0.053154448      0.99797386     0.011489227   2.0340089e-09      0.80787532       9.2044372       523.44379       1403.9989      -12.272502       -12.272502       1936.6472                 96.208467                 407.28176                        19.953561                           9.2044372             1403.9989
              2       956.05916       3.0125843       1.0406756       65.077039     0.019138412      0.11030722     0.053080405      0.99797241     0.011534933   2.0339897e-09       0.8078231       9.1991569       523.46241       1404.0008      -12.272032       -12.272032       1936.6624                 96.253836                 407.29356                        19.915014                           9.1991569             1404.0008
              2       955.95469        3.015087       1.0396047       65.065819     0.019152041      0.11038132       0.0529698       1.0001347     0.011924536   2.0390865e-09      0.80881329       9.4657306       523.70435       1403.9382      -12.599471       -12.599471       1937.1083                 96.172586                 407.21021                        20.321553                           9.4657306             1403.9382
              8       958.10931       3.0240404       1.0387124       65.481527      0.01950888      0.10996078     0.061561779      0.99764894     0.012224885   2.0574252e-09      0.80899437       8.5572295        527.5624       1404.4164      -12.158722       -12.158722       1940.5361                 96.423729                 410.51645                        20.622219                           8.5572295             1404.4164
              2        957.1614       3.0288755       1.0409343        65.89012     0.020656493       0.1107087     0.063411019       1.0000558     0.010865647   2.0673972e-09        0.808031       10.057199       525.02224       1404.4447      -12.600673       -12.600673       1939.5241                 94.736395                 410.36439                        19.921462                           10.057199             1404.4447
              3       954.76279       3.0215779       1.0408894       66.137537      0.02048612      0.11355394     0.059212858       1.0006396    0.0058098732   2.0523651e-09      0.81910968       7.8797652       522.43838       1404.3438      -12.568195       -12.568195        1934.662                 94.714958                 408.52674                        19.196689                           7.8797652             1404.3438
              1       954.91752       3.0087677       1.0400027       66.628216     0.020355343      0.11111091     0.048738368      0.99767313    0.0063250457   2.0262414e-09      0.80482277       6.2182571       521.92998       1406.0224      -12.167777       -12.167777       1934.1706                 99.432392                  406.2518                        16.245791                           6.2182571             1406.0224
              4        954.7837       3.0026067       1.0490539       66.479343     0.022017776        0.110956     0.048377593      0.99923417    0.0056028572   2.0137963e-09      0.79246041       9.9343063       519.52396       1405.2171      -12.554002       -12.554002       1934.6754                 93.309103                 405.50236                         20.71249                           9.9343063             1405.2171
              4       954.85608       2.9916066       1.0465297       67.355728     0.022769882      0.11552755     0.039226685       1.0000767    0.0068732203   1.9917656e-09      0.80605503       9.7510157        520.6877       1404.4744      -12.600451       -12.600451       1934.9131                  94.80822                  407.6182                        18.261278                           9.7510157             1404.4744
              3       956.56667       2.9962081       1.0490205       67.050564     0.022552051      0.11197928     0.037644467      0.99786284     0.013565119   2.0009518e-09      0.79440356       11.962128       520.95401       1404.6882      -12.235527       -12.235527       1937.6044                 98.164364                   408.442                        14.347642                           11.962128             1404.6882
              1       956.56263       3.0015897       1.0498753       66.819817     0.022657564      0.11022524     0.039907972      0.99818714      0.01231597   2.0117492e-09      0.78698697       12.750447       519.98418       1405.0666      -12.338004       -12.338004       1937.8013                  98.16015                 407.66448                        14.159545                           12.750447             1405.0666
              2       957.88983       2.9893579       1.0478257       66.779651      0.02293416      0.11325221     0.045389196       0.9968379     0.007296564   1.9872917e-09      0.79253514       13.352301       521.66708       1404.3623       -11.80101        -11.80101       1939.3817                 92.368431                 405.78032                        23.518321                           13.352301             1404.3623
              5       957.37628       2.9879788       1.0482229       67.034213     0.023333238      0.11462871     0.043762743      0.99608002    0.0059260716    1.984553e-09        0.796178       13.278487       519.95982       1404.2575      -11.371622       -11.371622       1937.4958                 93.227757                 406.17618                        20.555885                           13.278487             1404.2575
              1        957.7149       2.9840011       1.0461281       67.378261     0.023702406      0.11725558     0.043881112       1.0002761    0.0037980188   1.9766747e-09      0.80383069       12.645181       523.98259       1403.9917      -12.594822       -12.594822       1940.6195                 90.245819                 405.93977                           27.797                           12.645181             1403.9917
              8       958.32215       2.9780452        1.045574       68.575184     0.023383931      0.11574609     0.035662704      0.99974527    0.0034001596   1.9649369e-09       0.8000464       6.4340418         528.938       1406.4637      -12.595731       -12.595731       1941.8358                 94.410385                 409.01764                        25.509967                           6.4340418             1406.4637
              4       958.74623       2.9855657       1.0477028       68.479215     0.024153761      0.12086159        0.047201       1.0018618    0.0014164318   1.9797699e-09      0.82072801        8.610701       529.19555       1404.3335      -12.323623       -12.323623       1942.1397                 87.680668                 405.22588                        36.289005                            8.610701             1404.3335
             10       957.95062       2.9825739       1.0485004       68.136496     0.023776807       0.1191897     0.042252568       1.0033357   0.00043866546   1.9738557e-09      0.81365207       8.2435248       526.47828        1404.601       -11.71078        -11.71078       1939.3228                 88.620365                 406.35641                        31.501508                           8.2435248              1404.601
              3       956.92334       2.9881596       1.0464805       67.905296      0.02346591      0.11751826     0.040330884      0.99618876    0.0032512054   1.9849119e-09      0.80981732       8.7090607       523.34741        1404.668      -11.438879       -11.438879       1936.7244                  98.89902                 407.36194                        17.086449                           8.7090607              1404.668
              2       955.60814       2.9913267       1.0452206       65.836147     0.020583077      0.11812249     0.043698928      0.99601278    0.0047276762   1.9912082e-09      0.82663491       10.912162       519.81165       1403.1506      -11.329087       -11.329087       1933.8745                 93.879424                 406.29304                        19.639194                           10.912162             1403.1506
              6        954.2754       2.9956043       1.0453342       65.348002     0.019444122       0.1152407     0.046597425      0.99963345    0.0052809908   1.9997441e-09      0.82213664       8.6565671       521.64738       1403.4272      -12.590173       -12.590173       1933.7311                 91.513281                 406.07081                        24.063281                           8.6565671             1403.4272
              2       954.62468        2.991263       1.0473389        64.74781      0.01882487      0.11418423     0.046942268      0.99794798    0.0025880397   1.9910815e-09      0.81803899       8.3269665       522.04344       1403.4071       -12.26406        -12.26406       1933.7775                 90.831568                 406.07698                        25.134899                           8.3269665             1403.4071
             13       954.97277       3.0001172       1.0463601       64.428289     0.018717528      0.11174628     0.049909468      0.99825395    0.0033261383   2.0087891e-09      0.81024538       8.8966127       522.14047       1403.6225      -12.357027       -12.357027       1934.6596                 92.460786                 406.37583                        23.303851                           8.8966127             1403.6225
              8       956.61489       2.9816255       1.0456402         65.0633      0.01841602      0.11492456     0.042496103      0.99750106    0.0022092417   1.9719845e-09      0.82071035       6.4833729       527.32718       1403.6219      -12.101344       -12.101344       1937.4325                 91.238907                 406.57949                        29.508783                           6.4833729             1403.6219
              2       956.55214       2.9821686       1.0455502       65.051933     0.018395357      0.11491968     0.042686192      0.99753266    0.0021436985   1.9730557e-09       0.8209776       6.4725029       527.23858        1403.621      -12.113899       -12.113899       1937.3321                 91.331183                 406.56512                        29.342272                           6.4725029              1403.621
             15       956.50102       2.9824321       1.0454973       65.023952     0.018320764      0.11471623     0.042210481      0.99753174    0.0024919479   1.9735758e-09       0.8206843       6.4426588       527.14913       1403.6373      -12.113537       -12.113537       1937.2291                 91.601883                 406.65895                        28.888295                           6.4426588             1403.6373
              7       954.61416       3.0071865       1.0463889       65.220487     0.018680483      0.10874975     0.045586257      0.99688143     0.004934137   2.0230401e-09      0.80234408       6.1603448       521.19017       1405.5236      -11.822883       -11.822883       1932.8741                 98.530731                 406.55882                        16.100622                           6.1603448             1405.5236
              3       954.12841       2.9961867       1.0466482        65.33531     0.020276734      0.11566889     0.049405609       1.0009484    0.0010695959    2.000909e-09      0.81790579       10.141157       519.78807       1403.3855      -12.528963       -12.528963       1933.3147                 90.122968                 405.64444                        24.020665                           10.141157             1403.3855
              2       953.21184       3.0063224       1.0477818       65.462033     0.020286164      0.11397202     0.050292059      0.99737106    0.0020543526   2.0212928e-09      0.81535618       9.2109333       517.51011       1403.7987      -12.048015       -12.048015       1930.5197                  95.21416                 406.00914                        16.286808                           9.2109333             1403.7987
              3       957.90104       3.0064659       1.0497595        64.82046     0.020077987      0.11314293     0.050146968      0.99256417    0.0013396764    2.021583e-09      0.81147637       11.579483       517.09335       1403.4845      -8.1775995       -8.1775995       1932.1573                 96.974897                 406.14665                        13.971805                           11.579483             1403.4845
             20       953.58762       3.0067809       1.0492134       64.758316     0.020092649      0.11294535     0.050090638        1.000282    0.0018887408   2.0222198e-09      0.81036447       12.230192       516.69117        1403.443       -12.59456        -12.59456       1932.3644                 92.416396                 405.80328                        18.471491                           12.230192              1403.443
              2       953.08047       3.0105066       1.0440432       67.123824     0.021948625      0.11461989     0.042704162       1.0009189    0.0033673138   2.0297681e-09      0.81287668       7.3904652       518.76254       1405.0747      -12.533366       -12.533366       1931.2277                 99.867736                 406.75328                        12.141525                           7.3904652             1405.0747
              5       952.14097       3.0192472       1.0473566         67.3237     0.022255602      0.11271161     0.051558564       1.0003987    0.0041724633   2.0475872e-09      0.80731911       7.2178338       516.27823       1405.9623      -12.588202       -12.588202       1929.4583                   96.9662                 405.77789                        13.534146                           7.2178338             1405.9623
             21       952.62458       3.0152913       1.0494766       66.023361     0.021003087      0.11755426     0.055218971      0.99882614    0.0036108647   2.0395031e-09      0.83287827       10.859279       516.05169       1403.3196      -12.490686       -12.490686       1930.2305                 92.028603                 406.75462                        17.268467                           10.859279             1403.3196
              1       952.63578       3.0219598       1.0491498       66.158261     0.021211742      0.11636521     0.057012038      0.99863627    0.0050260243   2.0531489e-09      0.82952079       10.843182       515.80472       1403.5279      -12.452141       -12.452141       1930.1758                 93.307121                 407.28346                        15.214143                           10.843182             1403.5279
              1       953.44057       3.0293175       1.0468815       66.920097      0.02136954      0.11806261     0.059487118      0.99852761    0.0029353596   2.0683111e-09      0.84042753       8.0961725       519.68622       1403.9537      -12.427488       -12.427488       1931.7361                 95.843015                 408.40479                        15.438409                           8.0961725             1403.9537
              1       953.66136       3.0301459       1.0465243       67.022436      0.02152159      0.11916049     0.060649505       1.0006904    0.0017843114   2.0700253e-09      0.84460402       8.2153916       520.40341       1403.8295      -12.562788       -12.562788       1932.4483                  94.54571                 408.71283                        17.144878                           8.2153916             1403.8295
              3       953.66754       3.0343242       1.0478645        67.09995     0.021655615      0.11984663     0.059082447       1.0014271    0.0031519063   2.0786926e-09      0.84952975       8.9571841        519.6191       1403.6348      -12.437995       -12.437995       1932.2111                 94.997187                 408.17332                        16.448598                           8.9571841             1403.6348
              7       954.26859       3.0329372       1.0482167       67.065314     0.021956072      0.11999831     0.058839042      0.99802569    0.0027347836   2.0758114e-09      0.84743444       9.6836127        519.8946       1403.5371       -12.28909        -12.28909       1933.1154                  96.81829                 408.01659                        15.059727                           9.6836127             1403.5371
              5       954.33224       3.0255339       1.0499792       66.628951     0.021817062      0.12080411     0.054460449      0.99798639    0.0032248656   2.0605004e-09      0.84806606       12.018738       518.06745       1403.1314      -12.276552       -12.276552       1933.2176                 95.566673                 406.67869                        15.822089                           12.018738             1403.1314
             22        954.6623       3.0236019       1.0492444       66.649192     0.021793487      0.12153611     0.054170308      0.99793863    0.0031952751   2.0565233e-09       0.8504479        12.20915       518.56831       1403.0691      -12.260981       -12.260981       1933.8466                  95.27112                 406.62453                        16.672657                            12.20915             1403.0691
              1       954.43326       3.0149992       1.0469081       66.027342     0.020549618      0.12004831     0.049807513       0.9979001    0.0034536798   2.0389075e-09      0.84609905       10.588952       519.70421       1403.0697      -12.248155       -12.248155       1933.3628                 95.807151                 406.32828                        17.568778                           10.588952             1403.0697
              9        953.6186       3.0244817       1.0484002       67.204035     0.021710073      0.11391515       0.0620258      0.99998309    0.0045287755   2.0583334e-09       0.8188219       6.9764756       520.02336       1405.4392      -12.600899       -12.600899        1932.439                 92.249686                 408.64487                        19.128809                           6.9764756             1405.4392
              1        954.0379       3.0247509       1.0475362       67.165289     0.021628699      0.11360234     0.062403201      0.99799248    0.0038547834   2.0588876e-09      0.81750151       6.7945453       520.22443       1405.6138       -12.27851        -12.27851       1932.6328                 93.977052                 408.95891                        17.288475                           6.7945453             1405.6138
              2       953.19174       3.0250765       1.0478128       67.315535     0.021686517      0.11348137      0.05973945      0.99824719    0.0032343327    2.059558e-09      0.81708251        6.548999       518.56889       1405.9759      -12.355135       -12.355135       1931.0938                 95.502019                 407.87198                        15.194888                            6.548999             1405.9759
             11       952.71813       3.0147933       1.0490777       67.535106     0.021615016      0.11372494     0.054055822       0.9984964    0.0043165859   2.0384877e-09      0.81579865       6.3540113       517.76546       1406.1569      -12.420058       -12.420058       1930.2764                 94.333455                 406.24462                        17.187386                           6.3540113             1406.1569
             20       952.68989       3.0147998        1.049117       67.524273     0.021606713      0.11368683     0.054014324      0.99847814    0.0045136997   2.0385008e-09      0.81570495       6.3641375       517.71395        1406.133      -12.415637       -12.415637        1930.211                 94.299651                 406.22828                        17.186022                           6.3641375              1406.133
             41       953.72397        3.014936       1.0491407       67.532869      0.02160986      0.11367647     0.054028197      0.99583408    0.0044856399   2.0387786e-09      0.81571719       6.3599149       517.35766       1406.1554      -11.212532       -11.212532        1929.873                 95.966951                 406.33926                        15.051449                           6.3599149             1406.1554
             17       953.95124       3.0080903       1.0495193       65.514318      0.02016901      0.10919685     0.042771749       1.0024083    0.0029017598   2.0248694e-09      0.79576446        7.627452       519.12842       1405.4204      -12.136919       -12.136919       1932.1763                 96.408093                 406.53284                         16.18748                            7.627452             1405.4204
              8       954.05072       3.0050991       1.0464168       64.253223     0.019194884      0.11329567     0.045728763      0.99935337    0.0020736151   2.0188216e-09      0.81506721        12.00506       518.04715       1403.1842      -12.567471       -12.567471       1933.2364                 95.490454                 406.16216                        16.394532                            12.00506             1403.1842
              7        954.7427       3.0033996       1.0453056       64.070794      0.01910438      0.11274087     0.045251252      0.99942617    0.0012356639   2.0153936e-09      0.81139365       12.224722       519.21244       1403.1974       -12.57458        -12.57458       1934.6346                 96.012091                 406.17505                        17.025307                           12.224722             1403.1974
              3       954.31595       3.0043917       1.0456936       64.164701     0.019083396      0.11266336     0.044845392       0.9991594   0.00091474359    2.017394e-09      0.81195594       11.293436       519.14445       1403.2828      -12.544393       -12.544393       1933.7207                 96.648632                 406.22794                        16.267871                           11.293436             1403.2828
             11       954.22384       3.0012727       1.0441927       64.278294     0.018712645      0.11453695     0.042797218      0.99933673    0.0022824631   2.0111115e-09      0.82190371       10.498684       519.98296       1403.0975      -12.565728       -12.565728       1933.5791                  96.37866                 406.61587                        16.988437                           10.498684             1403.0975
              1       954.10226       3.0029991       1.0445995       64.317292     0.018959785      0.11466128     0.044209806      0.99946372    0.0017510284   2.0145865e-09      0.82155602       11.092138       519.17996       1403.0882      -12.577914       -12.577914       1933.3603                 96.070796                 406.40041                        16.708761                           11.092138             1403.0882
              6       953.97439       2.9978013       1.0498583       64.208711     0.019192053      0.11409414     0.045042269      0.99881208    0.0023183325   2.0041423e-09      0.81662872        12.84391       517.01807       1403.0629      -12.488029       -12.488029       1932.9248                 92.192696                 406.06899                        18.756392                            12.84391             1403.0629
              9       955.38764       2.9993879       1.0497796       64.274857     0.019244604      0.11409754     0.045490123      0.99548047      0.00217576   2.0073246e-09      0.81709131       12.537059       517.08327       1403.0886      -10.966829       -10.966829       1932.7089                  94.57515                 406.20109                        16.307023                           12.537059             1403.0886
              5       954.87716        2.990909       1.0496969       64.285675     0.019125917      0.11440513      0.03852516      0.99826802    0.0037533279   1.9903768e-09      0.81620301        12.80252       518.63381       1403.0399      -12.360941       -12.360941       1934.4762                  93.65421                 407.56821                        17.411389                            12.80252             1403.0399
              4       955.59794       2.9918336       1.0467816       64.452159     0.018357091      0.11698714      0.03913418      0.99697755    0.0028750547   1.9922178e-09       0.8328517       9.6122178       522.34907       1402.9748      -11.870103       -11.870103       1934.9361                 95.004808                 407.50882                        19.835449                           9.6122178             1402.9748
              5       956.69498       2.9933463       1.0478339       64.020177      0.01802238      0.11612377     0.041494859       1.0047657   0.00075976315   1.9952338e-09      0.83042564        9.603043       522.39102       1402.9638      -10.783933       -10.783933       1934.9578                 89.655537                 406.62915                        26.106334                            9.603043             1402.9638
              1       955.47354       2.9945444       1.0491518       63.907721     0.018102255      0.11622239      0.04303363       1.0032813   0.00085853915   1.9976257e-09      0.83081162       10.640777       520.84913       1402.9363       -11.73957        -11.73957       1934.4262                 89.490904                 406.38529                        24.972936                           10.640777             1402.9363
              6        953.9698       3.0020538       1.0492875       65.183281     0.018815279      0.11579705     0.046849012       1.0027239    0.0039999056   2.0126831e-09      0.83213519       7.7295862       520.84751       1403.3772      -12.007338       -12.007338       1931.9543                 89.814542                 406.19092                        24.842043                           7.7295862             1403.3772
              8        954.5576       3.0037878       1.0490102        65.09002      0.01872758       0.1156487     0.047524141      0.99540979    0.0043408905   2.0161762e-09       0.8324971       7.9109852       519.69793       1403.3369       -10.91532        -10.91532       1930.9458                 94.373324                 406.58699                        18.737615                           7.9109852             1403.3369
              2       955.53663       2.9911826       1.0496676       64.671214     0.018717753      0.11756308     0.045354307      0.99592664    0.0029371887   1.9909214e-09      0.83421356       9.9768615       520.67013       1402.9734      -11.273542       -11.273542       1933.6203                 90.888276                 406.28441                        23.497445                           9.9768615             1402.9734
             10        955.3882       2.9906482       1.0493859       64.677764     0.018642002      0.11769781       0.0452658       1.0007746    0.0029488607   1.9898577e-09      0.83505145       9.7559443        523.1547       1402.9716      -12.552926       -12.552926       1935.8823                  87.95961                 406.13611                        29.058984                           9.7559443             1402.9716
              3       956.16825       2.9809333       1.0482171       65.332053     0.019663784      0.11830276      0.04379887      0.99975227    0.0017088174     1.97062e-09      0.82805933       9.3834428       525.06546       1403.0796      -12.596012       -12.596012       1937.5285                 87.592262                 406.04714                        31.426053                           9.3834428             1403.0796
              4       956.88845       3.0117263       1.0418639       65.122119     0.020294409       0.1122601     0.055181563        1.001438    0.0079117589   2.0322452e-09      0.80811729       13.001977       522.11701       1403.5289        -12.4355         -12.4355       1938.6479                 92.412731                 406.90114                         22.80314                           13.001977             1403.5289
              5       956.45885       3.0105496       1.0408168       66.140372     0.021197347      0.10929182     0.048769012       1.0015027    0.0085980042   2.0298552e-09      0.79055907       9.4205053       522.99241       1405.3453      -12.420268       -12.420268       1937.7582                 97.286531                 405.80705                        19.898833                           9.4205053             1405.3453
              1        956.0206       3.0095614       1.0414949       66.394225     0.021355197      0.10909833     0.047838296       1.0003361    0.0095249984   2.0278504e-09      0.78929468       8.9424468       522.60877       1405.6738      -12.591885       -12.591885        1937.225                 97.994112                 405.89481                        18.719838                           8.9424468             1405.6738
             17       955.37776       3.0165027       1.0455215       65.926822     0.021001787      0.10767457     0.043962363         1.00094     0.010491262   2.0419752e-09      0.78775845       9.9953615       520.28223       1405.5384       -12.53023        -12.53023        1935.816                 100.43499                 406.55227                        13.294973                           9.9953615             1405.5384
              4       955.40864       3.0163217       1.0455926       65.927915     0.021006909      0.10765921     0.043771551       1.0009475     0.010430148   2.0416058e-09      0.78759092       9.9844243        520.3395       1405.5516      -12.529102       -12.529102       1935.8755                 100.47757                 406.59893                           13.263                           9.9844243             1405.5516
              3       955.47151       3.0137734       1.0448228       66.013279      0.02094123      0.10862832      0.03936748       1.0004307    0.0082435608   2.0364098e-09      0.79120846       8.9265872       521.62878       1405.5598      -12.586078       -12.586078       1936.1152                 103.00168                 407.86662                        10.760483                           8.9265872             1405.5598
              3       955.62164       3.0232357       1.0466167       65.777083     0.021027465      0.10825035     0.042657656       1.0030045    0.0084653514   2.0557702e-09      0.79246649        10.34838       519.38187       1405.2706      -11.878764       -11.878764       1935.0008                 101.54699                 406.85379                        10.981083                            10.34838             1405.2706
              1       956.01955       3.0285677       1.0466295       66.358404     0.021606121      0.10793937     0.042765195       1.0032401    0.0089673073   2.0667609e-09      0.79089278       9.3561591       520.11924       1406.0858      -11.761042       -11.761042       1935.5612                 103.46397                 406.96109                        9.6941808                           9.3561591             1406.0858
              1       953.79537       3.0289817        1.047134       67.086199     0.022360351      0.11001384       0.0493123      0.99903235    0.0058479406   2.0676168e-09      0.79740881       8.0302438        518.1038       1406.5087      -12.526015       -12.526015       1932.6428                 102.48306                  405.9693                        9.6514441                           8.0302438             1406.5087
             19       954.46903       3.0256452       1.0437527       67.254939     0.021196075      0.11040686     0.045305817      0.99966921    0.0080437944   2.0607297e-09      0.80580373       6.3980728       520.80583       1406.9185      -12.592168       -12.592168       1934.1224                 104.16617                 406.69656                        9.9430923                           6.3980728             1406.9185
              6       954.76649       3.0181734       1.0428237       67.019062     0.020798064      0.11133653     0.041508183      0.99956045    0.0077911406   2.0453896e-09      0.80892538       6.3313384       522.13383       1406.2387      -12.585465       -12.585465       1934.7039                 104.15913                 407.41169                         10.56301                           6.3313384             1406.2387
             12       954.45832       3.0184903       1.0431065        67.03308     0.020765883      0.11157511     0.041939502       1.0000515     0.007724771    2.046038e-09      0.81051149       6.3188072       521.62215       1406.1771       -12.60071        -12.60071       1934.1181                 103.48741                 407.31552                        10.819216                           6.3188072             1406.1771
              8       955.47501       3.0078873       1.0396293        67.88048       0.0224099      0.11332387     0.045848992      0.99667887    0.0051985768   2.0244584e-09      0.80395697         6.50968       521.37785       1406.4995      -11.718528       -11.718528       1934.3871                 102.18025                 406.27903                        12.918575                             6.50968             1406.4995
              6       955.63393       3.0224537       1.0368181       67.620229     0.023037291      0.11312422     0.053989723       1.0026049   0.00087311961   2.0541633e-09      0.80214629        7.278387       521.71863        1406.387      -12.058069       -12.058069        1935.384                 101.21475                 405.82457                        14.679311                            7.278387              1406.387
              1       956.39654       3.0300786       1.0369596        67.97197     0.022822801      0.11095673     0.052547602       1.0034381    0.0043557537   2.0698859e-09       0.7982346         6.65739       521.62754       1407.8187      -11.655299       -11.655299       1936.1037                 103.34091                 405.96891                        12.317715                             6.65739             1407.8187
             13       955.62088       3.0305536       1.0367264       67.125979     0.021759982      0.11020321     0.049204106       1.0019328    0.0046707401   2.0708694e-09      0.79971111       6.7328723       522.15517       1406.9578      -12.302057       -12.302057       1935.8459                 106.07464                 406.17196                        9.9085753                           6.7328723             1406.9578
              2       955.79127       3.0235186       1.0363525       66.549003     0.021692904      0.11093331     0.045444539       1.0023958     0.005861014   2.0563519e-09      0.79929664       8.6153136       521.81129       1405.4394      -12.141731       -12.141731        1935.866                 105.11597                 406.36888                        10.326435                           8.6153136             1405.4394
              7       956.09598       3.0173358         1.03551       66.681224     0.021524387      0.11252724     0.041136862       1.0023857    0.0054667521   2.0436772e-09      0.80541205       7.9334677       523.42147       1405.1282      -12.145605       -12.145605       1936.4832                 105.76564                 407.29602                        10.359816                           7.9334677             1405.1282
              4       955.05379       3.0135201       1.0337941       65.797434     0.019631662      0.11290756      0.04379409       1.0016366    0.0057036305   2.0358939e-09      0.81557551       6.9493151        523.5396        1404.392      -12.386639       -12.386639       1934.8809                  103.2598                 406.73855                        13.541243                           6.9493151              1404.392
              5       955.73763       3.0147632       1.0342921       66.506688     0.019850948      0.11589098     0.043040933       1.0008524     0.003720011   2.0384264e-09      0.82999364       6.4033464       525.69843       1404.4591      -12.542796       -12.542796       1936.5608                 104.34159                 406.98323                        14.373621                           6.4033464             1404.4591
              6       956.83779       3.0177872        1.036526       66.768021     0.020793139      0.11269324     0.039647617      0.99919519    0.0060902583   2.0445999e-09      0.81208258        6.573433       526.78073       1405.4196      -12.549105       -12.549105       1938.7738                 108.13456                 407.96598                        10.680183                            6.573433             1405.4196
              2       956.11704        3.015893       1.0369356       66.957699     0.021177601      0.11310343     0.039374891       1.0005802    0.0055369812   2.0407306e-09      0.81112619       6.6689923       525.24521       1405.4679      -12.573994       -12.573994       1937.3821                 106.70974                 407.99325                        10.542217                           6.6689923             1405.4679
              1       958.63642       3.0066976       1.0336392       67.175062      0.02096315       0.1152548     0.035793065       1.0048295    0.0071788528   2.0220514e-09      0.81865634       6.5265638       527.32526        1404.891      -10.735012       -10.735012       1938.7429                 103.86961                  409.1375                        14.318147                           6.5265638              1404.891
              2        958.9762       3.0069838       1.0358917       67.343256     0.021031818      0.11290394     0.033388335       1.0042008       0.0104649   2.0226301e-09      0.80943397       6.3996096        528.2523       1405.6789      -11.189209       -11.189209       1940.3308                 105.42803                 410.30731                        12.516971                           6.3996096             1405.6789
              9       959.78259       3.0032359        1.032942       66.957052     0.020828929      0.11113374     0.032565884       1.0040735     0.010899822   2.0150638e-09      0.79919835        6.620802       529.67465       1405.8166      -11.273426       -11.273426        1942.112                 106.52069                 410.48805                        12.665912                            6.620802             1405.8166
              2       958.17714       3.0005653       1.0299611       66.517586     0.021233614       0.1157163     0.038138086       1.0023002    0.0094337152   2.0096895e-09      0.81374723        10.02544       526.95936       1403.7247      -12.177631       -12.177631       1940.7095                  103.2704                 408.07323                        15.615739                            10.02544             1403.7247
              5       955.92042       3.0068668       1.0332747       65.845166     0.020972289      0.11451401     0.045465678      0.99916113    0.0067959105   2.0223935e-09       0.8110909       11.526191       521.80964       1403.5943      -12.544626       -12.544626       1936.9301                  101.5972                 406.27249                        13.939945                           11.526191             1403.5943
             16       955.41032       3.0136072       1.0346939        65.34666     0.019898416      0.11353633     0.048182155        1.000473    0.0090153189   2.0360712e-09      0.81621321        10.86132       521.64489       1403.4805      -12.583022       -12.583022       1935.9867                 100.13699                 406.42799                        15.079909                            10.86132             1403.4805
              2       955.21283       3.0183024       1.0410197       66.499991     0.019262576      0.11247679     0.049172267        0.997524    0.0092582848   2.0456534e-09      0.82330131       6.3327711       522.97142       1405.3424      -12.110476       -12.110476       1934.6466                 100.61855                 406.97361                        15.379259                           6.3327711             1405.3424
              3       956.81137       3.0318006       1.0429838       67.515508     0.020985885      0.11639194     0.056959736      0.99792623   0.00012446132   2.0734533e-09      0.83656445       6.8517014       525.53465       1405.7501      -12.256879       -12.256879       1938.1365                 103.97158                 407.88728                        13.675783                           6.8517014             1405.7501
              9       955.74963       3.0319994       1.0432406       67.523006     0.020965537      0.11659047     0.056821727      0.99793337     0.000238717   2.0738656e-09       0.8378307       6.8928307       523.45044       1405.6745      -12.259244       -12.259244       1936.0177                  101.7331                 407.86484                        13.852505                           6.8928307             1405.6745
             13       956.28372          3.0306       1.0431444       67.503211      0.02093967       0.1169217      0.05615146      0.99789312   0.00049434189   2.0709655e-09      0.83889946       6.8719962       524.70054       1405.4865      -12.245806       -12.245806       1937.0591                 102.83116                 407.66381                         14.20557                           6.8719962             1405.4865
             15       955.45289       3.0263593       1.0403047       67.329273     0.020556044       0.1168014     0.054152578       1.0010538   4.7055195e-06   2.0622017e-09      0.83769159       6.9034208        523.5673       1405.4592      -12.512086       -12.512086         1935.93                 100.55813                 407.16053                        15.848638                           6.9034208             1405.4592
             16       953.56396       3.0251069       1.0474772        66.67225     0.020808128      0.11434964     0.044249492       1.0013809    0.0043528117   2.0596206e-09      0.82539444       6.9694341       520.23321        1404.822       -12.44838        -12.44838       1932.0247                 101.20212                 406.71202                        12.319065                           6.9694341              1404.822
              1       953.42126       3.0279443       1.0485372       67.230998     0.021425367      0.11434111     0.045551851       1.0014163    0.0039477122    2.065473e-09      0.82419709       6.6753411       519.55612        1405.492      -12.440446       -12.440446       1931.7234                 101.34715                  406.4746                        11.734375                           6.6753411              1405.492
              1       951.79765       3.0280239       1.0494932       67.170375     0.021459838      0.11366158     0.049825834       1.0007764    0.0059092447   2.0656373e-09      0.82137577       6.9254649       516.34354       1405.4317      -12.552698       -12.552698       1928.7007                  98.58949                 406.16771                        11.586348                           6.9254649             1405.4317
              9       951.65406       3.0275119       1.0498463       67.224473      0.02131924      0.11430238     0.051085898       1.0007698    0.0049987121   2.0645799e-09      0.82520401       6.7125812        516.2817       1405.4208      -12.553508       -12.553508       1928.4151                  97.65566                 406.22817                        12.397872                           6.7125812             1405.4208
             26        952.2322       3.0305262       1.0496903       67.088196     0.021373981       0.1131564     0.052042048      0.99870103    0.0065560908   2.0708127e-09      0.82059246       6.9962572       516.93605        1405.464      -12.465937       -12.465937       1929.3963                 99.251229                 406.42531                        11.259511                           6.9962572              1405.464
              2       952.70551       3.0238106       1.0492237       66.460053     0.021605049      0.11349665     0.047739491         1.00368    0.0059185854   2.0569525e-09      0.81563435        9.597653       514.43691       1404.4116      -11.517559       -11.517559       1928.4461                 96.549723                 405.90595                         11.98124                            9.597653             1404.4116
              7        954.3699       3.0254532       1.0458981       66.285182     0.021249663      0.11317465     0.045203571       1.0037204    0.0096975035   2.0603339e-09      0.81651637       10.559722       517.06699       1404.1003      -11.493606       -11.493606        1931.727                 99.335284                 406.43391                        11.297797                           10.559722             1404.1003
              1       954.83456        3.026036       1.0462024       66.320217     0.020830206      0.11301961     0.043124919       1.0040661     0.011121144   2.0615352e-09      0.81945743        9.426963       518.60484       1404.1939      -11.278283       -11.278283       1932.2257                 100.30458                 406.88719                        11.413071                            9.426963             1404.1939
              3       955.29162        3.024386       1.0429427       66.038978     0.020275347      0.11301781      0.04223359       1.0007545     0.011459279   2.0581364e-09      0.82084387       9.1799389       522.50537       1404.0087      -12.555381       -12.555381        1935.694                 103.61609                 407.24316                         11.64612                           9.1799389             1404.0087
              2       954.47451       3.0224814       1.0466937       65.285297     0.019031662      0.10777306     0.041571238       1.0002885    0.0086858585   2.0542202e-09      0.80244309       6.8702646       521.79193       1405.4754      -12.594262       -12.594262       1934.1375                 103.14912                 407.38899                        11.253815                           6.8702646             1405.4754
              1        953.8143       3.0280626       1.0418108        65.68069     0.019837802      0.10998581     0.052459933       1.0007316    0.0036320457   2.0657172e-09      0.80812163       6.7826581       520.53977       1405.4224      -12.558106       -12.558106       1932.7448                 101.24744                 406.84525                        12.447074                           6.7826581             1405.4224
              8       954.87398       3.0288141       1.0420381       65.663144     0.019851222      0.11003871     0.052700498      0.99752863    0.0035196289   2.0672701e-09      0.80857533       6.8366126       521.75767       1405.3783      -12.112308       -12.112308       1933.9726                 103.32073                 407.03785                        11.399086                           6.8366126             1405.3783
              2       954.14034       3.0278808       1.0423569       65.536441     0.019669894      0.11008512     0.052591106      0.99877802    0.0031542994   2.0653418e-09      0.80932622       6.7937107       521.18232       1405.2676      -12.481463       -12.481463       1933.2436                 102.17306                   406.987                        12.022265                           6.7937107             1405.2676
              3       953.48804       3.0126176       1.0459301       66.052965     0.021120733      0.11078425     0.048639949       1.0004237   0.00010257877   2.0340574e-09      0.79838049       7.6354801       518.94245       1405.5713      -12.586562       -12.586562       1932.1492                 98.246895                 405.71156                        14.983997                           7.6354801             1405.5713
              7        952.6311        3.014735       1.0469889       66.567668     0.021569837      0.11162857     0.049653254       1.0002961    0.0011993942   2.0383688e-09      0.80215957        7.319816       517.35801       1405.7722      -12.593909       -12.593909         1930.45                 97.629284                 405.68376                        14.044969                            7.319816             1405.7722
             12       953.34314       3.0120218       1.0466122       66.488244     0.021681642      0.11151052     0.048319826      0.99809019    0.0010903524   2.0328458e-09      0.79939487       7.7676349       517.88667       1405.6502       -12.30913        -12.30913       1931.3045                 99.110823                 405.76427                        13.011577                           7.7676349             1405.6502
              4       953.59341       3.0136108       1.0486368       66.215215     0.021645889       0.1112302     0.050130242       1.0022525    0.0023073746   2.0360786e-09      0.79902761       9.0287533       517.35456       1405.1935      -12.195027       -12.195027       1931.5769                 94.729089                  405.5188                        17.106677                           9.0287533             1405.1935
              4        952.6265       3.0084397        1.045606        66.44178     0.021222417      0.11579836     0.043048481       1.0008428    0.0030594888   2.0255769e-09      0.82066259       8.4236064       517.86032       1404.0573      -12.544103       -12.544103       1930.3412                 97.739015                 406.61273                        13.508576                           8.4236064             1404.0573
              1        952.9086       3.0130326       1.0461253       65.675346     0.020586565      0.11632564     0.047160487       1.0020295    0.0035675316   2.0349017e-09      0.82712401       10.699019       516.30881       1403.3522      -12.271404       -12.271404         1930.36                 95.229774                 406.00324                        15.075795                           10.699019             1403.3522
              4       954.27061       3.0218243       1.0475952        65.76091     0.021168947       0.1161238     0.052334758       1.0048184    0.0035332704   2.0528708e-09      0.82654818       12.404434       514.27418       1403.3498      -10.743572       -10.743572       1930.0284                 93.019808                 406.01847                        15.235907                           12.404434             1403.3498
             11        954.3463       3.0208689       1.0456389       65.951658     0.021054761      0.11340584     0.048012034       1.0043136    0.0089263817   2.0509105e-09      0.81578144       11.624859       515.49741       1403.7951      -11.112369       -11.112369       1930.9173                 95.858933                 405.93307                        13.705408                           11.624859             1403.7951
              4       954.78742       3.0231615       1.0433907       65.829348     0.021051432      0.11336352     0.047104169       1.0037119    0.0082804329   2.0556177e-09      0.81533246       12.124026       516.71917        1403.729      -11.498669       -11.498669       1932.5722                   98.5079                 406.09736                        12.113905                           12.124026              1403.729
              6           954.2       3.0305969       1.0472815       67.770666      0.02305191      0.11309576     0.045270302       1.0017888    0.0071564539    2.070959e-09      0.81023458       8.1569824       519.07083       1405.8621      -12.344943       -12.344943       1933.0899                 102.89002                 406.51843                        9.6623806                           8.1569824             1405.8621
              3       952.97577       3.0278718       1.0467962       66.907424     0.021514227      0.11116723     0.052798419      0.99988616     0.014037952   2.0653231e-09      0.80931726       8.9429953        517.1135       1405.0948      -12.599885       -12.599885       1931.1513                 98.100447                 406.47363                        12.539416                           8.9429953             1405.0948
              8       952.65696       3.0220932       1.0496191       67.116079     0.021905746      0.11287862     0.049644639      0.99859634     0.013723527   2.0534229e-09      0.81377274       9.6303775       515.89311        1404.677        -12.4433         -12.4433       1930.2005                 97.522544                 406.13168                        12.238887                           9.6303775              1404.677
              3       952.70926       3.0215879       1.0490533       67.751697     0.022470136      0.11348001     0.050281625      0.99849419     0.013339017   2.0523856e-09      0.81412872       8.4899264       516.56174       1405.2059      -12.419525       -12.419525       1930.2576                 97.480209                 406.06569                        13.015844                           8.4899264             1405.2059
              5       952.60197       3.0214793       1.0491371       67.797749     0.022510471      0.11323655     0.049244712       1.0005475     0.013587255   2.0521627e-09      0.81288331       8.4007332       516.63048       1405.3266      -12.576942       -12.576942       1930.3578                 96.847113                 406.02403                        13.759333                           8.4007332             1405.3266
             16       952.71066       3.0206258       1.0491051       67.945259     0.022660374      0.11322803     0.048397397       1.0005614     0.013409126   2.0504119e-09      0.81185637       8.1576161       516.89238       1405.5227      -12.575707       -12.575707       1930.5727                 97.206904                 406.05199                        13.633488                           8.1576161             1405.5227
              1       953.28836       3.0315483       1.0481473       67.700571     0.022353187      0.11114236     0.048219676       1.0012036     0.014273134   2.0729302e-09      0.80766516        8.026341       517.50325       1406.0172      -12.485031       -12.485031       1931.5468                 101.12868                 406.27967                        10.094901                            8.026341             1406.0172
              7       953.25023       3.0349325       1.0496143       66.849325     0.021834683      0.11046898     0.051444736       1.0011832     0.015377939   2.0799573e-09      0.80762682       10.463483       516.00204       1405.0128      -12.488918       -12.488918       1931.4783                 99.366702                 406.28356                        10.351778                           10.463483             1405.0128
             11         954.266       3.0358056       1.0474722         66.7592      0.02139928       0.1107574     0.051781973        0.998129     0.015224513   2.0817743e-09      0.81140774       9.5466965       518.67553       1404.9515      -12.320871       -12.320871       1933.1737                 102.07559                 406.67499                        9.9249609                           9.5466965             1404.9515
              3       954.70241       3.0360471       1.0475433       66.694899     0.021454499       0.1111573     0.052267612      0.99762033      0.01518816   2.0822771e-09      0.81285462       10.203343       518.79148       1404.7058      -12.147897       -12.147897       1933.7006                 102.06175                 406.73637                        9.9933647                           10.203343             1404.7058
              1       953.73015       3.0431086       1.0482722       66.837858     0.021790954      0.11037569     0.055477149       1.0023741     0.014670886   2.0970329e-09      0.81018891        10.10755       516.53353       1405.1193      -12.150021       -12.150021       1931.7603                 99.312717                 406.96992                        10.250883                            10.10755             1405.1193
              2       955.34917       3.0445269       1.0448154       65.952389     0.020834788      0.10968466     0.053511877       1.0029444     0.013824069   2.1000094e-09      0.81026929       11.089166       518.88075       1404.5431      -11.907348       -11.907348        1934.513                 101.79603                 407.04342                        10.041296                           11.089166             1404.5431
              1       954.65833       3.0252434       1.0494648       65.158464      0.02038029      0.11593254      0.05039828       1.0029204    0.0078064377   2.0599018e-09      0.83217247       15.423994       514.69382       1403.0361      -11.918636       -11.918636       1933.1539                 94.136824                 406.29319                        14.263806                           15.423994             1403.0361
              4       952.48531       3.0197251       1.0498608       66.034544     0.020190426      0.11592176     0.049130577      0.99856322    0.0078292487    2.048566e-09      0.83419007       9.0762574       517.19588         1403.57      -12.435775       -12.435775       1929.8422                 95.943487                 406.44447                        14.807924                           9.0762574               1403.57
              3       952.99791       3.0289246       1.0467868       66.891949     0.021064947      0.11457266     0.052581821       0.9996242   0.00048115072   2.0674987e-09      0.82582218       6.5048761       519.28873       1405.3815      -12.589624       -12.589624       1931.1751                 100.55138                 406.49028                        12.247066                           6.5048761             1405.3815
             20       952.41161       3.0096743       1.0496132       67.833837     0.022110476      0.11813524     0.045237154       0.9987806    0.0017345429   2.0280793e-09      0.83098225       6.6859578       518.13569       1404.9655      -12.481967       -12.481967       1929.7871                 96.970426                 406.26612                        14.899139                           6.6859578             1404.9655
             21       953.78042       3.0115449       1.0474452       68.016704     0.021991011      0.11964157     0.046238556      0.99868551    0.0037271971   2.0318767e-09      0.83964184        6.962904       520.95801       1404.5653      -12.462691       -12.462691       1932.4862                 97.079214                 406.22538                         17.65341                            6.962904             1404.5653
              5       953.86375       3.0151776       1.0486639       68.033058     0.021847942      0.11847831     0.045633807       1.0029992    0.0043034842   2.0392713e-09      0.83751076       6.8004405       519.72207       1404.9677       -11.88133        -11.88133       1931.4902                 95.462888                 406.23685                        18.022331                           6.8004405             1404.9677
              3       953.99873       3.0141966       1.0483188       68.614133     0.022298177      0.11626018      0.04688142      0.99817461    0.0059108534   2.0372718e-09       0.8258939       6.6279888       519.57617        1406.462      -12.334359       -12.334359       1932.6662                 98.123518                 406.25916                          15.1935                           6.6279888              1406.462
              9       953.08266       3.0181724       1.0473049       67.028112     0.020611926      0.11393825     0.050723283      0.99810645    0.0017202642   2.0453876e-09      0.82247322        6.322468       518.54477       1405.9263      -12.314079       -12.314079       1930.7935                 98.570934                 406.32391                        13.649921                            6.322468             1405.9263
              1       953.49844       3.0123712       1.0467096       67.013612     0.020375465      0.11383526     0.048043357      0.99794728    0.0023226867   2.0335563e-09        0.821168       6.3389523        519.2091       1405.9765       -12.26383        -12.26383       1931.5245                 98.375008                 406.25095                        14.583144                           6.3389523             1405.9765
              3       952.86484       3.0118777       1.0489248       67.297354     0.021032397      0.11415115      0.04382036      0.99821986    0.0056519269   2.0325529e-09      0.82013656       6.3509735       518.42856        1405.645      -12.347409       -12.347409       1930.4245                 98.706771                 406.73206                        12.989729                           6.3509735              1405.645
             22       953.53927       2.9974601       1.0485414       66.812874     0.021513492      0.11582627     0.037264327      0.99846086    0.0045728515   2.0034587e-09      0.81673173       8.0495516       519.56933       1404.2825      -12.411405       -12.411405       1931.9014                 97.688069                 408.48248                        13.398782                           8.0495516             1404.2825
              5       953.16137       2.9978516       1.0484927       66.991141     0.021661541      0.11581472     0.037281109       1.0010689    0.0038512736   2.0042432e-09      0.81620734       7.5774872       519.23726        1404.527      -12.509511       -12.509511       1931.3418                 96.451979                  408.3816                        14.403686                           7.5774872              1404.527
              4       952.82548       2.9983457       1.0488283       67.030074      0.02179371       0.1164144     0.038801012      0.99997491    0.0039500522   2.0052336e-09      0.81846046       7.9268352       518.58434       1404.3415      -12.600871       -12.600871       1930.8527                 96.142816                 407.86055                        14.580966                           7.9268352             1404.3415
             20       952.77028       2.9917425       1.0499861       66.920897     0.022124292         0.11809     0.038725551       1.0000976   0.00066354993   1.9920363e-09      0.82028827       8.7839998       518.04154       1403.9153       -12.60016        -12.60016       1930.7409                 94.006131                 407.67573                        16.359683                           8.7839998             1403.9153
              8       953.82736       2.9915965       1.0491435       66.776661     0.021906226      0.11742989     0.037374087       1.0030765   0.00051354994   1.9917456e-09      0.81802122       8.5400271       518.80573       1403.9964      -11.843718       -11.843718       1931.3422                 93.293789                 408.12187                        17.390078                           8.5400271             1403.9964
              1       956.83782       2.9937135       1.0461623       66.756051     0.021909188      0.11907095     0.038596625      0.99450019   0.00087508356   1.9959665e-09      0.82515794       9.3726596       521.09375       1403.5714      -10.181089       -10.181089       1934.0378                 99.377324                  407.8995                        13.816924                           9.3726596             1403.5714
             15       959.46278       2.9989094       1.0484795       66.652216      0.02170881      0.11962811     0.037916171      0.99318964    0.0017946295   2.0063644e-09      0.83172826       9.9192384       523.40972       1403.3775      -8.8904463       -8.8904463       1936.7065                 100.72321                 408.27336                         14.41315                           9.9192384             1403.3775
              3       959.18467       3.0009421       1.0478008       66.652062     0.022073683      0.12036713     0.040095289      0.99346538   0.00097050434   2.0104469e-09      0.83291175       11.208122       522.29056       1403.2403       -9.184823        -9.184823        1936.739                 100.40359                 407.50774                        14.379225                           11.208122             1403.2403
              1       959.08253       2.9997693       1.0475239        66.61558     0.021984826       0.1202497       0.0399926      0.99339363    0.0012520336   2.0080904e-09      0.83236503       11.146652        522.0002        1403.237       -9.109388        -9.109388       1936.3838                 100.15576                 407.52282                        14.321616                           11.146652              1403.237
              3       957.36038       3.0060776       1.0475096       66.545274     0.021485475      0.11913962     0.043685117       0.9938555   0.00022784343    2.020798e-09      0.83307983       9.0969198       521.28476       1403.5001      -9.5805296       -9.5805296       1933.8818                 100.31999                 406.58309                        14.381682                           9.0969198             1403.5001
              3       958.11184       3.0105421       1.0481167       66.352091     0.021094027      0.11852692     0.043379732       0.9939098    0.0023034682     2.02984e-09      0.83495587       9.3686844       522.69045       1403.4319      -9.6336792       -9.6336792        1935.491                 101.07927                 406.76237                        14.848805                           9.3686844             1403.4319
              5       953.77152       3.0023471        1.049243       66.413816      0.02137467      0.11788467     0.036939738       1.0012392    0.0010315837   2.0132734e-09      0.82705404       9.0972815       519.78127       1403.6206      -12.478079       -12.478079       1932.4992                 97.495405                 408.41327                        13.872601                           9.0972815             1403.6206
              6       953.89905        3.002197       1.0492039       66.400357     0.021355766      0.11775965     0.036965337       1.0001357    0.0011696546   2.0129714e-09      0.82654202       9.0979662       520.26767       1403.6314      -12.599449       -12.599449        1932.997                 98.088697                 408.49929                        13.679682                           9.0979662             1403.6314
             13       954.59061       2.9988503       1.0483468       67.686841     0.022992024      0.11739437     0.033731133       1.0001507    0.0012696157   2.0062459e-09      0.81626864       7.8824751       521.74424       1404.7527      -12.599106       -12.599106       1934.3794                 100.09632                 409.95227                        11.695649                           7.8824751             1404.7527
              7       955.66429       2.9930637       1.0499658       68.692727     0.023707377      0.11798779     0.031632396      0.99789479    0.0010256158     1.99467e-09      0.81532157       6.5907933       523.37618       1405.8543      -12.246368       -12.246368       1935.8213                 100.61621                 410.94288                        11.817093                           6.5907933             1405.8543
              4       955.78359       2.9937634       1.0497037       68.912889     0.023828865      0.11803835     0.032737297       1.0032181   0.00075202963   1.9960661e-09      0.81554253        6.420844       522.48752       1406.2036      -11.772418       -11.772418        1935.112                 97.165598                 410.39914                        14.922782                            6.420844             1406.2036
              9       955.79565       2.9937881       1.0496775       68.912383     0.023823754      0.11803304     0.032787655       1.0032127   0.00076749862   1.9961154e-09      0.81555585       6.4192231       522.51724       1406.2053      -11.775231       -11.775231       1935.1418                 97.155671                 410.39914                        14.962427                           6.4192231             1406.2053
              7        953.8877       2.9929141       1.0457927       67.532293     0.021948888      0.11770156      0.04115886      0.99957333    0.0017075402   1.9943717e-09       0.8210302       6.6578164       521.54731        1404.743      -12.586358       -12.586358       1932.9481                 95.159452                 406.99141                        19.396454                           6.6578164              1404.743
              1       953.87767       2.9930631       1.0447401       67.510262      0.02244172      0.11836753     0.040551534      0.99929636    0.0018856061   1.9946687e-09      0.82035208       7.6777149       520.86768       1404.3326      -12.561313       -12.561313        1932.878                 95.981197                 407.18472                        17.701766                           7.6777149             1404.3326
              4       953.87912       2.9938027       1.0463447       67.485589     0.022619489      0.11989537     0.043829697      0.99813208    0.0017876642   1.9961446e-09      0.82661331       8.6689408       519.87541       1403.8575      -12.321792       -12.321792       1932.4018                 94.137264                 406.24279                        19.495362                           8.6689408             1403.8575
              5       956.88804       2.9940648       1.0394949       66.796638     0.021094036      0.11958108     0.045008446      0.99516317   0.00042002059   1.9966679e-09      0.83097725       7.3273643       524.20855       1403.6988      -10.729328       -10.729328       1935.2347                 98.773622                 406.23695                        19.197975                           7.3273643             1403.6988
              5       955.25454       3.0112244       1.0457599       67.636829     0.021603967      0.12135854     0.052653962      0.99902641    0.0016799594   2.0312255e-09      0.84752935       7.3519829       524.29618       1403.9111      -12.525091       -12.525091       1935.5593                 94.000788                 406.24081                        24.054578                           7.3519829             1403.9111
              2        955.8133       3.0301488       1.0407522       68.225826     0.023974403      0.12399948     0.055087687      0.99941208    0.0022961266   2.0700313e-09      0.85131883       11.561567       521.83759        1403.374      -12.573269       -12.573269       1936.7731                 100.37899                 406.34055                        15.118057                           11.561567              1403.374
              3       956.40372       3.0213125       1.0405238        68.30637      0.02407535       0.1252916     0.050527871       1.0001404    0.0032587479   2.0518204e-09      0.85289375       12.452917       522.36295       1403.1903      -12.599344       -12.599344       1938.0061                 99.150059                 405.76257                        17.450324                           12.452917             1403.1903
             11       956.84642        3.024593       1.0384583       68.268099     0.023949408         0.12424     0.051603284       0.9990034    0.0052373514   2.0585624e-09      0.85021611        12.50497       522.98099       1403.2498      -12.521465       -12.521465       1938.7358                 100.89037                  406.0153                        16.075315                            12.50497             1403.2498
              3       958.95251       3.0235267       1.0383717       68.259609     0.023924713      0.12436323     0.051237765      0.99561425    0.0052031318   2.0563685e-09      0.85040083       12.510852       524.28514       1403.2333      -11.062135       -11.062135       1940.0293                 102.93268                 406.09523                        15.257232                           12.510852             1403.2333
             18       958.04008       3.0234877       1.0377748       68.227891     0.024115935      0.12491108     0.052114674       1.0025904    0.0059668863   2.0562883e-09      0.85133826       14.142319       522.95522       1403.1108      -12.064102       -12.064102       1940.2084                 97.978615                 405.83169                        19.144918                           14.142319             1403.1108
              1       957.25131       3.0455224       1.0492937       68.548086     0.024179631      0.12194821     0.049523736       1.0012783    0.0069382258   2.1021009e-09      0.85244745       11.585153       524.12704       1403.7308      -12.470207       -12.470207        1939.443                 102.86727                 406.17834                        15.081431                           11.585153             1403.7308
              1       957.49503       3.0410752       1.0486949       68.782431     0.024189763      0.12318229     0.046641653        1.001232    0.0066844278   2.0927732e-09      0.85649524        10.98401       525.26963       1403.6954      -12.479504       -12.479504       1939.9491                 103.29561                 406.44834                        15.525675                            10.98401             1403.6954
             10       959.16583       3.0414838       1.0498961       68.431702     0.024014481       0.1247268     0.047965377       1.0058081     0.007624837   2.0936285e-09      0.86419539        13.74468       521.20276       1403.1886      -9.9021986       -9.9021986        1938.136                 98.512673                 406.09463                        16.595454                            13.74468             1403.1886
              2       959.14417       3.0396318       1.0490288       68.355517     0.023905507      0.12485402     0.047703992       1.0056028    0.0075440673   2.0897546e-09      0.86412245       13.822362       521.49298       1403.1521      -10.089573       -10.089573       1938.4675                 98.511517                 406.13261                        16.848856                           13.822362             1403.1521
              8       959.14683       3.0396126       1.0490341       68.355082      0.02390631      0.12485982     0.047698337       1.0056034     0.007537739   2.0897146e-09      0.86413112       13.828579       521.49189       1403.1514      -10.089117       -10.089117       1938.4719                 98.506223                 406.13261                        16.853061                           13.828579             1403.1514
              3       957.91556       3.0432927       1.0491168       68.616563     0.023906423      0.12275646     0.047836852       1.0054785    0.0083166274   2.0974192e-09       0.8574596       11.427246       521.20159       1403.6019      -10.199812       -10.199812       1936.2307                  100.1227                 406.20001                         14.87888                           11.427246             1403.6019
              9       956.76626       3.0381971       1.0486651       68.333257     0.023530281       0.1222165     0.047324084         1.00441    0.0087914513   2.0867588e-09      0.85446801       11.505745       520.59512       1403.5217      -11.045047       -11.045047       1935.6226                 99.528682                 406.23283                        14.833604                           11.505745             1403.5217
              2        957.4013       3.0469833       1.0483811       68.471738      0.02411629      0.12115289     0.051995624       1.0062814    0.0084394348   2.1051742e-09      0.84970163       11.944339       517.99398       1403.7531      -9.4444116       -9.4444116       1933.6914                 99.007925                 405.98306                        13.002989                           11.944339             1403.7531
             10       956.58974       3.0413344       1.0486681       68.486557     0.023945429      0.11966785     0.048814412        1.005878    0.0090678913   2.0933158e-09      0.84202113       10.662635        518.0712       1404.1194      -9.8368894       -9.8368894       1932.8533                  99.87851                 406.03051                         12.16218                           10.662635             1404.1194
              1       954.64666       3.0197605       1.0473596       69.437146      0.02424031      0.12026115      0.04666855       1.0030554    0.0064115796   2.0486385e-09      0.83555304       7.3351772       520.32839       1405.3379      -11.854104       -11.854104       1933.0015                  96.99315                 406.06567                        17.269574                           7.3351772             1405.3379
             14       956.82746       3.0143739       1.0487458       69.883582     0.024163312        0.122192     0.040284701       1.0017818    0.0056768386    2.037633e-09      0.84415178       7.2079741       525.71715       1405.4237      -12.346934       -12.346934       1938.3488                 99.034112                 407.87022                        18.812818                           7.2079741             1405.4237
              3       959.18479       3.0242588       1.0463785       70.857916     0.024459095      0.12045458      0.04336331       1.0018877     0.004850676   2.0578747e-09       0.8403546       8.5573802       526.45993        1407.984       -12.31585        -12.31585       1943.0013                 102.37423                 407.19836                        16.887338                           8.5573802              1407.984
              9       958.53866       3.0197443        1.048284       70.710258     0.024421446      0.11883747     0.039247609       1.0016215    0.0064131258   2.0486053e-09      0.83186533       7.9883687       525.58326       1408.2868      -12.390581       -12.390581       1941.8585                 102.75494                 408.51531                        14.313009                           7.9883687             1408.2868
              1       958.88673        3.025011       1.0476969         70.5543     0.024174465      0.12066848     0.040320318       1.0021545    0.0056050733   2.0594231e-09      0.84330679       8.1240302       526.83463       1407.2739      -12.229566       -12.229566       1942.2326                 103.27132                 408.14336                        15.419949                           8.1240302             1407.2739
             11       955.99924       3.0289936       1.0498354       70.254597     0.024319784      0.12062058     0.046166261       1.0027308    0.0034339175   2.0676413e-09      0.84316474       7.5943291       521.45695       1406.9559      -12.004341       -12.004341       1936.0072                 100.23608                 406.41822                        14.802654                           7.5943291             1406.9559
              3       955.02411       3.0361895       1.0497875       70.104189     0.024893752      0.12215314     0.061439844      0.99966449   0.00032085916   2.0825735e-09      0.84813788       7.3665066        521.7033       1406.1622      -12.591916       -12.591916        1935.232                 97.303333                 407.36959                        17.030376                           7.3665066             1406.1622
              7       956.52813       3.0364734       1.0497538       70.103308     0.024911256      0.12213112     0.061525092       1.0011349   0.00043047303   2.0831649e-09      0.84805041       7.3638174        524.5398       1406.1484      -12.497889       -12.497889        1938.052                 99.205962                 407.35669                        17.977147                           7.3638174             1406.1484
              1       957.15118       3.0411257       1.0466373       69.998755     0.024245133      0.11993217     0.065921894       1.0001813    0.0010512113    2.092879e-09      0.84323491       7.5861697        524.7481       1407.1647      -12.598292       -12.598292       1939.4989                 97.324535                  409.6147                        17.808867                           7.5861697             1407.1647
              3       956.80542       3.0495402       1.0485111        69.42672     0.023533396      0.11923218     0.067780738       0.9980194    0.0029186192   2.1105639e-09      0.84775229       7.5330337       524.19408       1406.4579      -12.287099       -12.287099        1938.185                 98.534836                 411.26887                         14.39037                           7.5330337             1406.4579
             10       956.27044       3.0501111       1.0470849       69.360236      0.02344577      0.11902217     0.066254681       0.9991735    0.0040185878   2.1117691e-09      0.84718066       7.4686021       523.84282        1406.322      -12.546274       -12.546274       1937.6334                 99.017367                 410.61814                         14.20731                           7.4686021              1406.322
              2       955.46048       3.0470156       1.0484621       68.942625     0.022864137      0.11683485     0.063901376      0.99774208    0.0068835349   2.1052421e-09      0.83955953       7.1542703       521.73479        1406.418      -12.193066       -12.193066       1935.3071                 99.008397                  409.8105                        12.915886                           7.1542703              1406.418
              1       956.24009       3.0561775       1.0489275       69.208236     0.023572619      0.11710232     0.069817706      0.99783697    0.0087814473   2.1246189e-09      0.84114098       7.3805503       523.33866       1406.2142      -12.226625       -12.226625       1936.9334                 98.097079                  412.5405                        12.701077                           7.3805503             1406.2142
              4       957.07618        3.046657        1.046588       69.679894     0.024037897      0.12001245     0.067693035       0.9979361    0.0053026079   2.1044874e-09      0.84730735       7.4447336       525.18525       1406.0427      -12.260146       -12.260146       1938.6727                 97.728981                 411.01372                        16.442545                           7.4447336             1406.0427
              4       958.07433       3.0505271       1.0492616       69.583294     0.024059207      0.12012303     0.067969722      0.99539564    0.0038180329   2.1126478e-09      0.84961085       7.5273622       524.42395       1406.0072      -10.904908       -10.904908       1937.9585                 99.692578                 411.23373                        13.497641                           7.5273622             1406.0072
              9         955.693       3.0516267       1.0495931       69.584871     0.024187438      0.12024037     0.068496583       0.9994366    0.0037753168    2.114972e-09      0.84985234       7.5624299       523.06103       1405.9136      -12.575528       -12.575528       1936.5371                 97.113999                 411.18463                        14.762402                           7.5624299             1405.9136
             12       956.07686       3.0476814        1.049048       69.292346     0.024041027      0.12109066     0.069826324      0.99925376    0.0033135079   2.1066443e-09       0.8518655       7.7815869       524.25995       1405.2249      -12.556372       -12.556372       1937.2665                 95.333511                 411.93706                        16.989376                           7.7815869             1405.2249
              3       956.22239       3.0506883       1.0496758       69.301384     0.024079594       0.1201944     0.072174846       1.0005887     0.003317307   2.1129884e-09      0.84902919       7.6178064       524.41391       1405.5594      -12.573193       -12.573193       1937.5912                 94.234695                 413.03332                        17.145895                           7.6178064             1405.5594
              8       954.98765        3.036656       1.0464689       69.412605     0.024806726      0.11720337     0.064719532      0.99732709    0.0041958313   2.0835453e-09      0.82392922         7.14958       520.28315       1406.6013      -12.029367       -12.029367        1934.034                 97.725849                 408.65779                        13.899511                             7.14958             1406.6013
             10       952.94765       3.0375268        1.048151       68.823863     0.024687084      0.11683408     0.062289715       1.0004444    0.0041641392   2.0853604e-09      0.82220603       8.3775358       516.91974       1405.7683      -12.585123       -12.585123       1931.0655                 96.429141                 407.56364                        12.926959                           8.3775358             1405.7683
              4       952.88894       3.0369035       1.0483074       68.883134      0.02456678      0.11655671     0.061437446       1.0014465    0.0043827914   2.0840609e-09      0.82174199       7.9232444       516.71285       1406.0088      -12.433528       -12.433528       1930.6449                 95.991759                 407.25213                        13.468964                           7.9232444             1406.0088
              3       953.28352       3.0289354       1.0478442       68.089506     0.023589765      0.11806336      0.06204722       1.0009443    0.0045101673    2.067521e-09      0.82941729       9.0810609        517.9616       1404.5836      -12.529582       -12.529582       1931.6262                 92.842335                 407.87716                          17.2421                           9.0810609             1404.5836
              1       953.10495       3.0274769       1.0499205       68.051566     0.023580139      0.11806645     0.062290722       1.0006892    0.0049590616   2.0645077e-09      0.82955609       9.3591767        517.4801       1404.4965      -12.562918       -12.562918       1931.3357                 91.415459                 407.87473                        18.189909                           9.3591767             1404.4965
             20       954.54544       3.0259408       1.0496729       68.131222     0.023554747      0.11808069     0.061188487      0.99524303    0.0050773139   2.0613389e-09      0.82934404       8.9825716       517.09706       1404.5925       -10.79062        -10.79062       1930.6721                  94.92505                 407.78098                        14.391032                           8.9825716             1404.5925
              8       955.38105       3.0261021       1.0496754       68.132711     0.023543395      0.11821923     0.061153141      0.99429913    0.0049063889   2.0616714e-09      0.83008667       8.9544377       517.23964       1404.5699       -10.00093        -10.00093        1930.764                 95.583301                 407.83242                        13.823922                           8.9544377             1404.5699
              3       955.40359       3.0253995       1.0485462       68.076789     0.023637092      0.11833871     0.060556515      0.99446471    0.0045771856   2.0602234e-09      0.82908802       9.3563675       517.28881       1404.4615      -10.149769       -10.149769       1931.1067                 96.127488                 407.61898                        13.542343                           9.3563675             1404.4615
              9       956.26886       3.0291499       1.0499595       67.933945     0.023432773      0.11847269     0.060134523      0.99361063    0.0028293509   2.0679645e-09      0.83226681       9.0132622       517.74066       1404.4538      -9.3349934       -9.3349934       1931.2077                 97.921969                 407.62104                         12.19765                           9.0132622             1404.4538
              5       953.32451       3.0269797         1.04857       67.844132     0.023176055      0.11687985     0.056863838      0.99633994     0.005142268   2.0634814e-09       0.8256341       8.7858291       516.20954       1404.7121      -11.529237       -11.529237       1929.7075                 97.450465                 406.64018                        12.118896                           8.7858291             1404.7121
             10       953.32264       3.0269633       1.0485788       67.844775     0.023176206       0.1168779     0.056856195      0.99633872    0.0051408305   2.0634478e-09      0.82562222       8.7824404       516.20618       1404.7137      -11.528526       -11.528526       1929.7023                  97.45016                 406.63425                        12.121769                           8.7824404             1404.7137
              9        953.1095       3.0307289       1.0491363       67.872953     0.023285085      0.11706207     0.058463621       1.0039861     0.004906452   2.0712324e-09      0.82749809       8.9771089       515.22374       1404.6777       -11.32979        -11.32979       1928.8786                 92.871662                 406.69546                        15.656623                           8.9771089             1404.6777
              7       953.92596       3.0214993       1.0473848       68.017206     0.024093262      0.11620595     0.051679797       1.0046494    0.0027944736   2.0522037e-09      0.81378997       9.5060325       514.97983       1405.1092      -10.871593       -10.871593       1929.5951                 95.070253                 405.26315                        14.646422                           9.5060325             1405.1092
              9       954.49646         3.02137       1.0483762       68.376399     0.024597511      0.11630706     0.050127251       1.0052331    0.0034056886   2.0519383e-09      0.81237422       9.5164125         514.926       1405.3707      -10.410102       -10.410102       1929.8131                 95.156625                 405.28245                        14.486925                           9.5164125             1405.3707
             12       952.78146       3.0290859        1.048554       68.479684     0.024523442      0.11520328     0.052408895       1.0028429    0.0035714802   2.0678321e-09      0.81130187       8.6139481       514.85569        1406.002      -11.954354       -11.954354       1929.4716                 97.917839                  405.4261                        11.511751                           8.6139481              1406.002
              3       953.89848       3.0127795        1.048732       67.493723     0.023464805      0.11268388     0.049855362       0.9973745    0.0064204752   2.0343866e-09      0.79787809         10.2326        516.1784       1405.4849      -12.049462       -12.049462       1931.8959                 96.941316                 405.52093                        13.716157                             10.2326             1405.4849
              1       955.25737       3.0143487       1.0493398       67.276238     0.023580591      0.11088443      0.04895161       1.0014393    0.0054734178   2.0375816e-09       0.7886964       10.991812       518.45474       1405.9386      -12.435184       -12.435184       1935.3851                 95.781576                 405.40203                        17.271134                           10.991812             1405.9386
             10       953.55102       3.0138084       1.0484807       67.708676     0.023939589      0.11373082     0.050029895      0.99806112    0.0041776363   2.0364811e-09      0.80006737       10.238304       515.98508        1405.479       -12.30018        -12.30018       1931.7024                 97.296124                 405.42759                         13.26136                           10.238304              1405.479
              2       954.66469       3.0143004       1.0482859       67.374169     0.023245378        0.110691      0.05030735      0.99774229    0.0042003396   2.0374831e-09      0.78967504       8.9536822        518.2334       1406.5286      -12.193142       -12.193142       1933.7157                 98.117571                 405.47977                        14.636065                           8.9536822             1406.5286
             10       955.24874       2.9939287       1.0469135       66.974645     0.022746866       0.1136313     0.045312896      0.99676969    0.0029515145   1.9963962e-09      0.79669073       9.7207114       519.34488       1404.9641      -11.766132       -11.766132       1934.0297                 95.072945                 405.86272                        18.409214                           9.7207114             1404.9641
              4        956.1605       2.9932415        1.043836       67.021928     0.022444743      0.11269404     0.044949009      0.99731131    0.0051498215   1.9950247e-09      0.79380823       8.9853085       522.10883       1405.2721      -12.022597       -12.022597       1936.3662                 95.728486                 406.00806                        20.372281                           8.9853085             1405.2721
              9        955.6638       2.9858045       1.0474427        66.84023     0.021730403      0.11373867     0.040513401      0.99862578    0.0078503354   1.9802426e-09      0.80154437       8.7670691       522.84107       1404.6191      -12.449842       -12.449842       1936.2273                 92.741946                 407.12215                        22.976981                           8.7670691             1404.6191
              2       955.95259        2.985332       1.0471323       66.748898     0.021628555      0.11353209     0.040342986      0.99921822    0.0080274479   1.9793073e-09      0.80077269       8.8771178       523.54932       1404.5828      -12.552028       -12.552028       1937.0092                 92.433493                 407.17209                        23.943736                           8.8771178             1404.5828
              2       956.01176       2.9866806       1.0469262       66.704639      0.02163853       0.1139876     0.041352772      0.99725479    0.0090420403   1.9819784e-09      0.80333618       9.5960029       522.12852       1404.2951      -11.998029       -11.998029       1936.0196                 93.308808                 406.88825                        21.931468                           9.5960029             1404.2951
              2       956.16535       2.9866146       1.0467699       66.821523     0.021605563      0.11351166     0.040337973      0.99717336    0.0096470645   1.9818476e-09      0.80179542       8.9530763       522.75341       1404.5477      -11.961731       -11.961731       1936.2542                 94.113034                 407.27172                        21.368661                           8.9530763             1404.5477
              2       957.09767       2.9975992       1.0440665       67.831246     0.023092085      0.11258228     0.045327148      0.99727758     0.011617402   2.0037374e-09      0.79442805       9.0531854       523.52739       1405.6308      -12.007996       -12.007996       1938.2113                 96.422662                 406.16509                        20.939643                           9.0531854             1405.6308
              2       959.06026       2.9896191        1.043756       68.345832        0.021907        0.111505     0.036497822      0.99874763     0.011041509   1.9878109e-09       0.7953573       6.3742933        528.9247       1407.7724      -12.475447       -12.475447       1943.0714                 98.806895                 409.00547                        21.112339                           6.3742933             1407.7724
              6        957.7397       2.9921009       1.0437554       67.068746     0.020300575      0.10918231     0.037843036      0.99889154      0.01020938   1.9927504e-09      0.79269496        6.257502       526.89047       1407.3367      -12.502628       -12.502628       1940.4847                 98.419079                 408.37208                        20.099317                            6.257502             1407.3367
             11       959.64137       2.9827273       1.0453236       66.822409     0.020141909      0.10859277     0.036173212      0.99606933    0.0085309934   1.9741584e-09      0.78675788       6.2954029       528.23664       1407.4805      -11.364909       -11.364909       1942.0126                 97.750219                 408.92567                        21.560746                           6.2954029             1407.4805
              1       958.53621       2.9852334       1.0459148       66.634799     0.019813738      0.10933941     0.037484978       1.0002207    0.0089686249    1.979112e-09       0.7932581       6.1295578       529.33284       1406.8041      -12.597024       -12.597024       1942.2665                 94.523542                 408.26341                        26.545885                           6.1295578             1406.8041
              6       955.23832       3.0071443       1.0493954       67.349057     0.021078892      0.10922442     0.042017687      0.99624454     0.011268775   2.0229548e-09       0.7962249        6.382238       519.71991       1407.3198      -11.472643       -11.472643       1933.4219                 100.00451                 407.26969                        12.445708                            6.382238             1407.3198
             32       954.93543       3.0060454       1.0499968       67.197527     0.020912655      0.10888227     0.041920969       1.0021675     0.010901792   2.0207329e-09      0.79498115        6.376876       520.61113        1407.333       -12.22508        -12.22508        1934.321                 95.748775                 407.07053                        17.791827                            6.376876              1407.333
              8       956.52979        2.996715       1.0450836       67.764249     0.022899233      0.11402958     0.047577872       1.0016192    0.0059140751   2.0019665e-09      0.80096681       7.7022556       524.46857       1405.6711      -12.391172       -12.391172       1937.8419                  92.03013                 405.50143                        26.937017                           7.7022556             1405.6711
             22       957.14111       3.0098182       1.0465855       68.506004     0.023910672      0.11248172     0.050022675       1.0029807    0.0098501376   2.0283712e-09      0.79568051       8.0118168       523.31223       1406.7385      -11.890173       -11.890173       1938.0626                 93.388648                 405.40084                        24.522749                           8.0118168             1406.7385
              4       957.02704       3.0143992       1.0498717       68.424863     0.023777663      0.11123411     0.058200252      0.99865839    0.0091021564   2.0376844e-09      0.79313344       7.6620022       523.92591         1407.38      -12.456929       -12.456929       1938.9679                  91.76679                 406.10132                        26.057797                           7.6620022               1407.38
              2       955.93045       3.0158089       1.0494563       68.146261     0.023266927      0.11035034     0.056015386      0.99902743     0.010254542    2.040559e-09      0.79223141       7.5790284       521.96996       1407.3624       -12.52525        -12.52525       1936.9114                 93.212939                 405.95438                        22.802642                           7.5790284             1407.3624
              2         955.867       3.0156839       1.0494419       68.148914     0.023256994      0.11035268     0.055981365      0.99763503     0.010265894   2.0403041e-09      0.79226501       7.5563581       521.11438       1407.3702      -12.153476       -12.153476       1936.0409                 94.047242                 405.97095                        21.096186                           7.5563581             1407.3702
             12       955.35173       3.0165523       1.0491274       68.531838      0.02366904      0.11127523     0.055143408      0.99840605     0.010709025   2.0420765e-09      0.79529063       7.4569065       520.64889        1407.393      -12.397668       -12.397668       1935.4988                 94.359029                 405.81639                        20.473468                           7.4569065              1407.393
              9       955.59638       3.0280038       1.0491069        68.65333     0.024279575       0.1111367     0.059152049      0.99896949     0.013276266   2.0655959e-09      0.79597887       8.8611676       520.34707       1407.0165      -12.515966       -12.515966       1936.2247                 95.235021                 406.60554                        18.506506                           8.8611676             1407.0165
              2       956.90555       3.0371737       1.0481683       70.072023     0.025562079      0.11184773     0.061520377      0.99891895     0.014741827   2.0846243e-09      0.79833459       7.5147397        522.5963       1408.7149      -12.507428       -12.507428        1938.826                 97.603557                 407.09738                        17.895359                           7.5147397             1408.7149
              1       957.76794       3.0385839       1.0465662       70.314697     0.025849399      0.11136486     0.060174947       0.9979076     0.016308352   2.0875661e-09      0.79509254       7.5883855       523.33999       1409.1088       -12.25067        -12.25067       1940.0372                  100.4392                 406.81385                        16.086934                           7.5883855             1409.1088
              4       958.39438        2.999571       1.0442566        69.11774     0.023250323      0.11307969     0.043805691      0.99673552     0.011957662   2.0076922e-09      0.80012365       6.4418895       526.15434       1407.6893      -11.748377       -11.748377       1940.2855                  98.55223                  406.7815                        20.820606                           6.4418895             1407.6893
             11        960.3359       3.0092138       1.0499467       66.497344     0.019736945      0.10458112     0.031020607       1.0046004    0.0091754604   2.0271457e-09      0.78125054       6.8626147       526.29764       1409.3272      -10.907796       -10.907796       1942.4874                 102.84108                 411.26941                        12.187146                           6.8626147             1409.3272
              7       958.81721       3.0103714       1.0488277       66.394047     0.019568121      0.10483085     0.031955164       1.0013909    0.0088229295   2.0294935e-09      0.78343185       6.7955876       526.65239       1409.0787      -12.446152       -12.446152       1942.5267                 105.07081                 410.97975                         10.60183                           6.7955876             1409.0787
              2       958.25802       3.0106836       1.0464398       66.462737     0.020396405      0.10777069     0.030747153        1.003388     0.010429551   2.0301274e-09      0.79184952       6.6853168       526.43253       1406.7634      -11.682617       -11.682617       1939.8813                 105.03799                 411.48458                        9.9099576                           6.6853168             1406.7634
              7       958.28534       3.0040411       1.0438873       66.479547     0.019589252      0.11006222     0.028630162       1.0018377     0.010957078   2.0166868e-09      0.80508652       6.1280777       529.09917        1406.005       -12.33076        -12.33076       1941.2322                 105.57334                 412.38378                         11.14205                           6.1280777              1406.005
             14       958.49829       3.0483301        1.047177       68.217247     0.020467553      0.10813507     0.052761171        1.001154     0.011172173   2.1080114e-09      0.81340933       9.6338456       521.91121       1410.4403      -12.494387       -12.494387       1941.9854                 104.86172                 407.31508                         9.734412                           9.6338456             1410.4403
              6       958.34226       3.0484597       1.0469479       68.085086     0.020344301       0.1082703     0.052658118       1.0012652     0.010971702   2.1082846e-09      0.81453297       9.3887105       522.11532       1410.1262      -12.472859       -12.472859       1941.6302                 104.90725                 407.34936                        9.8587055                           9.3887105             1410.1262
              2       958.10402       3.0489481       1.0458489       67.994031     0.020420713      0.10625066     0.057713427       1.0002051     0.014201085   2.1093145e-09      0.80418875        8.585799       522.21017       1410.6072      -12.597558       -12.597558       1941.4032                 103.50388                 408.56173                        10.144561                            8.585799             1410.6072
             20       957.50601       3.0493033       1.0462778       68.121667     0.020807645      0.10648254     0.057814752       1.0010234     0.014401823    2.110064e-09      0.80327718       8.0722503       521.50764       1410.4664      -12.517135       -12.517135       1940.0463                 102.91791                 408.36002                        10.229704                           8.0722503             1410.4664
             25       959.70875       3.0464764        1.046215       68.046374     0.020617491      0.10688365      0.05698295      0.99580135      0.01384724   2.1041074e-09      0.80515711       8.1950101       523.37178        1410.232      -11.190629       -11.190629       1941.7988                 105.76403                 408.39511                        9.2126406                           8.1950101              1410.232
              1       957.21352       3.0441343       1.0468939        68.68196     0.021282953      0.10940489     0.056059201      0.99835476     0.015021071    2.099185e-09      0.81416608       8.0755798       521.63499       1409.4852      -12.384376       -12.384376       1939.1958                 103.18669                 407.83096                        10.617338                           8.0755798             1409.4852
              2       956.35611       3.0479402       1.0429171       68.740688     0.022381507      0.11477169     0.061458538       1.0024755     0.010742789   2.1071896e-09      0.83197348       6.9604279       523.27501       1406.6981      -12.110682       -12.110682       1936.9336                 100.46254                 409.06188                        13.750594                           6.9604279             1406.6981
              7       953.93428       3.0190566       1.0426495       67.981305      0.02203745      0.11434007     0.049473018       1.0020523      0.00789301   2.0471969e-09      0.81752882       6.5175295       519.84062       1406.0383      -12.263967       -12.263967       1932.3965                 98.014852                 406.01238                        15.813392                           6.5175295             1406.0383
              4       954.20578       3.0075219       1.0478148       67.255806     0.021476759      0.11568165     0.041991388       1.0033008    0.0099337053   2.0237188e-09      0.82275542       7.7822143       519.65218       1404.4358      -11.729319       -11.729319       1931.8702                 94.872554                 406.98527                        17.794361                           7.7822143             1404.4358
              3       952.85861       3.0188267        1.047218       67.778449     0.022639696      0.11631371     0.048168272       1.0031286    0.0077449769   2.0467263e-09      0.82326329       8.2186669        516.3918       1404.7425      -11.817848       -11.817848       1929.3529                 95.641026                  405.8288                        14.921973                           8.2186669             1404.7425
             28       952.14925       3.0226195       1.0473063       67.852399     0.022721978      0.11591507     0.050325805       1.0005054    0.0086200963   2.0545039e-09      0.82287596       8.2622007       516.32942       1404.8679      -12.580489       -12.580489       1929.4595                 97.167249                 405.92902                        13.233145                           8.2622007             1404.8679
              8       952.70997        3.033128       1.0488726       66.556264     0.021343694      0.11448887     0.052509562       1.0038086    0.0057547179   2.0762074e-09      0.82599917        8.798566       515.18095       1404.3215      -11.440515       -11.440515        1928.301                 96.621738                 406.29897                        12.260244                            8.798566             1404.3215
              6       952.44923       3.0351177       1.0486654       66.586328     0.021175747      0.11404461     0.052906945       1.0023898    0.0058927827   2.0803426e-09       0.8259919       8.1801134       516.46695       1404.5394      -12.144026       -12.144026       1929.1865                 98.024244                  406.5379                        11.904811                           8.1801134             1404.5394
              5       953.27757       3.0313312       1.0466438        66.03089     0.020679145       0.1150572     0.050861284       1.0023885     0.005649851   2.0724803e-09      0.83011342       9.4764194       517.59157       1403.7762      -12.144517       -12.144517       1930.8442                 98.331513                 406.42201                        12.838048                           9.4764194             1403.7762
              2       955.03329       3.0264118        1.046181        66.42157     0.020916965      0.11915042      0.04654956       1.0007489    0.0028648573   2.0623101e-09      0.84534845       9.3036091       522.49609        1403.379      -12.556055       -12.556055       1935.1787                 100.33653                   406.387                        15.772568                           9.3036091              1403.379
              5       956.08814       3.0271351       1.0459085        66.70325     0.021554373      0.11971487     0.047245481       1.0059413    0.0033614271   2.0638021e-09      0.84468861       10.187736       518.18724       1403.3553      -9.7769774       -9.7769774       1931.7302                 96.999258                 406.06065                        15.127331                           10.187736             1403.3553
             28       954.61869       3.0218234       1.0476285       67.073634     0.022317148      0.12288376     0.051275447       1.0036478   0.00029240625    2.052869e-09      0.85220599       11.081954       518.08648       1403.1418      -11.536405       -11.536405       1932.3102                 94.403081                 405.79946                        17.883941                           11.081954             1403.1418
              9       954.60569        3.021989       1.0476285       67.065648      0.02231138      0.12284898     0.051376367       1.0036473   0.00031618718   2.0532089e-09      0.85214188       11.098624       518.04439       1403.1417      -11.536681       -11.536681       1932.2847                 94.398965                 405.79836                        17.847071                           11.098624             1403.1417
              6       954.17655       3.0250955       1.0489537       68.022625     0.023348946      0.12261088     0.051100737       1.0042698    0.0019731141   2.0595972e-09      0.84937125       9.9572836       517.08695       1403.5937      -11.142403       -11.142403       1930.6379                 94.637373                 405.63967                        16.809906                           9.9572836             1403.5937
              4       954.19486       3.0243813       1.0488005       67.885049     0.023219311      0.12231076     0.051190046       1.0045569    0.0016769566   2.0581268e-09      0.84805518       9.9642555       516.72646       1403.5784      -10.939708       -10.939708       1930.2691                 94.331397                 405.59722                        16.797847                           9.9642555             1403.5784
             13       954.48956       3.0248354       1.0483726        67.88347     0.023229081       0.1224188     0.051030359       1.0046259     0.002230676   2.0590615e-09      0.84863598        10.24506       516.98745       1403.5246       -10.88902        -10.88902       1930.7572                 94.490282                 405.66156                        16.835603                            10.24506             1403.5246
              1         953.227       3.0268555       1.0479436       67.893167      0.02327851      0.12162198      0.05160769       1.0021993    0.0023466791   2.0632252e-09      0.84555073       9.9970167       517.20964       1403.6753      -12.213971       -12.213971       1930.8819                 96.617727                 405.79248                        14.799437                           9.9970167             1403.6753
              7       953.94322       3.0348918       1.0482302       67.501027     0.023101511      0.12057464     0.055171071       1.0023672    0.0056431663   2.0798728e-09      0.84506695       12.388517        516.3871       1403.4161      -12.152617       -12.152617       1932.1917                 96.082268                 406.39126                        13.913572                           12.388517             1403.4161
             18       954.08196       3.0367161       1.0484266       67.773805     0.023371227      0.12128039     0.055697536       1.0024492    0.0054461666   2.0836706e-09      0.84805816       12.078764       516.86948       1403.4578      -12.121038       -12.121038        1932.406                   96.2296                 406.46497                        14.174905                           12.078764             1403.4578
             12       954.19793        3.036445       1.0483489       67.867515     0.023436007      0.12126873     0.055508063       1.0035344    0.0051148741   2.0831057e-09      0.84765497        11.60994       516.45148       1403.5376      -11.601564       -11.601564        1931.599                 95.753282                 406.33604                        14.362163                            11.60994             1403.5376
              9       954.12495       3.0363893       1.0483293       67.867178     0.023439324      0.12128934      0.05548717      0.99995987    0.0051091625   2.0829897e-09        0.847693       11.630878       518.28751       1403.5331      -12.600793       -12.600793       1933.4515                 97.977456                 406.52331                        13.786752                           11.630878             1403.5331
             10       953.41156       3.0310236       1.0479048       66.537252     0.021596034      0.11745425     0.057856896       1.0040139    0.0018097017   2.0718429e-09      0.83565389        9.527728       516.18518       1403.7342      -11.312007       -11.312007       1929.4471                 93.878345                   407.337                        14.969841                            9.527728             1403.7342
              4       954.37423       3.0347048       1.0472069       66.101287     0.021015082      0.11718168     0.060408439       1.0039369     0.003320883   2.0794838e-09      0.83869504       10.391303       517.62861       1403.4505      -11.360993       -11.360993       1931.4704                  93.26616                 408.74388                        15.618562                           10.391303             1403.4505
              3       953.93558       3.0379561       1.0466193        66.33757     0.021087816      0.11664296      0.06245773       1.0024691     0.002920911   2.0862558e-09      0.83760357        9.129842       519.19026       1403.7774      -12.113195       -12.113195       1932.0975                 94.718301                 409.73704                        14.734914                            9.129842             1403.7774
              9       955.71245        3.038577       1.0468462       66.146693     0.021051606      0.11590072     0.062027055       1.0058688    0.0023547355   2.0875516e-09      0.83405933       9.3722737       517.93302       1403.8106      -9.8454963       -9.8454963       1931.1159                 93.317443                 409.29209                        15.323489                           9.3722737             1403.8106
              4       955.33208       3.0348016       1.0455866       66.301981      0.02122004      0.11524809     0.060563781       1.0056482    0.0024667873   2.0796851e-09      0.82846068       8.8528237       517.81385        1404.095      -10.048772       -10.048772       1930.7617                 93.801103                 408.47359                        15.539152                           8.8528237              1404.095
              7       954.05833       3.0365443       1.0462401       66.242338     0.021050782      0.11496292     0.061348483       1.0038127    0.0024849122   2.0833125e-09      0.82907581       8.5889658       518.25115       1404.1525      -11.437969       -11.437969       1930.9926                 94.762213                 409.01813                        14.470804                           8.5889658             1404.1525
              1        954.6115         3.03645       1.0458062       66.573128     0.021218847      0.11285153     0.065097276      0.99821382    0.0021241927   2.0831162e-09       0.8189114       7.1555387       521.44835       1405.3105      -12.345688       -12.345688       1933.9144                 97.315023                 410.78423                        13.349092                           7.1555387             1405.3105
              1       955.09152       3.0186278       1.0437891       65.277038     0.018964146       0.1105002      0.05583239       1.0012264   8.0111537e-05   2.0463193e-09      0.81149423       6.1047397       523.73877       1405.3007      -12.480589       -12.480589       1935.1442                  96.18456                 407.77957                        19.774642                           6.1047397             1405.3007
              1       954.91723       3.0160987       1.0434358       65.303444     0.019064618      0.11065265     0.054917164       1.0009573   0.00042271171   2.0411504e-09      0.81051016       6.1705137       523.51626       1405.2029      -12.527609       -12.527609       1934.8897                  96.04712                 407.43651                        20.032624                           6.1705137             1405.2029
              6       955.29717        3.027409       1.0459125       65.317407     0.018625679      0.10807143     0.056035782       1.0025108    0.0085317794   2.0643674e-09       0.8085709       6.3328328       522.86093       1405.5938      -12.096596       -12.096596       1934.7875                 95.152569                 408.27395                        19.434415                           6.3328328             1405.5938
             12       954.71344       3.0201775       1.0455422       65.276054     0.018128215      0.10908151     0.053119743       1.0004548    0.0082252118   2.0494929e-09      0.81372391       6.1042826       523.15108       1405.3403      -12.584373       -12.584373       1934.5956                 95.617019                 407.77757                         19.75649                           6.1042826             1405.3403
              7       955.46091       3.0144409       1.0470185       65.730098     0.018764881      0.10933881     0.053341917      0.99610115    0.0065442147   2.0377695e-09       0.8095067       6.0808583       521.68967        1405.921      -11.384836       -11.384836       1933.6915                  96.31648                 407.43014                        17.943042                           6.0808583              1405.921
             15        954.4891       3.0182744       1.0453021       66.313628     0.019889485      0.11273219      0.05631004       0.9964539    0.0060382906   2.0455962e-09      0.82011373       6.4330409        520.6833       1405.0517      -11.594933       -11.594933       1932.1681                 96.043556                 407.87854                        16.761198                           6.4330409             1405.0517
             14       957.15005       3.0061628       1.0481015        65.59239     0.018623863      0.11314498     0.056716014      0.99535237   0.00049131134   2.0209701e-09      0.82341867       6.0873073       525.10861       1404.8499      -10.872884       -10.872884       1936.0459                 92.877697                 408.37998                         23.85094                           6.0873073             1404.8499
              5       957.03102       3.0064582       1.0481396       65.617321     0.018670648      0.11310551     0.056775923      0.99536358   0.00062020529   2.0215673e-09       0.8231448       6.0856117       524.86741       1404.8714      -10.881207       -10.881207       1935.8245                 92.836852                 408.37821                        23.652346                           6.0856117             1404.8714
              4       956.63589       3.0161663       1.0466394       65.327945     0.018444402      0.11297814     0.060722217      0.99751598    0.0029800843   2.0412884e-09      0.82730331       6.2794532       526.83096        1404.376      -12.107294       -12.107294       1937.4864                 92.107975                 410.48371                        24.239267                           6.2794532              1404.376
              3       954.97839       3.0450194       1.0402772       66.716867     0.020979538      0.11232087     0.056031703       1.0013058     0.012061208   2.1010439e-09      0.82246697       8.2837573       521.80878       1404.7933      -12.464511       -12.464511       1934.8858                 103.23124                 407.93195                        10.645592                           8.2837573             1404.7933
              3       955.15696       3.0455617       1.0468272       68.157093     0.023484018      0.11529971     0.055372167       1.0020609     0.017991533   2.1021835e-09      0.82706314       12.162471       518.30232       1404.3714      -12.261147       -12.261147       1934.8362                 100.72928                 406.75714                        10.815895                           12.162471             1404.3714
              1       955.57864       3.0479429       1.0453858       66.986072     0.021116348      0.11388555     0.057203027      0.99875574     0.015930424   2.1071953e-09      0.83336868       9.3448132       522.50769       1404.2589      -12.477067       -12.477067       1936.1114                 102.43676                 408.50802                        11.562906                           9.3448132             1404.2589
              4       955.49805       3.0480064       1.0457967       66.994226     0.021111584      0.11396475     0.057140758      0.99876687     0.015798208   2.1073292e-09       0.8339287       9.3013508        522.3959       1404.2574      -12.479272       -12.479272       1935.9546                 102.27922                 408.46916                        11.647523                           9.3013508             1404.2574
              3       955.40006       3.0298182        1.047747       66.392602     0.021164296      0.11315247     0.048328109        0.998598     0.017721172    2.069347e-09      0.82143394        12.97031       519.01318        1403.704      -12.443674       -12.443674       1935.6875                 101.36293                 406.55745                        11.092804                            12.97031              1403.704
              3       955.40392       3.0170485       1.0462525       66.438605     0.020714338      0.11504665     0.043162676      0.99861267     0.016289915   2.0430901e-09      0.82743703        11.18278       520.99271       1403.5262      -12.446946       -12.446946       1935.7017                 100.51821                 407.05919                        13.415308                            11.18278             1403.5262
              3       959.38685       3.0298586       1.0443058       69.322441     0.023440713      0.11078405     0.048675025      0.99653467     0.025732287   2.0694306e-09      0.80333741       7.5085618       527.43921       1407.1064      -11.640239       -11.640239       1942.0542                 108.06327                 406.79463                        12.581307                           7.5085618             1407.1064
              2        957.3432       3.0227404       1.0442529        67.33532     0.021713429      0.11259925     0.042401151       1.0014383      0.02281839   2.0547522e-09      0.81491945        10.91533       524.32653       1404.3154      -12.435421       -12.435421       1939.5572                 104.59492                  407.3724                        12.359216                            10.91533             1404.3154
              4       957.48867       3.0248646       1.0449896       67.261601     0.021882752      0.11183574     0.043531612       1.0014724     0.023665045   2.0591217e-09      0.81120682       11.993477       523.50387       1404.3349      -12.427476       -12.427476       1939.8323                 104.65887                 407.13092                        11.714082                           11.993477             1404.3349
              4       957.34837       3.0175693       1.0431746       67.192785     0.021521491      0.11613698     0.040110897       1.0009294      0.01839607   2.0441543e-09      0.82884014       11.098789       525.01295       1403.6486      -12.531825       -12.531825       1939.7604                 103.19711                 407.89187                        13.923964                           11.098789             1403.6486
              2       956.88623       3.0108892       1.0429453       66.757495     0.021008007      0.11384731     0.036481934       1.0008832      0.01644292   2.0305447e-09      0.81731528       9.8168552       525.02393       1404.0087      -12.538525       -12.538525       1938.8495                 103.63149                 409.09291                        12.299527                           9.8168552             1404.0087
              4       953.35521       3.0226498       1.0491108       69.586733     0.024602941      0.11994723     0.045973753       1.0012604    0.0044839331   2.0545661e-09      0.83352758        7.154829       518.72257       1405.7807      -12.473835       -12.473835       1931.6581                   99.2819                 406.30364                        13.137035                            7.154829             1405.7807
              2       953.88754       3.0267421       1.0465551       68.611275     0.023638635      0.11933781     0.045963545       1.0022973    0.0020673437   2.0629913e-09      0.83459783       7.3851651       519.63872       1405.1086      -12.178706       -12.178706       1932.1325                 101.28732                 406.24319                        12.108205                           7.3851651             1405.1086
              6       954.41215       3.0204929       1.0493825       67.933147     0.023837267      0.12021562     0.045467054       1.0024612   0.00039983688   2.0501394e-09       0.8330431       9.9398743       519.07298       1404.0441      -12.116306       -12.116306       1933.0569                 100.59457                 406.05873                         12.41969                           9.9398743             1404.0441
              1       954.28614       3.0088349       1.0434141       65.875484     0.020551133      0.11268602     0.039326061       1.0018438    0.0011938482   2.0263776e-09      0.80846907       7.5610951       521.00285       1404.6662      -12.328953       -12.328953       1933.2302                 101.32717                  407.6384                        12.037275                           7.5610951             1404.6662
              8       953.92063       3.0117161        1.043311       66.142158     0.020686604      0.11256518     0.040816116       1.0012436    0.0019947874   2.0322246e-09      0.80910534       7.1559372       520.66976         1404.97      -12.477203       -12.477203       1932.7957                 101.73657                 407.26119                        11.672003                           7.1559372               1404.97
              2       955.64731       3.0095307       1.0442682       65.783566     0.020160889      0.11246588     0.039911759      0.99675143    0.0033931895    2.027788e-09       0.8109054       7.4589589       522.80255       1404.5464      -11.756668       -11.756668        1934.808                 103.42216                  407.6395                        11.740891                           7.4589589             1404.5464
             10        952.5195       3.0184863       1.0495941       67.373885     0.022207848      0.11162257     0.047353059       0.9984806    0.0047318094   2.0460297e-09      0.80320425       6.9701321       516.39439       1406.5069      -12.416235       -12.416235       1929.8715                  99.45881                 406.01815                        10.917434                           6.9701321             1406.5069
              1       953.31935       3.0138586       1.0490514       67.472599      0.02230264      0.11172805     0.043646764       0.9981652    0.0050941261   2.0365832e-09      0.80139402       6.9549083       517.79667       1406.5503      -12.331602       -12.331602       1931.3019                 100.51376                 406.72286                        10.560052                           6.9549083             1406.5503
              2       953.30888       3.0135962       1.0488821       67.403714     0.022248091       0.1119125     0.043577319       1.0031222    0.0049560256   2.0360488e-09      0.80224317       7.0224747       516.86137        1406.376      -11.821064       -11.821064       1930.2599                 97.410395                 406.52296                        12.928018                           7.0224747              1406.376
              8       952.63756       3.0145829       1.0470362       67.211025     0.022006277      0.11323032     0.048098499       1.0026606    0.0048144866   2.0380588e-09      0.80925209       7.2734267        516.4946       1405.5763      -12.034625       -12.034625       1929.3444                  95.78334                 405.75653                        14.954735                           7.2734267             1405.5763
              5       952.73976       3.0146326       1.0465996       66.860304     0.021666499      0.11296853     0.047449529       1.0028559    0.0053279545   2.0381601e-09      0.80930973       7.7145875       516.46622       1405.1956      -11.948437       -11.948437       1929.3764                 95.983651                 405.84852                        14.634048                           7.7145875             1405.1956
              2       952.96056       3.0195599       1.0436341       66.986505     0.021885902      0.11523747     0.051882327       1.0030492    0.0032001155   2.0482276e-09      0.81923049       7.8704524       517.06877       1404.6961      -11.857114       -11.857114       1929.6354                 96.249063                 405.86826                        14.951453                           7.8704524             1404.6961
              2       954.44911       3.0107244       1.0399643       66.299432     0.021438709      0.11426137     0.047578632       0.9973405    0.0050062523   2.0302101e-09       0.8113848       9.7881141       519.06606       1404.1142      -12.035087       -12.035087       1932.9684                 100.48221                 406.04096                        12.542889                           9.7881141             1404.1142
              7       953.89863       3.0111248        1.039826       66.331429     0.021443782      0.11431335      0.04725619       1.0017149    0.0052145171   2.0310233e-09      0.81185063       9.7295491       518.67988       1404.1191       -12.36564        -12.36564       1932.5285                 98.053607                 405.89856                         14.72771                           9.7295491             1404.1191
              2       953.53654       3.0155892       1.0392294       66.504055     0.021128651      0.11420612     0.048807006       1.0015877    0.0059823349   2.0401107e-09      0.81584631       8.2344877        519.2477       1404.3894       -12.39925        -12.39925       1931.8716                 98.746856                 406.02086                        14.479989                           8.2344877             1404.3894
             12       953.62105       3.0204024       1.0478412       65.717861     0.020683497      0.11550818     0.059627341       1.0006097    0.0042113384    2.049954e-09       0.8266419       10.726392       518.17475       1403.4833      -12.571182       -12.571182       1932.3845                 91.041478                  408.3432                        18.790064                           10.726392             1403.4833
              5       952.89079       3.0192337       1.0459741       65.906914     0.020429622      0.11442557     0.056840144       1.0003053    0.0039237792   2.0475594e-09      0.82297073       8.4239917       518.55888       1403.9856      -12.593467       -12.593467       1930.9685                  93.50328                 407.53657                        17.519028                           8.4239917             1403.9856
              8       953.29039       3.0195356       1.0458753       66.130845     0.020892807       0.1153823     0.059205992       1.0001656    0.0022817849   2.0481777e-09      0.82453732       8.5714658       519.23676         1403.97      -12.598727       -12.598727       1931.7782                 92.960763                 408.04366                        18.232332                           8.5714658               1403.97
              6       953.49838       3.0172699        1.047142       66.242775     0.020982999      0.11779074     0.057572419       1.0001826    0.0043932667   2.0435425e-09      0.83505017       10.024616         518.766       1403.4026      -12.598255       -12.598255       1932.1933                 91.354157                 407.53121                        19.880636                           10.024616             1403.4026
              6       954.93329       3.0148856       1.0463008       66.097661     0.020622122      0.11769387     0.057132229      0.99590971    0.0038290876   2.0386758e-09      0.83525657       9.3801634       519.60906       1403.4023      -11.262487       -11.262487       1932.3916                 93.852067                 407.78679                        17.970195                           9.3801634             1403.4023
              3       955.05636       3.0147459       1.0466137        66.06692     0.020572359      0.11791036     0.056640012        1.003227    0.0040162971   2.0383911e-09      0.83655297       9.5486026       520.75574        1403.344      -11.767833       -11.767833       1933.6484                 89.412251                 407.28307                        24.060423                           9.5486026              1403.344
             11       955.11275       3.0239744       1.0486207       63.851985     0.018491887      0.11066348     0.057071098      0.99957269    0.0036217621   2.0572895e-09      0.81544169       11.106549       520.89512       1403.3965      -12.586314       -12.586314       1935.3981                 94.111759                 408.64423                        18.139124                           11.106549             1403.3965
             13       955.77925       3.0281095       1.0490351       63.849554     0.018805571      0.11178027     0.060379383      0.99980953     0.001723341   2.0658142e-09      0.81970876        12.24092        521.2821       1403.2315      -12.598019       -12.598019       1936.7545                 93.718505                 409.90911                        17.654487                            12.24092             1403.2315
              9       953.84139       3.0193726       1.0497629       64.818688     0.019497419      0.11298954     0.059641749      0.99920253   0.00011738061   2.0478439e-09      0.81984171       8.9638842       520.10724       1403.7118      -12.550045       -12.550045       1932.7829                 92.320317                 408.84413                         18.94279                           8.9638842             1403.7118
              1       954.03444       3.0226129       1.0451778       66.025508     0.020607163      0.11239874     0.059436484       1.0013118    0.0017649707   2.0544902e-09      0.81346245       7.3105203       520.77487         1404.91      -12.463258       -12.463258       1932.9954                 94.270273                 408.17417                        18.330427                           7.3105203               1404.91
             12       957.17839       3.0258768       1.0457072       65.453152     0.019244977      0.10816836     0.060191505        1.001048   0.00029417713    2.061207e-09      0.80261336       6.1478811       526.69052       1406.5445      -12.513051       -12.513051       1939.3829                 96.148588                 409.16941                        21.372522                           6.1478811             1406.5445
              5       956.96865       3.0290867       1.0451855       65.579512     0.019609511       0.1082639     0.061797292      0.99807427   0.00062605422   2.0678338e-09      0.80206705       6.2710399       525.75895       1406.5158      -12.304248       -12.304248       1938.5458                  98.31766                 409.86414                        17.577147                           6.2710399             1406.5158
              1       954.59607       3.0274562       1.0455979       65.791968     0.019975546      0.11039188     0.060927409      0.99940396    0.0028871181   2.0644649e-09         0.81014       6.7036336       522.17036       1405.4631      -12.572501       -12.572501       1934.3371                 95.900031                 409.32194                        16.948386                           6.7036336             1405.4631
             17       956.29351       3.0218441       1.0429969       65.550786     0.019491379         0.10964     0.060273437      0.99887439    0.0030788701   2.0529114e-09      0.80626763       6.4400964       525.58418       1405.5619      -12.499562       -12.499562       1937.5861                 95.947456                 409.32943                         20.30729                           6.4400964             1405.5619
              3       955.94113       3.0243619       1.0441244       65.425513     0.019374784      0.11084031      0.06256401      0.99881577     0.003745069   2.0580867e-09      0.81383278       6.8042555       525.19882       1404.8566       -12.48873        -12.48873       1936.8597                 94.413017                 410.63422                        20.151577                           6.8042555             1404.8566
             18       955.13206       3.0224453        1.045179        65.46145     0.019142794      0.11127896     0.060622436      0.99884907    0.0030805285   2.0541461e-09      0.81703133       6.4196775       523.93565       1404.8987       -12.49495        -12.49495        1935.254                 94.446295                 409.82621                        19.663145                           6.4196775             1404.8987
              7       956.28714       3.0242642       1.0447902       65.010194     0.018994994      0.11159359     0.063395326      0.99778226    0.0013738195   2.0578858e-09      0.81836921       6.9600198       525.66007       1404.3691      -12.207452       -12.207452       1936.9892                 94.729953                 411.37344                        19.556684                           6.9600198             1404.3691
             34       956.50465       3.0325875       1.0458903       65.444311     0.019882393      0.10826336     0.062322749      0.99828107    0.0012221492   2.0750857e-09      0.80147571       6.8284496       524.86596        1406.044      -12.364544       -12.364544       1937.7384                 98.414317                 409.99675                        16.454898                           6.8284496              1406.044
              2       955.63936       3.0282628       1.0465027       65.898414     0.020343663      0.10908992     0.061536878       1.0003373    0.0022713147   2.0661308e-09      0.80220207       6.7725909       523.54485       1406.1449      -12.591818       -12.591818       1936.4624                 95.550728                 409.11579                        18.878331                           6.7725909             1406.1449
             10       955.54916       3.0281549       1.0464543         65.8977      0.02033313       0.1090775     0.061460905      0.99865479    0.0022784474   2.0659078e-09      0.80215874       6.7588297        523.0982       1406.1536      -12.456155       -12.456155       1936.0106                 96.617674                 409.19077                        17.289752                           6.7588297             1406.1536
              5       954.63357       3.0383754       1.0439525       66.558476     0.021043999      0.11075688     0.063309186      0.99916442    0.0068833312   2.0871309e-09      0.81146366       7.3267392       521.34665       1405.6839      -12.545066       -12.545066       1934.3573                 98.055797                 410.14958                        13.141279                           7.3267392             1405.6839
              1       954.36534       3.0360823        1.043794       66.518766     0.021221641      0.11000441     0.060336891       1.0011591    0.0081976269   2.0823503e-09      0.80584377       7.9093078       520.09964       1405.7086       -12.49345        -12.49345       1933.7176                 97.664273                 408.56512                        13.870253                           7.9093078             1405.7086
              3       956.10451       3.0330944       1.0386874       67.302977     0.021052439      0.10803638     0.053373826       1.0013055    0.0082697118   2.0761377e-09      0.79702403       6.5022922       522.24612       1408.3898      -12.464575       -12.464575       1937.1382                  103.6575                 406.80905                        11.779569                           6.5022922             1408.3898
              2       956.40464       3.0248556       1.0381018       67.069693     0.020827456      0.10716541     0.047452389       1.0013111     0.010663817    2.059103e-09      0.79076813        6.492331        523.1307       1408.1131        -12.4634         -12.4634       1937.7361                 104.53146                 406.44614                          12.1531                            6.492331             1408.1131
              8       953.67935       3.0187911        1.045198       66.812045     0.020846569      0.11239212      0.04705878      0.99706348    0.0086219112   2.0466535e-09      0.81408736       6.9039628       518.96767       1405.3092      -11.911069       -11.911069       1931.1808                 101.05662                 406.41187                        11.499183                           6.9039628             1405.3092
              1       953.29391       3.0212815       1.0460363       67.043192     0.021486153       0.1098502     0.047725746      0.99919523      0.01070214   2.0517569e-09      0.80005914       7.2991637       518.10853       1406.2784       -12.54911        -12.54911        1931.686                 100.41393                 406.23071                        11.463891                           7.2991637             1406.2784
              3       953.93655       3.0061131       1.0461041       66.334661       0.0204908      0.10976231     0.041945672       0.9986782     0.010117682   2.0208697e-09      0.79830703       7.2637758        519.9414       1405.5902      -12.461149       -12.461149       1932.7954                 99.026588                 407.04822                        13.866598                           7.2637758             1405.5902
              1       954.18362       3.0091297       1.0450786       66.099427      0.02048286      0.11056951     0.044707851      0.99690749    0.0095555152   2.0269752e-09       0.8022459       8.0830523       518.99332       1404.9625       -11.83583        -11.83583       1932.0389                 99.586574                 406.53437                        12.872374                           8.0830523             1404.9625
             10       954.07488       3.0133281       1.0447772       66.019199     0.020120122      0.10967064     0.046844602      0.99719813     0.010792424   2.0355031e-09      0.80215188       7.5897832       519.30909       1405.1966      -11.972884       -11.972884       1932.0955                 99.612758                 406.40546                        13.290874                           7.5897832             1405.1966
              2       953.91228       3.0141784       1.0460901       66.332559     0.020570683      0.10979534     0.049247815      0.99685393     0.010097199   2.0372347e-09      0.80111716       7.4369836       518.46446       1405.5413      -11.809104       -11.809104       1931.4428                 98.315601                 406.24697                        13.901884                           7.4369836             1405.5413
             12       953.36934       3.0138568       1.0459443       66.325216     0.020570419      0.10974973      0.04899647      0.99907865     0.010228107   2.0365796e-09      0.80074003       7.4765158       518.79468       1405.5335      -12.533011       -12.533011       1931.8047                  97.03338                 406.14983                        15.611472                           7.4765158             1405.5335
              5       953.09027       3.0221811       1.0456845       65.506748     0.019836445      0.10941366     0.048324093       1.0004491    0.0092177613   2.0536033e-09      0.80490784       8.3822094       518.17151       1404.7964      -12.584784       -12.584784       1931.3501                 99.044381                  406.3751                        12.752021                           8.3822094             1404.7964
              1       952.63029       3.0302529       1.0479335       65.799829     0.020371801      0.11332864     0.053258238        1.000186    0.0086163073   2.0702467e-09      0.82419945       9.9188084       516.68869       1403.8494      -12.598155       -12.598155       1930.4569                 97.176486                 406.91885                        12.593355                           9.9188084             1403.8494
              3       952.53724       3.0304729       1.0475989       66.035851     0.020720915      0.11369199     0.053191243       1.0020796    0.0079393803   2.0707023e-09      0.82401309       9.7505474       515.87578        1403.958      -12.254932       -12.254932       1929.5843                  96.45226                 406.67134                        12.752184                           9.7505474              1403.958
              3        956.2404       3.0403218       1.0360625       67.757248       0.0212306      0.11170195     0.056306225      0.99907006     0.012436277   2.0911971e-09      0.81760488       6.5240489       524.39857       1406.6217      -12.531738       -12.531738       1937.5443                 105.44199                  408.0309                        10.925683                           6.5240489             1406.6217
              8       956.69482         3.04869       1.0357121       67.844555     0.021426667      0.11112533     0.057381577       1.0018603      0.01451433   2.1087702e-09      0.81746772       6.6589164       524.69174       1406.6871       -12.32407        -12.32407       1938.0378                 105.98664                 408.36198                         10.34312                           6.6589164             1406.6871
              4       956.95586       3.0505492       1.0357163       67.892713     0.021523875      0.11065856     0.058331005       1.0018229     0.015153295   2.1126945e-09      0.81556576       6.6766244       525.03198       1406.8733      -12.335071       -12.335071       1938.5819                 106.22734                 408.66386                        10.140779                           6.6766244             1406.8733
             11       956.79288       3.0501143       1.0357178       67.706186     0.021425888      0.11040672     0.058245906       1.0018969     0.014808741   2.1117759e-09      0.81427173       6.7172572        524.7603       1406.7343      -12.313078       -12.313078       1938.2119                 106.07802                 408.63907                         10.04322                           6.7172572             1406.7343
              5       956.76956       3.0405353       1.0386423       70.047483     0.024602769      0.11473329     0.055082634       1.0013863      0.01412262   2.0916437e-09      0.81657449       6.8686597       523.85716       1407.7076      -12.447179       -12.447179       1938.4335                 104.27231                 406.49998                        13.084874                           6.8686597             1407.7076
              6       960.22673        3.030947       1.0357996       69.917023     0.024026966      0.11251176     0.045877425      0.99722311     0.009899808   2.0716843e-09      0.80384379       7.0553459       527.61462       1409.7516      -11.984034       -11.984034       1944.4215                 111.80934                 406.92195                        8.8833243                           7.0553459             1409.7516
             11       959.51493       3.0217916       1.0373823       69.466382     0.023790575       0.1105893     0.045130413      0.99804283    0.0057077641   2.0528038e-09      0.79108819       7.3589848       525.41476       1410.8451       -12.29448        -12.29448       1943.6188                 108.90444                 406.80095                        9.7093679                           7.3589848             1410.8451
              3        958.5754       3.0247706       1.0348298       67.464894     0.022638859      0.10770163     0.052253833      0.99832195    0.0059995371   2.0589282e-09      0.78017854       7.4496809       526.05792       1408.3945      -12.375653       -12.375653       1941.9021                 106.34301                 406.02538                        13.689526                           7.4496809             1408.3945
              1       956.80353       3.0463998       1.0358559       66.632582     0.020579889      0.11258538     0.062955905      0.99875942    0.0072306291   2.1039463e-09      0.82439149       6.9441758        526.4112       1405.2073      -12.477798       -12.477798       1938.5627                 104.03644                 411.13959                        11.235165                           6.9441758             1405.2073
              3       955.59495       3.0370425       1.0391781       65.872046     0.020144455      0.11426913     0.055278467       1.0039407    0.0097877052   2.0843507e-09      0.83068867       9.6865671       520.54136       1403.6791       -11.35857        -11.35857        1933.907                 99.220492                 407.89048                        13.430392                           9.6865671             1403.6791
              1       957.20403       3.0214066       1.0370855       65.240881     0.018776238      0.11341893      0.05067245       0.9952506    0.0065815113   2.0520136e-09      0.82666307       7.3881254       524.81982       1403.7929      -10.796374       -10.796374       1936.0008                  103.6148                 407.50743                        13.697593                           7.3881254             1403.7929
              5       954.41462       3.0199791       1.0374439       65.407006     0.018877744      0.11401824     0.049186899       1.0001039    0.0062373662   2.0490863e-09      0.82864629       7.2073332       523.01364       1403.8084      -12.600058       -12.600058       1934.0294                 100.75762                 406.99085                        15.265166                           7.2073332             1403.8084
              3        954.3954       3.0198911        1.037483       65.397542     0.018870418       0.1139819     0.049138343       1.0001034    0.0062257982    2.048906e-09      0.82847457        7.205999       522.97453       1403.8104      -12.600066       -12.600066       1933.9909                 100.74297                 406.97643                        15.255126                            7.205999             1403.8104
             32       955.06779       3.0128744       1.0384976       64.795481     0.018140329      0.11469547     0.043236582       1.0005494    0.0059608219   2.0345798e-09      0.83231247       7.7366517       524.22863       1403.3238      -12.576776       -12.576776       1935.2891                  100.6208                 407.07479                        16.533044                           7.7366517             1403.3238
              3       955.30818       3.0138231       1.0384646       64.730009     0.018011449      0.11465621     0.044292646       1.0024986    0.0056071637   2.0365108e-09      0.83315518       7.6061229       523.89137       1403.3219      -12.101492       -12.101492       1934.8193                  99.12723                 406.96611                        17.798022                           7.6061229             1403.3219
              5       955.82006       3.0106512       1.0369819        65.13012     0.018264602      0.11518913     0.041460105       1.0026295     0.004201304   2.0300615e-09      0.83294257        6.829163       525.36004       1403.5465       -12.04779        -12.04779       1935.7357                 100.75186                 407.27373                        17.334452                            6.829163             1403.5465
              1       955.53688       3.0103736       1.0371907       65.047071     0.018370821      0.11531157     0.041212717       1.0018092    0.0043823857   2.0294981e-09      0.83244499       7.2307229       525.09524       1403.4259      -12.339054       -12.339054       1935.7519                  101.1424                 407.30817                        16.644665                           7.2307229             1403.4259
              9       955.79989       3.0209293       1.0444413       65.284251     0.018463725      0.11705352     0.043877249       1.0036131    0.0062270898   2.0510343e-09      0.84751001       8.0842679       523.41405       1403.2146      -11.556551       -11.556551       1934.7129                 97.827071                  407.0028                         18.58418                           8.0842679             1403.2146
              1       955.35959       3.0296974       1.0489259       65.718782      0.01875692      0.11706587     0.047424795       1.0038433    0.0024211845    2.069097e-09       0.8512222       7.2726211       522.62729       1403.6577      -11.419236       -11.419236       1933.5576                 97.697088                 406.85928                        18.070919                           7.2726211             1403.6577
             20       955.49379       3.0308842       1.0485073       65.903198      0.01899278      0.11700721     0.047099545       1.0039765    0.0028038359   2.0715542e-09      0.85033521       7.2446297       522.64604       1403.7687      -11.335906       -11.335906       1933.6594                 98.348226                 406.79439                        17.503421                           7.2446297             1403.7687
              2       954.90427       3.0298312       1.0488283        65.71403     0.018838843       0.1167794     0.047526996       1.0028102    0.0025990754    2.069374e-09      0.84938547       7.2396299       522.81854       1403.6887       -11.96915        -11.96915       1933.7468                 98.416386                  406.8664                         17.53576                           7.2396299             1403.6887
             18       956.86298       3.0187666       1.0453921       65.592386     0.018157179      0.10762595     0.040191118       1.0009589    0.0025308105   2.0466033e-09      0.80572725       6.9659723       524.41947       1407.3953      -12.527368       -12.527368       1938.7807                 104.20146                 407.80171                        12.416304                           6.9659723             1407.3953
              1       957.28152       3.0376603        1.046879       66.258893     0.019912747      0.10643132     0.050992596      0.99894323   9.6830805e-05   2.0856388e-09      0.79691397       6.8362245       523.72831       1409.0217      -12.511581       -12.511581       1939.5862                 106.70621                 406.65004                        10.372068                           6.8362245             1409.0217
              7       958.16763          3.0355       1.0442363        66.78671     0.020641433      0.10656959     0.047336382      0.99931648    0.0010653316   2.0811381e-09      0.79250981       6.9521823       524.89878       1409.6114      -12.563546       -12.563546       1941.4623                 108.94543                 406.48679                        9.4665574                           6.9521823             1409.6114
              7       959.77344        3.035032       1.0437221       66.840426     0.020537172      0.10625883     0.046932183      0.99770846   0.00097016723   2.0801644e-09      0.79150704       7.2784131       526.57183       1410.0583       -12.18083        -12.18083       1943.9085                 110.48653                 406.61005                        9.4752463                           7.2784131             1410.0583
              1        960.2538       3.0316841       1.0396689       66.859734     0.020535903      0.10669216     0.040340546       1.0053898    0.0059362757   2.0732119e-09      0.79214646       6.6395173       525.52574       1408.8962      -10.276909       -10.276909       1941.0614                  108.5366                   407.791                        9.1981423                           6.6395173             1408.8962
              1       960.95961       3.0640693       1.0377001       66.538873     0.021265539      0.11066898     0.057769987       1.0067669    0.0077264316   2.1414522e-09      0.81816348       8.1064556       526.19109       1405.4969      -8.9376218       -8.9376218       1939.7945                 107.18466                  408.3478                        10.658629                           8.1064556             1405.4969
              2       958.66242       3.0577471       1.0445388       65.503187     0.018995376      0.11309515     0.058792554       0.9996822        0.011084   2.1279563e-09      0.84294223       8.5797539       530.13988       1403.7909      -12.592842       -12.592842       1942.5105                 103.95519                 410.62377                        15.560916                           8.5797539             1403.7909
              5       957.72081       3.0476436        1.043676       65.058947     0.018548839      0.11132148     0.056001964      0.99770356    0.0095918149   2.1065646e-09      0.83159013       7.8776374        527.9194       1404.0027      -12.179029       -12.179029       1939.7997                 104.35084                 409.48378                        14.084784                           7.8776374             1404.0027
              2       956.83958       3.0509617       1.0469554       66.497412     0.019801782      0.10847162      0.05532982       0.9973638      0.01581352   2.1135661e-09      0.81696935       6.7915788       524.91525       1406.0622      -12.044957       -12.044957       1937.7691                 105.69786                 408.48601                        10.731384                           6.7915788             1406.0622
              4       958.70801       3.0637195       1.0488093        66.70191      0.01970446      0.10758592     0.061804629      0.99720644     0.016723692   2.1407034e-09      0.81986671       6.7039957       527.86188       1406.8033      -11.976602       -11.976602       1941.3692                 105.64405                 411.35829                        10.859536                           6.7039957             1406.8033
              8       958.52622       3.0648556       1.0497259       67.091909     0.020332613      0.10881478     0.063652913      0.99727094     0.013755651   2.1431367e-09      0.82269472       6.7555312       527.26791       1407.0392        -12.0051         -12.0051       1941.0626                  104.4301                 411.71653                         11.12128                           6.7555312             1407.0392
             17       958.06965       3.0652291        1.049615       67.029221     0.020340914      0.10895764     0.064270557      0.99780321     0.013183799   2.1439374e-09      0.82315804       6.7530424       526.89876       1406.9172       -12.21485        -12.21485        1940.569                 103.88856                 411.97326                        11.036934                           6.7530424             1406.9172
             32         956.959       3.0653555       1.0495617       67.036761      0.02034979      0.10896153       0.0642791      0.99940929     0.013226849   2.1442084e-09      0.82317934       6.7554576       525.38906       1406.9195      -12.573007       -12.573007        1939.064                 102.90997                 411.84974                        10.629356                           6.7554576             1406.9195
              2       956.01755       3.0371756       1.0445038       67.809445     0.020382738      0.11176155     0.055083343       1.0020603     0.014199193   2.0846282e-09      0.82575461       7.0480081        522.6447        1406.865       -12.26133        -12.26133       1936.5578                 99.187394                 407.78289                         15.67442                           7.0480081              1406.865
              6       956.15194       3.0371011       1.0439851       67.941767     0.020607576      0.11173473     0.055095495      0.99802266     0.013702605   2.0844729e-09      0.82411314       7.0517934       522.73054       1407.0978      -12.288132       -12.288132       1936.8802                 102.04263                 407.89455                        12.793358                           7.0517934             1407.0978
              3       956.47566       3.0422233       1.0416118       67.475875     0.020583119      0.11531778     0.060647068      0.99957544     0.012918396   2.0951774e-09      0.84105299       7.2154555        526.0431       1404.8658      -12.586502       -12.586502       1938.1243                 99.519948                 410.14847                         16.37468                           7.2154555             1404.8658
              4       957.43741       3.0646432        1.047919       68.203837     0.021628945      0.11394081     0.068024073       0.9983995     0.014286099   2.1426815e-09      0.84110935       7.3902664       526.29615       1405.9804      -12.395995       -12.395995       1939.6668                 101.23541                 413.36902                        11.691717                           7.3902664             1405.9804
              6       957.17967       3.0664959       1.0476521       67.951241     0.021411232      0.11415566     0.070080648        1.002318     0.012880983   2.1466551e-09      0.84331653       7.4510504        525.5256       1405.7249      -12.171082       -12.171082       1938.7015                 98.299372                 414.50321                        12.723019                           7.4510504             1405.7249
             14       957.41859       3.0582965       1.0454038       68.694592     0.021958047      0.11434159     0.068176174       1.0013682     0.011564069   2.1291256e-09      0.83806393       7.3813397       525.45183       1406.9064      -12.451169       -12.451169       1939.7395                 98.696218                 412.83144                        13.924182                           7.3813397             1406.9064
              3       955.37621       3.0383013       1.0471135       68.209429     0.021619697      0.11600169     0.061833531       1.0007362    0.0099365085   2.0869762e-09      0.83867668       7.0443962       523.17054       1405.6526      -12.557561       -12.557561       1935.8675                 95.164678                 409.45547                        18.550393                           7.0443962             1405.6526
              4       958.06675       3.0429669       1.0477179       68.500339     0.021806303      0.11494055     0.063345056       1.0046753     0.011615262   2.0967358e-09      0.83577053       7.0800165       524.43491       1406.3231      -10.852279       -10.852279       1937.8381                 93.250706                 409.81633                        21.367874                           7.0800165             1406.3231
              2       956.41717       3.0338961       1.0496124       68.062888     0.021526034      0.11456913     0.061946425       1.0034239      0.01079877   2.0778029e-09      0.83135454       6.8107934         523.408       1405.9417      -11.663094       -11.663094       1936.1605                 91.258647                 409.08971                        23.059649                           6.8107934             1405.9417
             50       956.59244       3.0346446       1.0498858       68.501576     0.022300145      0.11548747     0.062367982       1.0034911     0.011310993   2.0793587e-09      0.83210228       6.9490927       523.57981       1405.9078      -11.625906       -11.625906       1936.4367                 91.100009                 408.83502                        23.644777                           6.9490927             1405.9078
              3       956.74703       3.0359312       1.0475735       68.366306     0.021918243      0.11468569     0.058469859       1.0039833      0.01509717   2.0820356e-09      0.83116803       7.0397293       523.39788       1405.7196      -11.331557       -11.331557       1936.1572                 94.067363                 407.82854                        21.501978                           7.0397293             1405.7196
              5       954.16172       3.0353873       1.0492131       67.256514     0.021062502      0.11317333     0.060773031       1.0001058     0.015604602   2.0809036e-09      0.82713945       7.7968267       520.84857       1404.8781      -12.600026       -12.600026       1933.5235                 94.210625                 409.20827                        17.429675                           7.7968267             1404.8781
              4       953.86275        3.036647       1.0461688       66.661657     0.019892158      0.11281612     0.055683641       1.0011801     0.014371919   2.0835266e-09      0.83121793       7.2074057       520.79336       1404.7038      -12.489514       -12.489514       1932.7045                 97.761893                  408.1955                        14.835963                           7.2074057             1404.7038
              8       954.41534        3.025191       1.0458176       66.597259     0.019140503      0.11092692     0.051166645       1.0003151     0.013500539   2.0597939e-09      0.82242392       6.4576232       521.84334       1405.7157       -12.59298        -12.59298       1934.0166                 97.783473                 407.25085                        16.809015                           6.4576232             1405.7157
              1       954.39287       3.0400763       1.0468979       67.134147     0.020555625      0.11265376      0.06170541       1.0004917     0.013115835   2.0906839e-09      0.82854832       6.9463024       521.66697       1405.3356       -12.58158        -12.58158       1933.9489                  95.95829                 410.05526                        15.653422                           6.9463024             1405.3356
              4       955.70405       3.0381477       1.0464423       67.309983     0.020752395      0.11294379     0.061187031       1.0036005      0.01262955   2.0866556e-09      0.82800412       6.8562199       522.20565       1405.4739      -11.563833       -11.563833       1934.5358                  93.96802                 409.46666                        18.770968                           6.8562199             1405.4739
             15       954.10247       3.0433209       1.0438933       67.095454      0.02096403      0.11357185     0.058307874       1.0007461     0.012882662   2.0974784e-09      0.83022544       7.7014286       520.80415       1404.8121      -12.556393       -12.556393       1933.3177                 99.843569                 408.64473                        12.315859                           7.7014286             1404.8121
              3       954.58183       3.0419095        1.043061        66.89057     0.020305024      0.11239351     0.057433691       1.0003872     0.014779979     2.09452e-09      0.82825856       7.2274338       522.12581       1404.9883      -12.588927       -12.588927       1934.3415                  100.5412                 408.78959                        12.795021                           7.2274338             1404.9883
             11       956.02565        3.030156       1.0367671       65.549869     0.019983081      0.11720407     0.059150488       0.9998076    0.0029581566   2.0700462e-09      0.83888245        9.711139       524.28486       1403.2512       -12.59796        -12.59796       1937.2472                 99.353334                 409.46663                        15.464892                            9.711139             1403.2512
             10       955.48207       3.0253978       1.0357955       66.097855     0.020945417      0.11910986     0.054874269       1.0010443   0.00085429926   2.0602198e-09      0.83961841       10.001583       522.74157       1403.2483      -12.513677       -12.513677       1935.9915                 100.44997                 407.25811                        15.033488                           10.001583             1403.2483
             12       955.73291       3.0185535       1.0341773       66.391254     0.020828699      0.11980661      0.05375735       1.0002337    0.0020048839   2.0461671e-09      0.84132616       8.9503865       524.40564       1403.3029      -12.596553       -12.596553       1936.6589                 99.650798                 407.04646                        17.708383                           8.9503865             1403.3029
             10       955.64338       3.0143036       1.0338044       66.033685     0.020412177      0.11803763     0.051318291        1.002379     0.003224007   2.0374896e-09       0.8336563       8.9173483       523.30503       1403.3606      -12.148135       -12.148135        1935.583                 98.259805                 406.51699                        18.528233                           8.9173483             1403.3606
              2       955.86421       3.0053269       1.0337769       65.948274     0.020222969      0.11813172      0.04767756       1.0017795    0.0034549819   2.0192816e-09      0.83141903       8.7821883       524.33325       1403.3082      -12.347603       -12.347603       1936.4236                 97.659707                  406.1736                        20.499952                           8.7821883             1403.3082
              2       956.51425       3.0154016       1.0319871       65.750694      0.01922632      0.11532443     0.049681504       1.0016386    0.0089929021    2.039728e-09      0.83018174       7.7463443       526.46611       1403.5883      -12.386123       -12.386123       1937.8008                 99.844272                 406.98139                         19.64045                           7.7463443             1403.5883
              3       956.40173       3.0123103       1.0321816       65.743553     0.019110332      0.11392996     0.049022928        1.001217    0.0093865063   2.0334324e-09      0.82354732       7.1518301       526.70981       1403.9067      -12.482435       -12.482435       1937.7683                  99.69852                  406.8267                         20.18459                           7.1518301             1403.9067
              1       956.39342       3.0125592       1.0321586       65.752796     0.019116021       0.1138927     0.049126531       1.0012198    0.0093699551   2.0339387e-09      0.82346077       7.1256695       526.69945       1403.9255      -12.481897       -12.481897       1937.7506                  99.74366                 406.84615                        20.109644                           7.1256695             1403.9255
              2        956.7991       3.0299475        1.034243       67.173903     0.020384382      0.11366829      0.05024272       1.0018472      0.01593764   2.0696146e-09        0.827025       7.0356467       526.42323       1404.7952      -12.327944       -12.327944       1938.2541                 103.87308                 407.09346                        15.456695                           7.0356467             1404.7952
              2       956.89187       3.0304319       1.0340587       67.115224      0.02028593       0.1136127     0.050548299       1.0018321     0.016161055   2.0706174e-09      0.82747449       7.0574027       526.64436       1404.7468      -12.332402       -12.332402       1938.4485                 103.91019                 407.15485                        15.579326                           7.0574027             1404.7468
              9       958.44432       3.0465213       1.0339933       67.660572     0.021294536      0.11457183     0.059907292       1.0035797     0.016298159   2.1042018e-09      0.83315979       7.7094308       527.52353       1404.8072      -11.575757       -11.575757       1940.0402                 102.54513                 409.53069                        15.447707                           7.7094308             1404.8072
              9        958.0085       3.0425633       1.0351828       68.097266     0.022082568      0.11651531     0.057957635       1.0043578     0.013532512   2.0958899e-09      0.83614805       7.8390721       525.59496       1404.7463      -11.081671       -11.081671       1938.1803                 101.16733                 408.20228                         16.22535                           7.8390721             1404.7463
              1       957.05426       3.0436306       1.0382754       68.080232     0.022462308      0.11758341     0.057531046      0.99767381     0.013556743   2.0981279e-09      0.83987156       9.0269312       525.13687       1404.2808       -12.16803        -12.16803       1938.4446                 104.47909                  408.2035                        12.454277                           9.0269312             1404.2808
              4       955.95234       3.0303826       1.0420258       67.047043      0.02169782      0.11400477     0.061074827      0.99588326     0.010415427   2.0705154e-09      0.82052479       8.7694576       521.04049        1404.585      -11.245118       -11.245118       1934.3949                 98.372053                 409.10866                        13.559783                           8.7694576              1404.585
             18       954.33068        3.021758        1.043071       66.351581     0.021045211      0.11226356     0.056518917      0.99757911    0.0095980737   2.0527347e-09      0.81149011       9.1094495       519.29214       1404.5239      -12.132066       -12.132066       1932.9255                 96.893476                  407.4157                        14.982967                           9.1094495             1404.5239
              7       955.43403       3.0256036       1.0418795       66.528105     0.021018774      0.11268246     0.057583615       1.0042299    0.0062967359    2.060644e-09       0.8146321       7.6119611       520.65116        1404.944      -11.169543       -11.169543       1933.2071                 94.543464                 407.48268                        18.625019                           7.6119611              1404.944
             11        957.5686       3.0290221       1.0419546       66.752523     0.021224186      0.11111775     0.061187574       1.0046038    0.0074548068   2.0677002e-09      0.80821018       7.2507975        523.9827       1405.7144      -10.905357       -10.905357       1936.9479                 93.647375                 408.62539                        21.709941                           7.2507975             1405.7144
             19       954.34914       3.0430818        1.049067       66.695129     0.020412862       0.1166995     0.060432892      0.99938206     0.006049623   2.0969769e-09       0.8474698       7.7521238       521.99264       1404.0943      -12.570374       -12.570374        1933.839                 97.256879                 409.73952                        14.996243                           7.7521238             1404.0943
              3       955.70375       3.0400769       1.0453559       66.206414     0.020038124      0.11848397     0.061417447       1.0001368    0.0026904361   2.0906851e-09       0.8533466       8.2696131       524.83302       1403.5037      -12.599424       -12.599424       1936.6064                 97.307679                 410.51063                        17.014709                           8.2696131             1403.5037
             12       955.30149       3.0354245       1.0461247       65.107423     0.019327939      0.11713809     0.057319326       1.0007533    0.0027793308    2.080981e-09      0.84691846       10.044121       522.55882       1403.1111       -12.55553        -12.55553        1935.714                 97.011841                 408.96569                        16.581289                           10.044121             1403.1111
              3       955.37908       3.0362992       1.0466032       65.112912     0.019409375      0.11723306     0.058037495       1.0007585    0.0026796246   2.0828021e-09      0.84728268       10.296715       522.47417       1403.0971      -12.554891       -12.554891       1935.8679                 96.713024                 409.18713                        16.574012                           10.296715             1403.0971
             19        954.9419       3.0119454       1.0488859        65.06151     0.019719547      0.11802122     0.047021256      0.99885084    0.0078407001   2.0326905e-09      0.84007665       14.255815       517.66141       1402.9571      -12.495276       -12.495276       1934.8744                 94.009075                 406.36897                         17.28337                           14.255815             1402.9571
              5       955.16957       3.0345633        1.046664       67.029094     0.022488139      0.11910362     0.055724401      0.99951652      0.01064012   2.0791897e-09      0.84162573       14.563051       517.71137       1403.2292      -12.582221       -12.582221       1935.5036                 97.264207                 406.99141                        13.455751                           14.563051             1403.2292
              6       953.52524       3.0317882       1.0458081       68.313159      0.02364448       0.1164604     0.052111522      0.99961991     0.012099515   2.0734276e-09      0.82455811       10.008458       517.54409       1404.6767      -12.589364       -12.589364       1932.2292                 100.07403                  406.0729                        11.397165                           10.008458             1404.6767
              4       953.76597       3.0225614       1.0492995        67.52475     0.021706669      0.11431921     0.042173108       1.0018632     0.013799393   2.0543845e-09       0.8231999       8.0040967       519.36865       1404.8056      -12.323194       -12.323194       1932.1783                 100.14586                 407.30722                        11.915573                           8.0040967             1404.8056
             21       954.41105       3.0189466       1.0497945       68.201627     0.022501988      0.11482734     0.040131447       1.0021427     0.014040443   2.0469718e-09      0.82083113       7.6280013       520.36855       1405.2928      -12.233634       -12.233634       1933.2894                 100.28298                 407.90274                        12.182829                           7.6280013             1405.2928
              4       954.17494       3.0168405       1.0484479       67.636555     0.022280465       0.1135646     0.040697568       1.0009839     0.014208036   2.0426652e-09      0.81355175       8.7072121       519.70416       1404.9855      -12.523475       -12.523475       1933.3968                 100.65706                 407.69675                        11.350354                           8.7072121             1404.9855
              9       955.25136       3.0234648        1.048348       68.437297     0.023014326      0.11427557     0.042515415         1.00361     0.015797126   2.0562413e-09      0.81719957       8.1228427       520.01841       1405.4782      -11.558345       -11.558345       1933.6194                 100.39906                 407.26658                        12.352765                           8.1228427             1405.4782
              3       954.90685       3.0252196       1.0467677       67.755241     0.022941314      0.11235791     0.045327375       1.0007757     0.017176076   2.0598528e-09      0.80722678       10.694544       519.17261       1405.0521      -12.552786       -12.552786       1934.9193                 101.98244                 406.63182                        10.558347                           10.694544             1405.0521
             16       954.63792       3.0272128       1.0467686       67.993641     0.022761822      0.11182968     0.044374042       1.0009553     0.016181014   2.0639626e-09      0.80719999       8.5349754       519.98577       1405.8109      -12.527921       -12.527921       1934.3317                 103.15117                 406.88824                        9.9463561                           8.5349754             1405.8109
              1        955.0861       3.0289889       1.0471805       67.922819     0.022695895       0.1132588     0.043468016       1.0014109     0.016595088   2.0676317e-09      0.81515528       9.2500699       520.68835       1405.1171      -12.441676       -12.441676       1935.0556                 103.52566                 407.11918                        10.043509                           9.2500699             1405.1171
              3        953.8739       3.0134483       1.0484991       67.289624     0.020965344      0.11457372     0.039168795       1.0006065     0.010583088   2.0357477e-09      0.82410805       6.8431073       521.08857       1404.9591      -12.571494       -12.571494       1932.8908                 99.933068                 408.10794                        13.047562                           6.8431073             1404.9591
              5         954.495       3.0075557       1.0438169        66.76823     0.020835392      0.11599444     0.037484727       1.0012181    0.0056844506   2.0237872e-09       0.8249047       7.2059788          522.46       1404.2885      -12.482215       -12.482215       1933.9544                 100.63809                 408.43696                        13.384941                           7.2059788             1404.2885
             15       954.45294       3.0316253       1.0449537       66.153396     0.020181255      0.10991474     0.060948207      0.99971544    0.0081356265   2.0730898e-09      0.81013721       6.9433062       521.56878       1405.5827      -12.594444       -12.594444       1934.0948                 96.103437                 409.44686                        16.018489                           6.9433062             1405.5827
             14       954.66729       3.0282682       1.0448068       65.636013     0.019494234      0.11024894     0.060487781       1.0002881     0.006268095   2.0661421e-09      0.81320541       6.8258286       522.59928        1405.098      -12.594279       -12.594279       1934.5231                 95.012939                 409.60725                         17.97909                           6.8258286              1405.098
              1       956.22308       3.0433557        1.043517       65.599799     0.019228837      0.10812647     0.054852672       1.0036621     0.019849157   2.0975512e-09      0.81347884       8.9198671       521.97774       1404.6046      -11.528042       -11.528042       1935.5023                 101.17674                 408.27921                        12.521796                           8.9198671             1404.6046
             19       957.30865       3.0095974       1.0423872       65.082242      0.01809207      0.10732314       0.0429297       1.0015633     0.018692549   2.0279233e-09      0.80203719       7.3143405       527.42642       1404.6873      -12.405407       -12.405407       1939.4281                 99.280354                 407.13345                         21.01262                           7.3143405             1404.6873
              1       956.92477       3.0259995        1.042625       65.653565     0.018772353      0.10649913     0.048310101       1.0019294     0.022652978   2.0614598e-09      0.80228901       7.6476781       525.63323       1405.1749      -12.303128       -12.303128       1938.4558                 102.13229                 407.10455                        16.396399                           7.6476781             1405.1749
              7       957.43793       3.0253614       1.0424093       65.511842     0.018501832      0.10552234     0.047778401       1.0018436     0.022883624   2.0601448e-09       0.7987829       7.3422895        526.7518       1405.4398      -12.329022       -12.329022       1939.5339                 102.62062                 407.12077                        17.010415                           7.3422895             1405.4398
              8        958.2249       3.0497171        1.041178       66.969464     0.020644005      0.10874682     0.057422674      0.99763205     0.024357559   2.1109371e-09      0.81314357       8.5104835       526.87914       1405.3649      -12.152347       -12.152347       1940.7545                 108.13217                 409.05404                        9.6929356                           8.5104835             1405.3649
              8       956.50361       3.0394029       1.0407202       66.916325     0.020698502      0.11064427     0.055716392      0.99736173     0.019798542   2.0892765e-09      0.81651921        8.244487       523.83369       1405.0172      -12.044086       -12.044086       1937.0954                 104.64882                 408.20241                        10.982458                            8.244487             1405.0172
              2        955.7528       3.0332898       1.0458865       68.159298     0.021853103      0.11557682     0.051769384       1.0004021     0.019536309   2.0765434e-09      0.83450052        8.209269       523.81981       1404.6525      -12.587987       -12.587987       1936.6816                 100.28314                 406.79241                        16.744262                            8.209269             1404.6525
             12       955.89666       3.0220066       1.0473094       67.007001     0.019623752      0.11311782     0.045982269      0.99825694     0.019065767   2.0532451e-09      0.83089447       6.9483611       524.83886       1404.7218      -12.357861       -12.357861        1936.509                 100.68869                 407.07162                        17.078551                           6.9483611             1404.7218
              4       956.40301       3.0192004       1.0488981        67.04372     0.019890599      0.11603815     0.049665337      0.99574225     0.013527014   2.0474913e-09      0.84082012       7.1941198       523.66378       1404.2494      -11.150644       -11.150644       1935.1073                 97.318705                 406.95659                        19.388486                           7.1941198             1404.2494
              3        957.8136       3.0274316       1.0483313       67.251794     0.021059923      0.10964906     0.039146175      0.99847033    0.0088955669   2.0644143e-09      0.80542961       6.3980635       526.80123       1407.2554       -12.41373        -12.41373       1940.4547                 107.40928                 408.45298                        10.938964                           6.3980635             1407.2554
              2       956.26803       3.0265246       1.0487443       67.264388     0.021184622      0.10975931     0.038583566       1.0019386    0.0087691805   2.0625426e-09      0.80486759       6.4291631       523.53223       1407.1752      -12.300271       -12.300271       1937.1366                 105.04469                 408.50125                        9.9862783                           6.4291631             1407.1752
              4       956.37034       3.0264859       1.0488198       67.247067     0.021163554      0.10974818     0.038626714        1.001083    0.0087043249   2.0624628e-09      0.80490849       6.4261178        524.1626       1407.1662      -12.507091       -12.507091       1937.7549                 105.51672                 408.48653                        10.159348                           6.4261178             1407.1662
              4       956.40588       3.0264624       1.0488178       67.251749     0.021166871       0.1096853     0.038618332       1.0010738    0.0087139789   2.0624143e-09      0.80458668       6.4249594        524.1982        1407.206      -12.508678       -12.508678       1937.8291                 105.54103                 408.53505                        10.122126                           6.4249594              1407.206
             10       956.47626       3.0248204       1.0483095       67.098639     0.021066761      0.10986569     0.037766466       1.0011365    0.0087948804   2.0590307e-09      0.80490791       6.4741478       524.63172       1406.8418      -12.497587       -12.497587       1937.9477                 105.59577                 408.81217                        10.223772                           6.4741478             1406.8418
              2       956.02882       3.0216071       1.0451428       66.880109     0.020389629      0.11086601     0.040799754       1.0007193     0.002287726    2.052425e-09      0.81009605        6.403465       523.60264       1407.1706      -12.559531       -12.559531       1937.1767                 105.10958                 407.60582                        10.887244                            6.403465             1407.1706
              1       956.40433        3.023754       1.0455171       66.799184      0.02040648      0.11046622     0.041266284        1.004665    0.0025970502    2.056836e-09      0.80890053        6.335626       521.03322       1407.1597       -10.85993        -10.85993       1934.5285                 102.80739                 407.36935                        10.856487                            6.335626             1407.1597
              5       956.19098       3.0258297       1.0461883       66.995922     0.020692106      0.11109131     0.042786142       1.0047037     0.001590215   2.0611098e-09      0.81127402       6.3993426       520.40872       1407.2358      -10.830927       -10.830927       1934.0438                 102.57421                 406.97011                        10.864398                           6.3993426             1407.2358
             24       956.50266       3.0485454       1.0479196       65.784626     0.018768928      0.10609227     0.050506934       1.0047879     0.010514198   2.1084653e-09      0.80886655       6.3708321       521.03975       1407.1288      -10.767019       -10.767019       1934.5393                 103.07145                 407.25789                        10.710405                           6.3708321             1407.1288
              5       957.26682       3.0428078       1.0441981        65.94917     0.018554872      0.10872928     0.047849551       1.0048764    0.0082763498   2.0964024e-09      0.81982624       6.5944696       522.83542        1406.501      -10.698618       -10.698618       1935.9309                 103.94509                 407.18444                        11.705889                           6.5944696              1406.501
             11       958.77637       3.0507802       1.0451097       66.884994     0.019050322       0.1069407     0.048932909       1.0044365     0.014466778   2.1131825e-09      0.81500515       7.5290355       523.81148       1408.2648      -11.026291       -11.026291       1939.6053                 106.14163                 407.40869                        10.261157                           7.5290355             1408.2648
              5       957.73741        3.046162        1.044025       66.767845     0.019055733      0.10750182     0.047629287       1.0027816     0.014213242    2.103446e-09      0.81514318       7.0995674       524.62833       1407.7108       -11.98192        -11.98192       1939.4387                 106.85229                 407.33818                        10.437856                           7.0995674             1407.7108
              5       956.05409       3.0507613       1.0472681       66.271086      0.01871016      0.11116002     0.053693994       1.0033008     0.017135782   2.1131425e-09      0.83751987       7.0952815       523.57673       1404.8948      -11.729312       -11.729312       1935.5668                 101.71148                 408.59998                        13.265269                           7.0952815             1404.8948
              4       956.45911       3.0547358       1.0467603       66.642589     0.019543864      0.10927693      0.05484937       1.0031419     0.022478707   2.1215579e-09      0.82606043       7.3614053        523.8864       1405.2928      -11.811188       -11.811188       1936.5406                 104.24653                  408.5896                         11.05027                           7.3614053             1405.2928
             18       956.59514       3.0551242       1.0469143       66.535055     0.019387641      0.10942578     0.055012175       1.0031604     0.022686005   2.1223821e-09      0.82786015       7.4697384       524.21158       1405.1127      -11.801852       -11.801852        1936.794                 104.15809                 408.74908                        11.304406                           7.4697384             1405.1127
             20       955.10296       3.0362335       1.0483328       65.812673     0.018402497      0.11077116     0.049453409       1.0024226     0.020222239   2.0826653e-09      0.83144391       7.4672285       522.74161       1404.2599      -12.131397       -12.131397       1934.4687                 100.10141                 407.58113                        15.059069                           7.4672285             1404.2599
             10       954.51444       3.0307254       1.0472161       66.368793     0.019869081      0.11304413     0.051249469      0.99865001     0.018487031   2.0712251e-09      0.83033526       8.8969964        521.0778       1403.9643      -12.455124       -12.455124       1933.9391                 99.775831                 407.24971                        14.052263                           8.8969964             1403.9643
              6       954.16036       2.9986522       1.0461073       66.213069     0.019573975      0.11188604     0.042174406      0.99744689    0.0068849924   2.0058484e-09      0.81055063       6.1352756       521.08692       1405.2574      -12.079454       -12.079454       1932.4796                 96.852259                 406.93116                        17.303494                           6.1352756             1405.2574
             23       956.62991       3.0380343       1.0454053       68.691803     0.023183831      0.10857327     0.053720022      0.99811226     0.021860081   2.0864191e-09      0.79548796       7.6982492       522.48488       1407.7084      -12.315837       -12.315837       1937.8915                 104.88816                 406.65935                        10.937369                           7.6982492             1407.7084
              4       957.52801       3.0309583        1.042596       68.621072     0.023072024      0.10783996     0.052290655      0.99776568     0.019730573   2.0717077e-09      0.78837455        7.321811       523.76104       1408.3763      -12.201548       -12.201548       1939.4591                 104.81802                 406.42721                        12.515816                            7.321811             1408.3763
              6       954.17789       3.0250343       1.0471267        67.95858     0.022709248      0.11081336     0.048914346      0.99842277     0.016158851   2.0594711e-09      0.80183546       8.2659579       518.67254       1406.2211      -12.401909       -12.401909       1933.1596                  101.1946                 406.22243                        11.255506                           8.2659579             1406.2211
              4       953.51037       3.0227496       1.0498279       68.320505     0.022758662      0.11263607     0.047615417      0.99823595     0.015586554   2.0547713e-09      0.81099905       7.5239907       518.10451       1406.0962      -12.351971       -12.351971       1931.7247                 99.857567                 406.35675                        11.890192                           7.5239907             1406.0962
              8       953.41337       3.0182535       1.0496176       68.399839     0.022832853      0.11331018     0.048366625       1.0016058      0.01323995   2.0455534e-09      0.81152754       7.1580307       518.25464       1406.2033      -12.394637       -12.394637        1931.616                 95.764227                 406.00174                        16.488672                           7.1580307             1406.2033
              4       955.16463       3.0159607       1.0485353       68.069374     0.022400177      0.11476359     0.046792301       1.0042694     0.013230649   2.0408688e-09      0.81903767       7.5983604       519.77463       1405.2417        -11.1427         -11.1427       1932.6147                  94.25176                 406.05884                        19.464027                           7.5983604             1405.2417
              4       956.10793       3.0282085       1.0463744       69.025278     0.023431762      0.11306248     0.051215126       1.0043711     0.014787868   2.0660187e-09      0.81136398       6.9454267       520.42273       1406.9924      -11.072369       -11.072369       1934.3606                  97.22688                 405.93235                        17.263504                           6.9454267             1406.9924
             14       956.01126       3.0416456       1.0484023       69.827947     0.024932119      0.11144674     0.056563465       1.0036792     0.014511851   2.0939674e-09      0.80172385       7.1431169       519.11688       1408.7985      -11.518004       -11.518004       1935.0585                 98.767578                 406.15701                        14.192291                           7.1431169             1408.7985
              6       954.36253       3.0353995       1.0496093       69.700236     0.024139292      0.11294985     0.053687378      0.99806206     0.011089673   2.0809289e-09      0.81110453       6.7498666        517.8882       1408.6879      -12.300474       -12.300474        1933.326                 101.14863                 406.15914                        10.580425                           6.7498666             1408.6879
              7       953.50362       3.0118247       1.0464367       67.957729     0.023025983      0.11289268     0.047536193      0.99858732    0.0010724743   2.0324451e-09      0.80089013       6.6213524       518.12269       1407.1457      -12.441268       -12.441268       1931.8898                  99.72008                 405.79329                         12.60932                           6.6213524             1407.1457
              4       953.92988       3.0171339       1.0477928       68.226825     0.023269792      0.11196433     0.047631816       1.0027855    0.0054324293   2.0432645e-09      0.79912048       6.8693211       517.54293       1407.4079      -11.980208       -11.980208       1931.8202                 97.247756                 405.79551                        14.499671                           6.8693211             1407.4079
              2       953.13306       3.0279013        1.049742       66.729525     0.022015409      0.11124094     0.055964271       1.0030203    0.0062578347   2.0653841e-09       0.8049912       8.9236389       515.65303       1405.4317      -11.871144       -11.871144       1930.0084                 94.148374                 406.33444                        15.170219                           8.9236389             1405.4317
             15       953.04314       3.0275038       1.0499089       66.741011     0.022006526      0.11128766      0.05578547       1.0029826    0.0064191308   2.0645632e-09      0.80523048       8.9068493       515.54098       1405.4169      -11.889233       -11.889233       1929.8647                 94.022574                 406.31455                        15.203856                           8.9068493             1405.4169
             12       951.52355       3.0116097       1.0490625       66.409081     0.021053721      0.11340452      0.04793119       1.0009612   0.00088011899   2.0320083e-09      0.81274063       7.0559176       516.00902       1405.0362      -12.527007       -12.527007       1928.1011                 95.774508                 405.77834                        14.456167                           7.0559176             1405.0362
             29       951.55759       3.0109812       1.0496307       66.420409     0.021001756      0.11391067     0.048147632      0.99871694   0.00046744062   2.0307317e-09      0.81528864       6.9652225       516.16156       1404.9269      -12.469223       -12.469223       1928.0536                 96.613945                 405.87806                        13.669546                           6.9652225             1404.9269
             14       951.47392       3.0070294       1.0493384       66.001554     0.020449109      0.11428336     0.047990988      0.99940614    0.0010473811   2.0227224e-09      0.81791036       7.3042083        516.4326       1404.3564      -12.572708       -12.572708       1928.0932                 94.598694                 405.89544                        15.938474                           7.3042083             1404.3564
             37       954.03699       3.0097079       1.0495608       66.093332     0.020465701      0.11437807     0.048942358      0.99476015    0.0012590217   2.0281475e-09      0.81972662        7.158408       517.30318       1404.4213      -10.404437       -10.404437       1928.8829                 97.649214                 406.14011                        13.513854                            7.158408             1404.4213
              1        954.0597       3.0080119       1.0498748       66.025438     0.020320651       0.1141129     0.048128989      0.99469148   0.00092832062   2.0247106e-09      0.81864941       6.9572123       517.36216        1404.493      -10.346491       -10.346491       1928.8124                 97.587019                 406.13382                        13.641318                           6.9572123              1404.493
             29       952.70356       3.0088962       1.0495627       65.747474     0.019714813      0.11424168     0.048616246       1.0035368    0.0010210675   2.0265019e-09      0.82287234        6.752483        517.5768       1404.2783      -11.600205       -11.600205       1928.6075                   92.0064                 405.94491                        19.625483                            6.752483             1404.2783
              3       952.67786       3.0127727       1.0479438       66.715526     0.020817096      0.11357669     0.047474327      0.99709786    0.0076932384    2.034373e-09      0.81770786       7.1498974       517.23142       1404.8287      -11.927129       -11.927129         1929.21                 97.470126                 406.25158                        13.509719                           7.1498974             1404.8287
              3       951.90418        3.015195       1.0483536       66.869492     0.020732258      0.11341496     0.047544229       1.0003429    0.0081041118   2.0393067e-09      0.81922496       6.7574703       517.13123       1405.1027      -12.591518       -12.591518       1928.9914                 95.994592                 406.21156                        14.925085                           6.7574703             1405.1027
              7       952.00305       3.0164061       1.0484478       66.982503     0.020893996      0.11354361     0.047860174      0.99913236    0.0088251313    2.041778e-09      0.81972149       6.8780177       517.12043       1405.0891      -12.540698       -12.540698       1929.0875                 96.834674                 406.24071                         14.04504                           6.8780177             1405.0891
              6       954.45242       3.0106224       1.0435583       68.026059     0.021695789      0.11387638      0.04492527      0.99878924    0.0080754336    2.030003e-09      0.81473556       6.3296196        521.0806       1406.4619      -12.483646       -12.483646       1933.8721                 99.683495                   406.568                          14.8291                           6.3296196             1406.4619
              4       954.74071       3.0116668       1.0429618       68.107168     0.021764928      0.11337391     0.044101065      0.99897545    0.0082811301   2.0321244e-09      0.81243373       6.3449008       521.37369       1406.7967      -12.516945       -12.516945       1934.5153                 100.80506                 406.75757                        13.811061                           6.3449008             1406.7967
              3        955.2574       3.0002515       1.0437399       67.625859     0.021044984      0.11400028     0.038997138      0.99962861    0.0060742675   2.0090589e-09      0.81402779       6.2353632       523.22942       1406.2298      -12.589887       -12.589887       1935.6946                 99.349153                 407.98887                        15.891401                           6.2353632             1406.2298
              9       955.39844       2.9987541       1.0421092       67.315794     0.020782399      0.11347846     0.038124137      0.99977771    0.0056558293   2.0060529e-09       0.8113138       6.1371017       523.77651       1406.0772      -12.596969       -12.596969       1935.9908                  100.0283                 408.25522                        15.492981                           6.1371017             1406.0772
             14       954.74285       3.0129771       1.0434647       67.150186     0.020446992      0.11215625     0.050634515      0.99920761    0.0018251012   2.0347887e-09      0.81240968       6.6010449       520.89723       1407.0888      -12.550692       -12.550692       1934.5871                 98.450452                 406.26099                        16.185797                           6.6010449             1407.0888
              2       954.77791       3.0113145       1.0441786       66.928363     0.019892822      0.11447448     0.050129715      0.99928263   0.00052374213   2.0314084e-09      0.82560393       6.7685553       521.92857       1405.9782      -12.559753       -12.559753       1934.6753                  97.52975                 406.40019                        17.998635                           6.7685553             1405.9782
              1       955.87205       3.0112418       1.0442034       66.918755     0.019898848      0.11451615     0.050182112       1.0031373   0.00037999587   2.0312608e-09      0.82567154       6.7522814       522.66129       1405.9575        -11.8135         -11.8135       1935.3711                 95.131664                 406.21951                        21.310119                           6.7522814             1405.9575
              8       955.29664       3.0108981       1.0441806       66.893728     0.020155414      0.11542499     0.050722652       1.0031724    0.0012880766   2.0305629e-09      0.82797598       6.3798568       522.48746       1405.3176        -11.7958         -11.7958       1934.1849                 94.163822                 406.19712                        22.126518                           6.3798568             1405.3176
             15       955.43605       3.0099985       1.0440466       66.753132     0.020015655      0.11556894     0.050516071       1.0033766    0.0013050764    2.028737e-09      0.82875661        6.337211       522.81884       1405.0936      -11.688785       -11.688785       1934.2497                  93.78872                 406.19415                        22.835972                            6.337211             1405.0936
              1       954.22426       3.0081287       1.0414936       66.660748     0.021886206      0.11804829     0.051288169       1.0012319    0.0042698762   2.0249472e-09      0.82570323       10.686205       519.20406       1403.5173      -12.479511       -12.479511       1933.4075                  93.98608                 405.77803                        19.439949                           10.686205             1403.5173
              5       954.74913       3.0216234       1.0414587        69.08878     0.024733962      0.12086754     0.051345738       1.0017572    0.0064743477   2.0524585e-09      0.83273783       9.3516244       520.37259       1404.4818      -12.353891       -12.353891        1934.206                 98.064126                 405.61309                        16.695376                           9.3516244             1404.4818
              5       955.13958       3.0383893       1.0373689       69.062814     0.025056531      0.11834996     0.059942461       1.0011588     0.003936442   2.0871598e-09       0.8241823       8.6800781       521.14533       1405.4407      -12.493496       -12.493496       1935.2661                 102.14457                 407.07728                        11.923468                           8.6800781             1405.4407
              1       956.23102       3.0336984       1.0336189       69.462249     0.024939254      0.11873109     0.058409303        1.001626    0.0034908673   2.0773921e-09      0.82458283       7.2733894       523.91472       1406.0528      -12.389411       -12.389411       1937.2409                 103.13184                 406.71921                        14.063666                           7.2733894             1406.0528
              8       955.98247       3.0335071       1.0341038       69.075797     0.024313855      0.11951756     0.059231363       1.0016097    0.0021444027   2.0769947e-09      0.83095592       7.2643309        523.9856       1405.5023      -12.393633       -12.393633       1936.7522                 102.39834                 407.16942                        14.417843                           7.2643309             1405.5023
              1       957.60133       3.0404666       1.0333884       69.031797     0.024248625      0.11778957     0.057497237      0.99691972     0.005702708   2.0914999e-09      0.82683749       7.5219667       525.64282       1405.7216       -11.84187        -11.84187       1938.8864                 108.25042                 407.22863                        10.163767                           7.5219667             1405.7216
             12       953.95174       3.0122412       1.0392175       68.152669     0.023133357      0.11887652     0.049149342      0.99883122   0.00028491085   2.0332918e-09      0.82569847       7.0454785       520.88386       1404.9574      -12.491638       -12.491638       1932.8868                 100.82744                  405.7546                        14.301815                           7.0454785             1404.9574
              9       955.38353       3.0119978       1.0380555       67.947045     0.022866506      0.11825142     0.048384679       1.0041761   3.8549365e-05    2.032797e-09      0.82354609       6.9441846       521.23913       1404.9952      -11.205735       -11.205735       1933.1785                 98.527184                 405.60798                        17.103962                           6.9441846             1404.9952
             11       955.44043        3.012537       1.0376853       67.900986     0.022739559      0.11843358      0.04823399       1.0042529   0.00018109061   2.0338934e-09      0.82520502       6.9420185       521.35253       1404.8942      -11.153931       -11.153931       1933.1887                 98.676214                 405.65603                        17.020286                           6.9420185             1404.8942
              8       954.77743       3.0054711       1.0381118       67.422425     0.023156775      0.11618238     0.047462359       0.9993781    0.0040220646   2.0195728e-09      0.80895983        9.921911       520.28801       1404.4849      -12.569981       -12.569981       1934.6948                 98.995323                 405.72227                        15.570412                            9.921911             1404.4849
              5        957.3558       2.9901841       1.0371693       65.522129     0.021541273      0.11513045     0.039908882       1.0003456    0.0015436467   1.9889344e-09      0.80227705       14.378875       522.14217       1403.3733      -12.591369       -12.591369       1939.8943                 98.090174                 407.02386                        17.028139                           14.378875             1403.3733
              3       954.43643       3.0329894       1.0371235       67.130774     0.022134045      0.11386432     0.057264803       1.0005409    0.0044857978   2.0759197e-09      0.81537136       7.8904761       520.95548       1405.1819      -12.577514       -12.577514       1934.0279                 102.08793                    407.35                        11.517545                           7.8904761             1405.1819
              9       954.34875       3.0270228       1.0392715       66.741321     0.021322369      0.11442378     0.051319038       1.0010099   2.5213771e-05   2.0635703e-09      0.81962903       6.7958189       521.79147       1405.1489      -12.519337       -12.519337       1933.7362                 103.98294                 406.26124                        11.547293                           6.7958189             1405.1489
             24       954.07291       3.0318181       1.0435076       66.489892     0.021207862      0.11470449     0.055269907      0.99851466   0.00096083255   2.0734896e-09      0.82442857       7.5380201       520.82854       1404.6281      -12.424424       -12.424424       1932.9947                 101.80308                  407.0819                        11.943557                           7.5380201             1404.6281
              1       953.02105       3.0308173       1.0435814       66.982085     0.022205656      0.11362279     0.055969274       1.0015296    0.0040766748   2.0714155e-09      0.81437513        8.446806        517.3608        1405.062       -12.41375        -12.41375       1930.8696                 98.746571                 406.62607                        11.988157                            8.446806              1405.062
             10       953.21609       3.0326997       1.0434774       66.861749      0.02205056      0.11299195     0.056439821       1.0015748    0.0046297654   2.0753184e-09      0.81299676       8.5054554       517.61549       1405.1163      -12.402515       -12.402515       1931.2372                 98.992669                 406.85505                        11.767771                           8.5054554             1405.1163
              3        953.1967       3.0390271       1.0450412       67.481016     0.022789155      0.11356765     0.058554721       1.0017563    0.0052937783   2.0884915e-09        0.815691        8.294947       517.29815       1405.5086      -12.354141       -12.354141       1931.1017                 99.046776                 407.23751                        11.013857                            8.294947             1405.5086
              7       953.23475       3.0394278       1.0450187       67.474643      0.02276491      0.11354097     0.058709271       1.0003744     0.005366025   2.0893285e-09      0.81588308       8.2751114       517.86329       1405.5105      -12.589709       -12.589709       1931.6489                 99.942845                 407.35774                        10.562708                           8.2751114             1405.5105
              1         954.165       3.0335648       1.0446746       67.587607     0.022450728      0.11374191     0.056616722       1.0047099    0.0049856543   2.0771146e-09      0.81671654       7.2642941       516.92687       1405.7914      -10.826303       -10.826303       1929.9826                 96.741334                 406.61107                        13.574462                           7.2642941             1405.7914
              3       956.22963       3.0476305       1.0444972       67.942684     0.022320952      0.10964542     0.060435137       1.0046693    0.0081358971   2.1065371e-09      0.80541681       6.6271412        519.3743       1408.1713       -10.85675        -10.85675       1934.1728                 99.568043                 408.05789                        11.748369                           6.6271412             1408.1713
              4       955.95911       3.0482844       1.0447709       68.083555      0.02237113      0.11028297     0.060833954       1.0040068    0.0060314096   2.1079149e-09      0.80846685       6.6077355       519.50178       1408.4418      -11.316548       -11.316548       1934.5513                 100.30279                 408.19246                         11.00654                           6.6077355             1408.4418
             13       954.99092       3.0484374       1.0476939       68.742118     0.022973602      0.11228717     0.060643206       1.0039414    0.0077691724   2.1082375e-09      0.81718806        6.724603       517.83741       1408.1362      -11.358181       -11.358181       1932.6982                 98.552288                 407.92123                        11.363893                            6.724603             1408.1362
             10       953.45801       3.0447343       1.0486788       68.509212     0.022743445      0.11392514     0.059696076      0.99980587    0.0070639962   2.1004449e-09      0.82457893        6.731395       518.37471       1407.0057      -12.597907       -12.597907       1932.1118                 99.674419                 407.91527                         10.78502                            6.731395             1407.0057
              5       952.79955       3.0423201       1.0487884       68.112561     0.022557983      0.11407991     0.057417407       1.0001002    0.0073842203   2.0953801e-09      0.82453941       6.9332498       517.64412        1406.222      -12.600119       -12.600119       1930.7993                  99.66912                 407.24817                        10.726839                           6.9332498              1406.222
              1       952.54413       3.0354913       1.0474691       67.917076      0.02242592      0.11358565     0.056137113      0.99970013    0.0062392543   2.0811199e-09      0.81906786       6.7988302       517.17736       1406.2995      -12.593728       -12.593728       1930.2757                 99.345667                 406.80476                        11.026937                           6.7988302             1406.2995
              2        954.1634       3.0376918       1.0469868       67.793806     0.022271619      0.11331401     0.057153927       1.0050411    0.0065415238   2.0857046e-09       0.8192985       6.8407101       516.39286       1406.2291      -10.567925       -10.567925       1929.4627                 96.266147                 406.91344                        13.213267                           6.8407101             1406.2291
             11       953.22023       3.0210753       1.0495005       66.237198     0.020910898      0.11106738     0.057084325       1.0015742    0.0037985963   2.0513338e-09      0.80694457       7.4159665       518.40318       1405.4267      -12.402665       -12.402665       1931.2458                 92.804129                 406.98814                        18.610909                           7.4159665             1405.4267
              7       953.66284         3.02239       1.0489161       66.386324     0.021103026       0.1113812     0.058062739       0.9966695    0.0036696706   2.0540325e-09       0.8078614       7.3864361       517.88823       1405.4781      -11.713541       -11.713541       1930.7528                 96.001736                 407.50296                        14.383535                           7.3864361             1405.4781
              1       952.72284       3.0116914       1.0488228       66.256246     0.020948597       0.1117415     0.052480649      0.99782638     0.002471117   2.0321744e-09      0.80561517       7.2766153       517.29981       1405.3152      -12.222953       -12.222953       1929.8916                 95.224156                 405.99756                        16.078091                           7.2766153             1405.3152
              6       952.99892       3.0152634       1.0463212       67.428477     0.022031398      0.11262429     0.052072111      0.99793113    0.0061854591   2.0394462e-09      0.80723961       6.9174737        517.5623       1406.0351      -12.258504       -12.258504       1930.5148                 96.913821                 405.94732                        14.701157                           6.9174737             1406.0351
              8       953.33994       3.0197154       1.0457974       67.688555     0.022083274      0.11176136     0.047406395      0.99853088     0.010735289   2.0485461e-09      0.80617097       6.9951523       518.25164       1406.2896      -12.428256       -12.428256       1931.5364                 100.49848                 406.20389                        11.549279                           6.9951523             1406.2896
             27       953.01235       3.0183801       1.0499591       68.406091     0.022862145      0.11327873      0.04352277       1.0013411    0.0089984424   2.0458124e-09       0.8104789       6.6693022       517.48251        1406.787      -12.457045       -12.457045       1930.9388                 99.076401                 406.83415                        11.571957                           6.6693022              1406.787
             25       952.93817        3.027052        1.049688       68.547407      0.02278181      0.11290998     0.047790149       1.0012094    0.0074958559   2.0636308e-09      0.81279928       6.5247814       516.79694       1407.5224      -12.483908       -12.483908       1930.8441                 99.791946                  406.1828                        10.822195                           6.5247814             1407.5224
              3       954.76292       3.0255169       1.0466715       68.475228     0.023584617      0.11216838     0.043104713       1.0019104    0.0081754064   2.0604652e-09      0.80224436       7.1709564       519.73501       1407.2378      -12.308965       -12.308965       1934.1438                 103.29041                 407.07795                        9.3666484                           7.1709564             1407.2378
             10       954.51727       3.0293465       1.0477613       68.922577     0.024344566      0.11313749     0.045294541       1.0026946    0.0076365944   2.0683711e-09       0.8047754       7.3460059       518.38372       1407.3449      -12.020063       -12.020063       1933.0747                 102.36435                 406.53461                        9.4847611                           7.3460059             1407.3449
             13       954.48536       3.0290547       1.0450273       69.133665     0.024835222      0.11470553     0.047367136       1.0026353    0.0079239883   2.0677676e-09      0.80855677       7.9354164        518.4193       1406.7067      -12.045342       -12.045342       1933.0614                 102.00791                 406.11411                        10.297288                           7.9354164             1406.7067
              1       954.91745       3.0151673        1.045139       67.892005     0.022260116      0.11628812      0.03872966       1.0026598    0.0079603039   2.0392502e-09      0.82394538       7.2070516       521.67603       1405.0217      -12.034949       -12.034949       1933.9048                 101.24939                 408.23099                        12.195649                           7.2070516             1405.0217
              7       955.20239       2.9936822       1.0468075        66.77104        0.021873      0.11827926     0.032013642       1.0014137     0.001296883   1.9959042e-09      0.82226209       9.0248557       522.52378       1403.7382      -12.441034       -12.441034       1935.2868                 98.528874                 410.42853                        13.566369                           9.0248557             1403.7382
              6       953.98961       3.0098009       1.0475053       68.948127     0.024234503      0.11965017     0.040460983       1.0011937    0.0050121939    2.028336e-09      0.82696867       7.8858486       520.08773       1404.9795      -12.486935       -12.486935       1932.9531                 98.816823                  407.6165                        13.654401                           7.8858486             1404.9795
              7       953.61618       3.0054967       1.0466224       68.300968     0.022626049      0.11672436     0.042158618      0.99998692    0.0057685554   2.0196245e-09      0.82069781       6.6005811       520.24367       1405.5899      -12.600908       -12.600908       1932.4342                 97.578564                 407.01347                        15.651636                           6.6005811             1405.5899
              2       953.32787       3.0216281       1.0447941       67.567267     0.021506542      0.11478666     0.047324139       0.9993577    0.0039202567    2.052468e-09      0.82291017       6.4159024        519.5331       1405.8426      -12.567918       -12.567918       1931.7916                  101.2969                  406.2909                        11.945293                           6.4159024             1405.8426
             23        952.8882       3.0203438       1.0446635       67.304106     0.021566893      0.11649744     0.048316214      0.99953465    0.0021987325   2.0498338e-09      0.82857217       6.7656453       519.25971       1404.9182      -12.583598       -12.583598       1930.9436                 100.27797                 406.11946                        12.862275                           6.7656453             1404.9182
              1       953.14218       3.0091894       1.0451201       68.039914     0.022866608      0.11761542     0.043697207      0.99927135   0.00087403267   2.0270963e-09      0.82228844       6.7941098       519.32536       1405.2818      -12.558447       -12.558447       1931.4013                 99.949819                  406.5658                        12.809737                           6.7941098             1405.2818
              8       955.34122         2.99734       1.0377216       66.741223     0.022525174      0.11848829      0.04724391       0.9993317    0.0016842523   2.0032181e-09      0.81737517       11.649889       520.65375       1403.5092      -12.565192       -12.565192       1935.8128                 96.445783                 405.57566                        18.632302                           11.649889             1403.5092
             27       955.05529       2.9972078       1.0373973       66.672774     0.022325774      0.11810013     0.047274672      0.99929438    0.0005726558   2.0029532e-09      0.81639891       10.662303       520.93993       1403.6305      -12.561089       -12.561089       1935.2328                 96.980879                 405.57667                        18.382382                           10.662303             1403.6305
              7       955.47112       2.9953879       1.0368257       66.310216     0.021161287      0.11483869      0.04450444      0.99750872    0.0038158072   1.9993113e-09      0.80847243       8.6331833       522.38483        1404.133      -12.104405       -12.104405        1935.151                 98.786365                 406.20422                        17.394252                           8.6331833              1404.133
              7       956.07974       2.9953649       1.0367215       66.322744     0.021172986      0.11486948      0.04458894      0.99611519    0.0037440962   1.9992654e-09      0.80851057        8.598625       522.20698        1404.141       -11.39358        -11.39358       1934.9466                 99.678043                 406.24343                        16.285503                            8.598625              1404.141
              2       956.12281       2.9982792       1.0340022       66.307999     0.020847918      0.11536895     0.042124077        0.996828    0.0040431051   2.0051004e-09      0.81332736       8.0253036       523.75892       1404.0534      -11.795994       -11.795994       1935.8376                 102.51578                 406.88088                        14.362252                           8.0253036             1404.0534
              3       955.34205       3.0160666       1.0397008       67.511582     0.022640999      0.12071813     0.046688762       1.0019606    0.0067025275   2.0410849e-09      0.83836856       10.886071       520.95654       1403.4283      -12.293409       -12.293409       1935.2709                 98.593065                 406.05572                        16.307751                           10.886071             1403.4283
              2       954.40155        3.038219       1.0429389       66.510418     0.020514369      0.11674745     0.056609663       1.0021078    0.0048472813   2.0868044e-09      0.84203688       7.8848529       521.46905       1403.9402      -12.245493       -12.245493       1933.2941                 99.028693                  408.0946                        14.345755                           7.8848529             1403.9402
              8       954.58254       3.0376637       1.0426204       66.544834     0.020457166      0.11706207     0.055858615       1.0021849    0.0046216776   2.0856459e-09      0.84359269        7.771998       521.90462       1403.9265      -12.219016       -12.219016       1933.6031                  99.34538                   407.913                        14.646234                            7.771998             1403.9265
              9       953.98056       3.0220062       1.0434164       66.108022      0.02031233      0.11798862     0.052506438       1.0034858    0.0011100431   2.0532442e-09      0.84021387       8.0344439       519.63522       1403.5492      -11.628883       -11.628883       1931.2189                 95.841229                 406.64039                         17.15361                           8.0344439             1403.5492
              6       953.95497       3.0477195        1.048718       68.342902     0.022889375      0.11788752      0.06108811       1.0034317     0.006084835   2.1067246e-09      0.84266458       7.7002151       518.44838        1405.079      -11.658822       -11.658822       1931.2276                 96.810238                 408.39777                        13.240376                           7.7002151              1405.079
              9       953.77961       3.0466177        1.045861       67.944271     0.022618323      0.11680624     0.059378144       1.0017266     0.007317628   2.1044046e-09      0.83717285       8.0653345       519.36456       1404.8542      -12.362435       -12.362435       1932.2841                 99.414335                 408.03875                        11.911478                           8.0653345             1404.8542
              6       953.77109       3.0451842        1.047489       67.458281      0.02207465      0.11752079     0.059217482       1.0022119    0.0066937897   2.1013902e-09       0.8425125       8.6970228       519.03427       1404.2299      -12.209512       -12.209512       1931.9612                 97.743283                 408.20445                         13.08654                           8.6970228             1404.2299
             16       954.41717       3.0443791        1.047429       67.202621     0.021768411      0.11740918     0.059230556       1.0042712    0.0071028074   2.0996991e-09      0.84305273       9.0101405        518.0823       1404.0249      -11.141476       -11.141476       1931.1173                 96.016638                 408.20798                         13.85768                           9.0101405             1404.0249
              4       953.36231       3.0343217       1.0455029       66.349694     0.021071745      0.11415705     0.058310071       1.0000944    0.0095951391   2.0786873e-09      0.82598681       10.071045       517.89111       1403.9629      -12.600208       -12.600208        1931.925                 96.697595                 408.20571                        12.987804                           10.071045             1403.9629
              7       953.66981       3.0426066       1.0467147       66.223931     0.020651671      0.11111988     0.058688859       1.0022641     0.012161923   2.0959806e-09       0.8186479       9.0522733       518.03512       1404.6339      -12.190847       -12.190847       1931.7213                 97.568731                 408.56949                        11.896905                           9.0522733             1404.6339
              1       954.17774        3.042607       1.0467149       66.224052     0.020651687      0.11111986     0.058688935       1.0037415     0.012162241   2.0959815e-09      0.81864741        9.051873       517.63152       1404.6341      -11.480987       -11.480987       1931.3174                 96.652035                 408.44846                        12.531027                            9.051873             1404.6341
              9       954.50002       3.0443649       1.0486313       66.164305     0.020756271      0.11112454     0.060173032       1.0036207     0.014337345   2.0996691e-09      0.81953774       10.430845       517.33843       1404.3351      -11.552161       -11.552161       1932.1044                  95.50856                 408.99095                        12.838911                           10.430845             1404.3351
              7       954.75682       3.0504002       1.0489829       66.467563     0.021213462      0.11116946     0.062254647      0.99970578     0.015812841   2.1123796e-09      0.82035423       10.956972        519.3143       1404.4304      -12.593996       -12.593996       1934.7016                 98.654843                  410.0224                        10.637057                           10.956972             1404.4304
              9        954.2374       3.0390912       1.0468236       67.409257     0.022198319      0.11183366     0.054527235      0.99956039     0.018079827   2.0886254e-09      0.81463516       10.205563       518.51845       1404.9217      -12.585461       -12.585461       1933.6457                 101.12713                  406.9365                        10.454813                           10.205563             1404.9217
              8       954.42664       3.0388347       1.0468089       67.408052     0.022199372      0.11183809     0.054428236       1.0028035      0.01805421   2.0880897e-09      0.81453221       10.206669       517.67027       1404.9206      -11.972134       -11.972134       1932.7975                 99.063793                 406.74279                        11.863689                           10.206669             1404.9206
              6       954.36097       3.0314438       1.0475111       67.417471     0.022420877      0.11197707      0.05368829       1.0022424     0.017675187   2.0727137e-09      0.81084453       10.803266       517.47121       1404.8448      -12.198663       -12.198663       1933.1193                  97.23102                 406.38424                        13.855954                           10.803266             1404.8448
             15       952.78398       3.0269713       1.0491137       66.969635     0.021380472      0.11380117     0.049590659       1.0009659     0.015121858   2.0634642e-09      0.82341271       9.6279214       516.74065        1404.252      -12.526281       -12.526281       1930.6205                 97.417559                 406.32384                        12.999257                           9.6279214              1404.252
             37       953.75201       3.0277107       1.0495556       67.044117     0.021359837      0.11347211     0.048226289       1.0038547     0.015759076   2.0649904e-09      0.82282289       9.2970423       516.63954       1404.3919      -11.412208       -11.412208       1930.3284                 96.642076                 406.28091                        13.716553                           9.2970423             1404.3919
             31        954.9319       3.0364607       1.0476004       64.781513     0.018944983      0.11095193     0.052636607       1.0041285     0.012759487   2.0831383e-09       0.8233926       11.064759       517.73508       1403.5387      -11.237352       -11.237352       1932.3385                 96.710765                 407.47716                        13.547154                           11.064759             1403.5387
              9       954.54241       3.0320016       1.0465654       64.574022     0.018619833      0.11099228     0.049984782       1.0000071     0.012062566   2.0738701e-09      0.82295382       10.764715       520.05646       1403.4655      -12.600918       -12.600918       1934.2867                 99.786967                 407.24215                        13.027342                           10.764715             1403.4655
              6       953.38013       3.0308751       1.0491596       65.156452     0.019213051      0.11049514     0.047490578       1.0018491     0.012213717   2.0715354e-09      0.81857587       9.4719228       517.97532       1403.9678      -12.327392       -12.327392       1931.4151                 99.045627                 406.72908                        12.200607                           9.4719228             1403.9678
              2       954.34003       3.0292968       1.0488882       64.273814     0.018250165      0.11041687     0.048386851      0.99899907    0.0098347052   2.0682683e-09      0.82106681       9.9895821       520.20808       1403.5239      -12.520772       -12.520772       1933.7216                 99.614947                 407.09365                        13.499488                           9.9895821             1403.5239
              1       953.91713       3.0242206       1.0494714       64.458548     0.018388137      0.11129726     0.045396764      0.99944378    0.0092279207   2.0577961e-09      0.82272691       9.6213476       519.86656       1403.4987      -12.576171       -12.576171       1932.9866                 99.187446                 406.94572                        13.733397                           9.6213476             1403.4987
              2       953.00434       3.0240602       1.0499687       65.068017     0.019648199      0.11233315     0.047721971       1.0027932    0.0083320783   2.0574659e-09      0.82038751       10.866458       515.51631       1403.5794      -11.976758       -11.976758       1929.9622                 95.811064                 406.32483                        13.380412                           10.866458             1403.5794
              1       954.33362       3.0235946       1.0498262       64.664739     0.019515072      0.11264372      0.04655677       1.0041554    0.0056097047   2.0565083e-09      0.82060679       11.920084       515.82368       1403.3625      -11.219515       -11.219515       1931.1063                 95.853114                  406.2509                        13.719674                           11.920084             1403.3625
             21       955.43179       3.0227383       1.0493621       64.589053     0.019367608      0.11599744     0.049760686       1.0056421    0.0020592112   2.0547479e-09      0.83526369       12.067801       515.88029       1403.0241      -10.054287       -10.054287       1930.9722                 93.075417                 406.30257                        16.502312                           12.067801             1403.0241
              5        953.8119       3.0212555       1.0487875       64.516791     0.019280375      0.11502183      0.04912805       1.0007147    0.0016749917   2.0517034e-09      0.83038196       11.436466       518.20086       1403.1066       -12.56006        -12.56006       1932.7439                 96.580006                 406.42586                        15.194997                           11.436466             1403.1066
              6       954.17926       3.0228634       1.0460755       65.863236     0.020698315      0.11865706     0.052227655      0.99969231    0.0054714309    2.055005e-09      0.84187703       12.199381       518.27068       1403.0751      -12.593348       -12.593348       1933.5452                 95.961959                 406.63174                        15.676983                           12.199381             1403.0751
              7       953.65678        3.020254       1.0462164       65.617036     0.020752965       0.1160802     0.050991232       1.0001242    0.0071591569   2.0496497e-09      0.82850664       13.303068       516.01674       1403.1931      -12.599688       -12.599688       1932.5129                 95.709836                  406.2807                        14.026209                           13.303068             1403.1931
              2       958.21785       3.0072844       1.0450062       65.311503     0.020610512      0.11830716     0.045710573       1.0064013    0.0054241126   2.0232382e-09      0.83220828       15.429256       516.69372       1402.9584      -9.3228404       -9.3228404       1935.0814                 91.018426                 405.86022                        19.815078                           15.429256             1402.9584
             12        956.0354       3.0072815       1.0450509       65.317755     0.020617957      0.11832356     0.045708041       1.0038255    0.0054670585   2.0232324e-09      0.83227295       15.451376       516.52145       1402.9583      -11.430171       -11.430171       1934.9311                  92.53794                 405.94862                        18.034895                           15.451376             1402.9583
              6       956.24391        3.007175       1.0438405       65.134792     0.020506847      0.11686842     0.046337101       1.0036085    0.0064761807   2.0230169e-09      0.82583043       16.006873        516.6171       1402.9823      -11.559208       -11.559208       1935.6062                 92.901463                 405.90489                        17.810755                           16.006873             1402.9823
             10       956.07739       3.0101888       1.0417832       64.447269     0.019010059       0.1163624     0.046183728       1.0039443    0.0043994913    2.029123e-09      0.83188333       12.627558       519.27992         1402.96      -11.356332       -11.356332       1934.8675                 94.531609                 406.31762                        18.430698                           12.627558               1402.96
              8       956.89865       3.0227667       1.0402755       65.724108     0.021191959      0.11720189     0.049527437       1.0046847    0.0072674499   2.0548063e-09      0.83002979       15.346795       517.07063       1403.0702      -10.845187       -10.845187       1935.4877                 96.876663                 406.05837                        14.135594                           15.346795             1403.0702
              1       956.42716       3.0157935         1.04125       65.136424     0.020502151      0.11619026     0.045805131         1.00466    0.0039955371   2.0405277e-09      0.82504249       14.176588       517.33459       1403.0704      -10.863637       -10.863637       1934.5816                 96.987112                 406.06043                        14.287045                           14.176588             1403.0704
             12       957.28367       3.0440634       1.0431279       66.088952     0.021808739      0.11076188     0.058431748      0.99708731    0.0060278127   2.0990363e-09      0.80668759       11.414744        522.2537       1404.7433       -11.92222        -11.92222       1938.4118                 104.40956                 407.93357                        9.9105701                           11.414744             1404.7433
              7       957.50683       3.0576727       1.0482792       67.245162     0.024099877      0.10992958      0.06407685      0.99938206   0.00095396909   2.1277979e-09      0.79652509       10.885604       522.58992       1406.6789      -12.570374       -12.570374       1940.1544                  104.8248                 408.49406                        9.2710673                           10.885604             1406.6789
              2       958.47222       3.0608553       1.0472926       65.585162     0.021557689      0.10819192     0.066786033      0.99910089    0.0053631015   2.1345806e-09      0.80250267       12.302392        524.6033       1405.1113       -12.53625        -12.53625       1942.0169                 102.66303                 411.67897                          10.2613                           12.302392             1405.1113
             13        957.7256       3.0634887       1.0467224       65.938368     0.021735205      0.10810128     0.064164204        1.001025    0.0081347704   2.1402093e-09      0.80334679       11.825775       523.32161       1405.3376      -12.516879       -12.516879        1940.485                  103.4391                 410.36334                        9.5191719                           11.825775             1405.3376
              4         959.439       3.0634793       1.0484768       66.059308     0.021928576      0.10871556     0.060870657      0.99821297    0.0084956297   2.1401891e-09      0.80595173       12.248187       526.15396       1405.1667      -12.345445       -12.345445       1943.5689                 106.14783                 408.98345                        11.022677                           12.248187             1405.1667
              9        958.0073       3.0679612       1.0478283       67.517618     0.022939661      0.10714539      0.06472905       1.0039561    0.0053179648   2.1498028e-09      0.79634998       7.4549392       522.46483       1408.7926      -11.348857       -11.348857       1938.7123                  104.0551                 409.53423                        8.8754953                           7.4549392             1408.7926
              1       957.79891       3.0665035       1.0477334       67.647701     0.023042207      0.10710622      0.06317446       1.0039792    0.0058977798   2.1466713e-09       0.7953194       7.4142998       521.88746       1408.9644      -11.334181       -11.334181       1938.2662                  104.3836                 408.80234                        8.7015226                           7.4142998             1408.9644
              4       958.13646       3.0611764       1.0435741       66.750621     0.021419452      0.10599241     0.060625761        1.004302    0.0072256039   2.1352662e-09      0.79540555       7.0341394       523.17992       1408.2996      -11.120374       -11.120374       1938.5137                 105.09763                 408.76187                        9.3204186                           7.0341394             1408.2996
              3       956.34082        3.048393       1.0434954       66.625334     0.021770357       0.1085524     0.061721404       1.0034314    0.0047269405   2.1081438e-09      0.79952566       7.7568528       521.45947       1406.7832      -11.658956       -11.658956       1935.9995                 100.96253                 408.74228                        11.754666                           7.7568528             1406.7832
              4       957.17127       3.0635629       1.0461818        68.20865      0.02404156      0.11116925     0.070170553       1.0007901    0.0019691767   2.1403681e-09      0.80751333       7.4585389       524.06106       1407.9249      -12.550978       -12.550978       1939.4445                 103.12569                 411.68978                        9.2455912                           7.4585389             1407.9249
              1       957.16507       3.0635751       1.0461515       68.204849     0.024040232      0.11115436     0.070149855       1.0008648    0.0020047919   2.1403942e-09       0.8074446       7.4687869       524.02376       1407.9198      -12.541086       -12.541086       1939.4123                 103.09276                 411.67198                        9.2590238                           7.4687869             1407.9198
              6       957.97286       3.0696632       1.0478409       67.916735     0.024457342      0.11407973     0.075552094       1.0013122   0.00093041412   2.1534648e-09      0.82057445       9.8839517       525.13348       1405.8546      -12.463171       -12.463171       1940.8721                 100.78238                 414.68417                        9.6669302                           9.8839517             1405.8546
             37        958.7396       3.0700873       1.0462115       68.843364     0.025924462      0.11356498     0.073488685       1.0035208    0.0020102148   2.1543782e-09      0.81091492        9.931452        523.7597       1407.0065      -11.609238       -11.609238       1940.6977                 101.59221                 412.32811                        9.8393774                            9.931452             1407.0065
             58       957.97666       3.0676214       1.0458157       68.788444     0.025892329      0.11446577     0.072690657       1.0019122    0.0015112036   2.1490725e-09      0.81401977       10.224674       523.79181       1406.5537      -12.308409       -12.308409       1940.5701                 102.42369                 412.03378                        9.3343407                           10.224674             1406.5537
             17       957.84844       3.0635166       1.0458755       68.808128     0.025883294      0.11456143     0.071181223      0.99891784    0.0016931206    2.140269e-09      0.81297455       10.186665       523.99875       1406.5259      -12.507236       -12.507236       1940.7113                 103.69197                 411.32202                        8.9847527                           10.186665             1406.5259
             11       957.67733       3.0636888       1.0458343       68.769764     0.025822534      0.11434893     0.071281755      0.99955384    0.0016014741   2.1406375e-09      0.81230028       10.091965       523.83994       1406.5927      -12.584997       -12.584997       1940.5246                 103.35989                 411.39425                        9.0858003                           10.091965             1406.5927
             30       957.32496       3.0647137        1.046191       68.866766     0.025632634      0.11602796     0.070581289      0.99987558   0.00072839825   2.1428327e-09      0.82209241       9.4041089       524.23112       1406.2141      -12.599683       -12.599683       1939.8493                 103.63377                 411.25375                        9.3436009                           9.4041089             1406.2141
             17       956.98111       3.0415361       1.0445056       67.607168       0.0252909      0.11465371     0.059610098      0.99975148   0.00090776283   2.0937381e-09      0.80434194       15.448248       518.88039       1404.8255      -12.595981       -12.595981       1939.1542                 102.57419                 406.40956                        9.8966374                           15.448248             1404.8255
              4       957.11778       3.0446813       1.0434601        66.77083     0.023545676      0.11630991     0.067231454       1.0026875    0.0014461115   2.1003336e-09      0.82204193       14.851139       519.63338       1403.7972      -12.023095       -12.023095       1938.2818                 96.841098                 410.39339                        12.398892                           14.851139             1403.7972
              3       956.76248       3.0441697       1.0434156       66.892792     0.023713634      0.11587775     0.066840906       1.0003685     0.002065345   2.0992594e-09      0.81923183       14.766429       519.99337       1403.9453      -12.590056       -12.590056       1938.7051                 98.274359                 410.20233                        11.516687                           14.766429             1403.9453
              4       958.35136       3.0580579       1.0393584       66.836336     0.022610413      0.11256022     0.070051087       1.0003148      0.01101657   2.1286178e-09      0.81748596       12.801291       524.65667       1404.4308      -12.592994       -12.592994       1941.8887                 100.97423                 413.40953                        10.272909                           12.801291             1404.4308
             16       960.06541       3.0280766       1.0377416       69.926588     0.025985668      0.11801147     0.039983889       0.9982448    0.0082606144   2.0657462e-09      0.81583642       8.5472355       530.17491       1406.1176      -12.354465       -12.354465       1944.8398                 112.22359                 408.39494                        9.5563866                           8.5472355             1406.1176
              5       957.36312       3.0306561       1.0469056       68.503905     0.024772671      0.11265993     0.047739235      0.99663161    0.0058255476   2.0710817e-09      0.79841907       9.1423402         522.174       1406.7964      -11.693237       -11.693237       1938.1127                 107.31648                 406.13742                        8.7200923                           9.1423402             1406.7964
             12       957.13996       3.0324059       1.0454628       68.267453     0.023120196      0.10962943     0.050542725      0.99576503     0.018573223   2.0747088e-09      0.79710958       8.4234326       521.35551       1406.8332      -11.166126       -11.166126       1936.6122                  105.7303                 406.40051                        9.2247044                           8.4234326             1406.8332
              1       958.12199       3.0391019       1.0446562       68.758602      0.02361097      0.11009474     0.050667131      0.99628994     0.021149878   2.0886478e-09      0.80029754       8.5095842       523.79479       1406.9391      -11.499757       -11.499757       1939.2435                 108.47259                 406.59292                        8.7292724                           8.5095842             1406.9391
             12       956.68864       3.0427141       1.0468744       68.037116     0.022670616      0.11253278     0.053586233       1.0053972      0.02068724   2.0962059e-09      0.81855757       9.7394786       519.04412       1405.1347      -10.270503       -10.270503       1933.9183                 99.672348                 406.56719                         12.80458                           9.7394786             1405.1347
             12       957.93882       3.0270788       1.0489686       67.784235     0.022432426      0.11252592     0.045726086       1.0048329     0.023534332    2.063686e-09      0.81432705        11.20197       521.53861       1404.6018      -10.732368       -10.732368       1937.3424                 99.982684                 406.58281                        14.973115                            11.20197             1404.6018
             11       956.03573       3.0328506       1.0497698       67.882673     0.023489305      0.11583406     0.049955435       1.0057609     0.015278489   2.0756316e-09      0.82384483        12.97302       514.86691       1404.1233      -9.9459096       -9.9459096       1931.9633                 96.127779                 405.84567                        12.893457                            12.97302             1404.1233
              3       955.90838       3.0335167       1.0499888       67.886829     0.023539533       0.1159016     0.050695534         1.00574     0.015010381   2.0770146e-09      0.82411671       13.073171       514.55714       1404.1167      -9.9651068       -9.9651068        1931.747                 95.786765                 405.82574                        12.944633                           13.073171             1404.1167
             13       953.54722       3.0292179       1.0486345       67.943008     0.023190768      0.11670908     0.050980261      0.99747277    0.0088310497   2.0681052e-09      0.82681301       9.4768872        517.2419       1404.5556      -12.089969       -12.089969       1931.2744                 100.05575                 406.07249                         11.11366                           9.4768872             1404.5556
             11       952.41193       3.0301866       1.0486314       67.994934     0.023266431      0.11661138     0.051483163      0.99984784    0.0087521382   2.0701094e-09      0.82639111       9.3942484       515.99035       1404.6374       -12.59907        -12.59907        1930.022                 98.640957                    405.98                        11.369386                           9.3942484             1404.6374
              3       952.69006        3.042174       1.0494674       68.916076      0.02472247      0.11671838     0.060396787      0.99967628     0.006527722    2.095074e-09      0.82456515       8.7431781       516.14933       1405.6727      -12.592538       -12.592538       1930.5652                 98.189397                 407.13619                        10.823742                           8.7431781             1405.6727
              1       953.66276       3.0354449       1.0473388       68.374776     0.024461453      0.11832971     0.051744804       1.0009128    0.0048011909   2.0810235e-09      0.82825448       10.463397       517.35719       1404.5735       -12.53426        -12.53426       1932.3941                 100.87601                 405.75936                        10.721823                           10.463397             1404.5735
              1       954.70233       3.0353748        1.047331       68.374959     0.024463543      0.11836446      0.05175488       1.0054312    0.0047625705   2.0808775e-09      0.82836033       10.469829       514.85126       1404.5657       -10.24108        -10.24108       1929.8868                 98.016946                 405.56006                        11.274255                           10.469829             1404.5657
              3        955.1389         3.02935       1.0451566         68.6691     0.024416453      0.11803808     0.048196115       1.0050418    0.0081407256   2.0683784e-09      0.82560961       9.8467674       516.80339       1404.7624      -10.567353       -10.567353       1931.4125                 98.865087                  405.8708                        12.067507                           9.8467674             1404.7624
              4       954.08285       3.0298197       1.0448603        69.16279     0.024828531       0.1179417     0.047534511        1.002235    0.0075759495   2.0693501e-09      0.82385554       8.6186593        518.5195       1405.4302      -12.201309       -12.201309       1932.5683                 101.65993                 406.07127                        10.788297                           8.6186593             1405.4302
             10       954.29281       3.0334704       1.0438312       69.261911      0.02478941      0.11704052       0.0490622       1.0021742    0.0086180929   2.0769185e-09      0.82163608       8.1995509       518.99238       1405.8392      -12.222754       -12.222754       1933.0311                 102.56231                   405.972                        10.458074                           8.1995509             1405.8392
              2       954.01179         3.04063       1.0478834        68.53367     0.023855009       0.1169518      0.05138433       1.0023935     0.012660434   2.0918417e-09      0.83052513       10.080757       517.53786       1404.6902      -12.142609       -12.142609       1932.3088                 100.59809                 406.10919                        10.830586                           10.080757             1404.6902
              6       954.03811       3.0407757       1.0478659       68.522528     0.023845727      0.11698183      0.05149443       1.0025877     0.012643307   2.0921467e-09      0.83074553       10.117143       517.41902       1404.6705       -12.06523        -12.06523       1932.2067                 100.44157                 406.09425                        10.883203                           10.117143             1404.6705
              7       954.54532       3.0408554       1.0478702       68.528991     0.023852105      0.11696688     0.051508117       1.0041889      0.01266158   2.0923134e-09      0.83069024       10.104779        516.7002         1404.68      -11.197188       -11.197188        1931.485                 99.456791                 406.03716                        11.206248                           10.104779               1404.68
              4       954.68438        3.047593       1.0484232       69.383562     0.024043003      0.11481371     0.056223043       1.0032284     0.017019819    2.106458e-09      0.82562636       7.8771311       518.77314       1406.2527        -11.7671         -11.7671        1932.903                  99.94374                 406.73007                        12.099324                           7.8771311             1406.2527
              4       954.94409       3.0474989       1.0479747       69.447395      0.02402979      0.11494536     0.055661102       1.0033723     0.017139653   2.1062598e-09      0.82635942       7.7637267       519.20944       1406.2973      -11.691143       -11.691143       1933.2705                 100.35317                 406.66084                         12.19543                           7.7637267             1406.2973
              5        956.2104       3.0524753       1.0467796       69.833471     0.024046488      0.11451211     0.054402809       1.0038048     0.017725849   2.1167677e-09      0.82701695       7.2227098       520.95882       1407.1248      -11.442784       -11.442784       1935.3064                 103.24164                 406.69696                        11.020213                           7.2227098             1407.1248
             14       955.84709       3.0588891       1.0497688       70.150151     0.024370754      0.11552514     0.056879681        1.000072     0.017963281   2.1303878e-09      0.83426905       7.4689634       522.37318       1407.0531      -12.600507       -12.600507       1936.8952                 104.78869                 407.30005                        10.284435                           7.4689634             1407.0531
             18       952.30726       3.0185786       1.0484118       67.048058     0.022141859      0.11733336     0.049452962      0.99934591    0.0070653311   2.0462186e-09      0.82916759       10.294872       515.65657       1403.7965      -12.566695       -12.566695       1929.7479                 96.133171                 405.93301                        13.590397                           10.294872             1403.7965
              1       953.94601       3.0147361       1.0470712       66.608415     0.022519491      0.11920412     0.051409946      0.99936889    0.0056062193    2.038371e-09      0.83118301        15.10523       514.77057       1403.1543      -12.569057       -12.569057       1933.0301                 94.153566                 405.73895                        14.878057                            15.10523             1403.1543
              2       954.07959       3.0105802       1.0458286       67.007935     0.022783876        0.120745     0.051399348      0.99902789    0.0043097984   2.0299174e-09       0.8350499       13.527523       516.49993       1403.1824      -12.525322       -12.525322       1933.2098                 93.761688                 405.63428                         17.10396                           13.527523             1403.1824
              4       954.83174        2.996276       1.0467516       68.250177     0.024846004      0.12017248      0.04276576      0.99879514    0.0028712266   2.0010878e-09      0.81686866       12.414667       518.25672       1403.9617      -12.484787       -12.484787        1934.633                 95.304586                 406.55958                        16.392561                           12.414667             1403.9617
              5       955.48481       3.0173245       1.0453758       68.177879     0.025314941       0.1182412     0.052733059       0.9992246     0.007208585   2.0436541e-09       0.8140842       16.335541       515.79858       1403.9411      -12.552823       -12.552823       1936.0753                 96.108343                 405.31872                        14.371511                           16.335541             1403.9411
              5       955.43102       3.0169925       1.0454008       68.132834     0.025262458      0.11829517     0.052690508      0.99922255    0.0069751263   2.0429756e-09      0.81435373       16.350623       515.70548       1403.9111      -12.552568       -12.552568       1935.9672                 96.025288                 405.30781                        14.372392                           16.350623             1403.9111
              3       956.04765       3.0239446       1.0461565       67.992975      0.02496688      0.11821841     0.053521889      0.99724072    0.0088754234   2.0572282e-09      0.81902183        17.10678       515.23302       1403.7392      -11.991831       -11.991831        1936.079                 98.218284                 405.62355                        11.391187                            17.10678             1403.7392
              6       956.01575       3.0239552       1.0462418       67.998297     0.024973388      0.11828915     0.053527215       0.9972488    0.0088059861   2.0572499e-09      0.81933008       17.099355       515.19137       1403.7316      -11.995395       -11.995395       1936.0223                 98.168629                 405.62486                        11.397879                           17.099355             1403.7316
             21       955.82108       3.0203048       1.0462439         68.2845     0.025310347      0.11840661     0.050825942       1.0041384    0.0061228661   2.0497539e-09      0.81643718       14.933683        515.0784       1404.0917      -11.230805       -11.230805       1934.1038                 94.910322                 405.21398                        14.954099                           14.933683             1404.0917
             30       954.91924       3.0149653       1.0498069       68.646316     0.025681013      0.12092347     0.049142268       1.0040857     0.003790485   2.0388383e-09      0.82483858       14.074702       514.37246       1403.9223      -11.265492       -11.265492       1932.3695                  92.90604                 405.23276                        16.233665                           14.074702             1403.9223
              3       955.23252       3.0165644       1.0489704        68.72022     0.025732149      0.11996749      0.04921161       1.0042465    0.0049228242   2.0421012e-09      0.82109948       13.795039       514.84101       1404.1456      -11.158319       -11.158319       1932.7817                 93.592903                 405.26883                        15.979271                           13.795039             1404.1456
              6       955.52924       3.0167527       1.0483781       68.568289     0.025553343      0.12001065     0.048921732      0.99596963    0.0039045699   2.0424859e-09      0.82165542       13.639113       515.93226       1404.0899      -11.301412       -11.301412       1933.6613                 99.335296                 405.60594                        10.991027                           13.639113             1404.0899
             46       955.25382       3.0059146       1.0485683       68.068501     0.025123208      0.12130791     0.043620836      0.99755705    0.0011576719   2.0204688e-09      0.82364243       14.739612       516.42997        1403.585       -12.12348        -12.12348       1934.7546                 97.953461                 406.43718                        12.039325                           14.739612              1403.585
              1       953.89219       3.0063314       1.0484482       67.564707     0.024192617      0.11998802     0.043703928       1.0003126    0.0019166972   2.0213111e-09      0.82266364       13.968691       515.44082       1403.5611      -12.593106       -12.593106       1932.9706                 96.124076                 406.32835                         12.98839                           13.968691             1403.5611
              4       953.64197       3.0102138       1.0476569       67.765467     0.024325136      0.11886472     0.044498986       1.0017675    0.0019657339   2.0291737e-09       0.8187881       12.537917        515.4785       1403.9695      -12.351004       -12.351004       1931.9859                 96.683471                 406.16469                        12.630333                           12.537917             1403.9695
             15       953.59476       3.0096449       1.0478125       67.760133     0.024318374      0.11874319     0.044325154        1.001721    0.0018882236   2.0280198e-09       0.8180742       12.448587       515.46703       1404.0018      -12.363964       -12.363964       1931.9174                 96.609888                  406.1866                        12.670539                           12.448587             1404.0018
              5       958.96391       3.0088575       1.0487106        68.21025     0.025502835      0.11661199     0.043677701       1.0059524    0.0057786591   2.0264234e-09      0.80293817       15.313241       517.66383       1404.4835      -9.7663945       -9.7663945       1937.4606                 93.840292                 406.30938                        17.514158                           15.313241             1404.4835
              1       958.82955       3.0098127       1.0484481       68.067812     0.025258965      0.11601974     0.042510649       1.0057863    0.0068403832   2.0283599e-09      0.80193789       15.527838       517.51114        1404.465      -9.9224364       -9.9224364        1937.504                 94.918166                 406.67508                        15.917897                           15.527838              1404.465
              6       958.63243       3.0150069       1.0485702       67.446871      0.02432717      0.11561354     0.045543998       1.0057137     0.010620541   2.0389232e-09      0.80728245       17.950229       515.44753       1403.8455      -9.9891934       -9.9891934       1937.2433                 94.020876                  405.9392                        15.487454                           17.950229             1403.8455
              1       956.98392       3.0170304       1.0487335       66.499129     0.023335247      0.11298911     0.044800481       1.0026844    0.0095034133   2.0430531e-09      0.79960496       18.899132       515.26946       1403.8481      -12.024435       -12.024435       1938.0167                 97.051542                 406.15695                        12.060965                           18.899132             1403.8481
              4       956.39118       3.0276165       1.0448201       65.282796     0.020617668      0.11387488     0.061321398       1.0012444    0.0097027651   2.0647959e-09      0.82152874       15.265659       519.23518       1403.2356      -12.477046       -12.477046       1937.7364                  92.23596                 409.38596                        17.613254                           15.265659             1403.2356
              2       956.49904       3.0255665       1.0452096        65.19094     0.020581622      0.11382569     0.061542181        1.001065    0.0087403135   2.0605674e-09      0.82032289       15.279246       519.51109       1403.2281      -12.510192       -12.510192       1938.0185                 91.566339                  409.3981                         18.54665                           15.279246             1403.2281
              5        956.2977       3.0257705       1.0452654       65.186494     0.020570811       0.1138251     0.061595356       1.0002565    0.0086827137   2.0609878e-09       0.8204718       15.228349       519.32925       1403.2291      -12.595657       -12.595657       1937.7867                 92.069593                 409.47586                        17.783798                           15.228349             1403.2291
              2       954.49455        3.026249       1.0452009       67.084809     0.022440039      0.11501965     0.058398875       1.0027323    0.0093337381   2.0619742e-09      0.81932679       10.919092       517.88644        1404.191      -12.003697       -12.003697       1932.9965                  93.05382                 407.15988                         17.67274                           10.919092              1404.191
             11       954.10617       3.0295191       1.0454672       67.121105     0.022503195      0.11473257     0.058757252      0.99771457     0.010034764   2.0687282e-09      0.81925826       11.098778       517.23814       1404.2416      -12.183065       -12.183065       1932.5785                 96.816243                 407.56281                        12.859096                           11.098778             1404.2416
              1       955.07566        3.043573       1.0498982       66.870491     0.022338775      0.11751467     0.064455124      0.99855016    0.0089871044   2.0980071e-09      0.83940339       13.326652       518.22996       1403.4602      -12.432758       -12.432758       1935.0168                 95.014726                 410.28067                         12.93456                           13.326652             1403.4602
             14       953.25202       3.0369562       1.0496673       66.944933     0.021628471      0.11733093     0.054149736       1.0001962    0.0048369432   2.0841709e-09      0.83994469       8.8905576        518.8422        1403.967      -12.597843       -12.597843       1931.6997                 98.519523                 406.82242                        13.500257                           8.8905576              1403.967
              3       953.13767       3.0354842       1.0484446        67.04328     0.021700534      0.11682839      0.05306751       1.0002109    0.0049276457   2.0811052e-09      0.83646878       8.4712554       518.81349       1404.1853      -12.597364       -12.597364       1931.4701                 99.309607                 406.58465                         12.91923                           8.4712554             1404.1853
              7       954.20577       3.0302207       1.0486457       66.058271     0.020965787      0.11684399     0.055746219       1.0052902    0.0036789359     2.07018e-09      0.83604425        10.37706       515.28699       1403.4715      -10.362022       -10.362022       1929.1356                 92.849474                 406.97288                        15.464638                            10.37706             1403.4715
              2       955.45161        3.030712       1.0482888       66.063675     0.020975579       0.1164536     0.054996058       1.0068121    0.0039652536   2.0711973e-09      0.83438537       10.293984       514.85146       1403.5349      -8.8885574       -8.8885574       1928.6803                  92.64952                 406.69939                        15.502543                           10.293984             1403.5349
              3       952.96887       3.0280015       1.0482736       65.964615     0.020842629      0.11634216     0.054205762      0.99943655    0.0032271135   2.0655911e-09       0.8331804       10.026865       517.52154       1403.5404      -12.575523       -12.575523       1931.0888                 96.970262                 406.89875                         13.65253                           10.026865             1403.5404
             15       952.56803       3.0291271       1.0482036       66.027901     0.020911919      0.11601168      0.05495989       1.0021381    0.0032557708   2.0679174e-09      0.83185581       9.7879528       516.16993       1403.6486      -12.235205       -12.235205       1929.6065                  95.39252                 406.89582                        13.881593                           9.7879528             1403.6486
             14       952.37319       3.0310689       1.0493027       66.475475     0.021952751      0.11517643     0.054741203        1.002357    0.0019976198   2.0719367e-09      0.82314951       9.9837262       514.92961        1404.146      -12.156494       -12.156494       1929.0594                 96.499222                 406.27818                        12.152205                           9.9837262              1404.146
              5       952.78765        3.030173       1.0482379       66.990133     0.022323307      0.11768478     0.056395562       1.0032739    0.0034810423   2.0700813e-09      0.83327986       10.144164       515.07164       1403.8463      -11.743428       -11.743428       1929.0622                  94.38966                 406.63966                        14.042323                           10.144164             1403.8463
              7       952.85023       3.0341169       1.0490627       67.132071     0.022582178      0.11802486      0.05803134       1.0029397    0.0040747859   2.0782617e-09      0.83554431       10.658882       515.05426       1403.8065      -11.909568       -11.909568       1929.5196                  94.39252                 407.04788                        13.613861                           10.658882             1403.8065
              1       952.57789       3.0315259       1.0495813       67.301923     0.022779597      0.11849561     0.057614922         1.00275    0.0039163601    2.072884e-09      0.83591824       10.534436       514.78607       1403.8271      -11.995931       -11.995931       1929.1476                  93.76458                 406.82025                        14.201239                           10.534436             1403.8271
              1       953.79083       3.0326182        1.046474       68.158675     0.022089392      0.11192071     0.051311909      0.99871951     0.014535991   2.0751493e-09      0.81443076        6.784808       519.16123       1406.5751       -12.46975        -12.46975       1932.5212                 101.72861                 406.51216                        10.920455                            6.784808             1406.5751
              4       953.87767       3.0344181       1.0495268       68.160564     0.021478657      0.11038772     0.052808941      0.99984699    0.0097059296   2.0788877e-09      0.81198658       6.9504292       517.53992       1408.4631      -12.599049       -12.599049       1932.9534                 99.983064                 406.56636                        10.990491                           6.9504292             1408.4631
             20       956.50322       3.0244539        1.046888       67.263971     0.020778207      0.11244948     0.047009459       1.0067555    0.0022653146   2.0582761e-09      0.81765633       6.5252447       517.44664       1406.9345      -8.9499775       -8.9499775       1930.9064                 97.703053                 406.14313                        13.600457                           6.5252447             1406.9345
             10       953.65514        3.023722       1.0470326       67.238495     0.020799378      0.11264268     0.047109801       1.0025073    0.0022907923   2.0567702e-09      0.81809146       6.4578781       518.27741        1406.771      -12.097991       -12.097991       1931.5063                 99.940361                  406.2493                        12.087742                           6.4578781              1406.771
             18       953.30128       3.0135659       1.0471953       66.265903     0.020351846      0.11092443     0.043386256       1.0023219     0.001292477   2.0359872e-09      0.80598048       6.2419547       518.61426       1406.0856      -12.169622       -12.169622       1930.9418                 99.161409                 406.58853                         12.86433                           6.2419547             1406.0856
             54       954.10767       3.0306393       1.0490014        67.19306     0.021224601      0.10945701     0.049425781        1.001883    0.0017498402   2.0710469e-09      0.80321064        6.509631       518.06773       1408.2725      -12.317279       -12.317279       1932.8499                 101.52571                 406.07836                        10.463653                            6.509631             1408.2725
              4       954.22303       3.0281508       1.0492544       67.003526     0.021053746      0.10972521     0.045847662       1.0022583    0.0021145093   2.0658995e-09       0.8042901       6.3757683       518.73018        1407.726      -12.192929       -12.192929       1932.8319                 102.05513                 406.37133                        10.303719                           6.3757683              1407.726
              2       954.40775       3.0307835       1.0452908       66.793676     0.021160497      0.10995111     0.046864927       1.0026084    0.0038410608   2.0713456e-09      0.80422413       6.5146937       519.57147       1406.8426      -12.056621       -12.056621       1932.9288                 103.20308                 406.28232                        10.086065                           6.5146937             1406.8426
              2       954.38618       3.0343758       1.0459649       66.582698     0.021029678      0.10937657     0.048432696       1.0007889    0.0043750259   2.0787999e-09      0.80354032       6.6975942       520.47211       1406.7049      -12.551134       -12.551134       1933.8746                 104.23012                 406.28181                        9.9601771                           6.6975942             1406.7049
              2       956.56118       3.0363588       1.0431393       67.408992     0.020724318      0.10935087     0.046254173       1.0006399    0.0084997387   2.0829261e-09      0.80867994       6.6465474       523.60262       1408.0095      -12.568161       -12.568161       1938.2587                 106.89845                 406.83885                          9.86533                           6.6465474             1408.0095
              3       954.98672       3.0287428       1.0412303       67.279317     0.020802399      0.11112052      0.04746881       1.0000044    0.0065698948   2.0671228e-09      0.81215054       6.3734948       521.78639       1407.0154       -12.60092        -12.60092       1935.1753                 104.78784                  406.5787                        10.419852                           6.3734948             1407.0154
              1       954.94124       3.0390026       1.0421937       66.583562     0.020185033      0.11314214     0.050377766       1.0003714     0.012622988   2.0884402e-09      0.82977031       7.5372396       522.97191       1404.5531      -12.589889       -12.589889       1935.0623                 103.92139                 407.10692                        11.943597                           7.5372396             1404.5531
              2       955.10899       3.0368587       1.0425707       67.106483     0.021233223       0.1147234     0.050600901       1.0048302      0.01141477   2.0839676e-09      0.83033436        8.105718       519.08869       1404.4925      -10.734475       -10.734475       1931.6869                  100.1482                 406.52345                        12.417038                            8.105718             1404.4925
              2        954.3477       3.0410971       1.0428076       67.273147     0.021371667      0.11467831     0.053436026       1.0005653      0.01120199    2.092819e-09      0.83145402       7.8587394        521.2876       1404.6998      -12.575356       -12.575356       1933.8461                 102.53445                 407.15067                        11.602479                           7.8587394             1404.6998
              4       953.14714       3.0297819       1.0446345       66.211911     0.020463074      0.11554882     0.054733573       1.0010143    0.0077384215   2.0692719e-09       0.8336421         8.92293       518.65318       1403.7554      -12.518619       -12.518619       1931.3315                 96.884914                 407.37029                        14.397976                             8.92293             1403.7554
              2       953.91264       3.0342587       1.0462184       65.858533     0.020222388      0.11572073     0.055422182       1.0003925    0.0092656082   2.0785564e-09      0.83770271       10.583647       519.02329       1403.3955      -12.588598       -12.588598       1933.0025                 97.109877                 407.82006                        14.093353                           10.583647             1403.3955
             11        953.9424       3.0295899       1.0471619       66.104725     0.021569039      0.11127764     0.049304841       1.0014906     0.010188195   2.0688746e-09      0.80709358       12.314212       516.10931       1404.3076      -12.423172       -12.423172       1932.7312                  99.48451                 406.05044                        10.574362                           12.314212             1404.3076
              7       955.50006       3.0315563       1.0481703       65.439458     0.020400236      0.10859036     0.046610009       1.0037861     0.014259188   2.0729469e-09       0.8024328       12.306787       517.25544       1404.3462      -11.454131       -11.454131       1933.9084                 99.923126                 406.36668                        10.965631                           12.306787             1404.3462
              3       956.91268       3.0551492         1.04732       66.210946     0.020781102      0.11110204       0.0578175      0.99967307     0.017525514   2.1224351e-09      0.82410435       11.561181       523.30933       1404.1396      -12.592371       -12.592371       1939.0101                 103.41582                 408.80523                        11.088289                           11.561181             1404.1396
              1       959.24666       3.0547228       1.0471306       66.237566     0.020828552      0.11119792     0.057842324        1.008052      0.01745202   2.1215305e-09      0.82405857       11.595046       517.59193       1404.1347      -7.4141804       -7.4141804       1933.3217                  98.03641                 408.31803                        11.237495                           11.595046             1404.1347
              2        953.4524       3.0423884       1.0492449       66.295914     0.020444151      0.11354909     0.055627663       1.0028762     0.012229853   2.0955233e-09      0.83251418       9.2214798       517.51759       1404.0439      -11.939099       -11.939099        1930.783                  97.13436                 407.76859                        12.614642                           9.2214798             1404.0439
              3       954.27029       3.0508347       1.0492715       65.926901     0.020172665      0.11002561     0.064175524       1.0022739    0.0079893324   2.1132977e-09      0.81916895       7.6748314       520.05051       1405.1898      -12.187279       -12.187279       1932.9151                 96.797662                 411.19232                        12.060533                           7.6748314             1405.1898
              7       955.03765       3.0508541       1.0489592       65.916572     0.020141934      0.11058915     0.064004901       1.0043763    0.0078298148   2.1133386e-09      0.82192619       7.7692738       519.45843       1404.9851       -11.06877        -11.06877       1932.2128                 95.592492                 411.06139                         12.80455                           7.7692738             1404.9851
              3       954.91058       3.0509451       1.0489649       66.229908     0.020238218       0.1094297     0.063480693       1.0040493     0.010763646    2.113531e-09       0.8172844       7.3382966       519.47147       1405.5898      -11.289178       -11.289178       1932.3995                 96.017687                 410.75433                        12.699446                           7.3382966             1405.5898
             19       954.11895       3.0561383       1.0498301       67.229328      0.02174768      0.11031242     0.064891305        1.001973     0.011424664   2.1245356e-09      0.81640425       7.6313347       518.99754        1406.188      -12.289512       -12.289512       1932.8169                 98.006176                 410.61727                        10.374094                           7.6313347              1406.188
             10       953.51669       3.0507689       1.0495578       67.291593     0.022020867      0.11151098     0.064254985       1.0018418    0.0085935586   2.1131586e-09      0.81759164       7.6376991       518.06339       1405.9914      -12.329534       -12.329534       1931.6924                 97.117963                 409.97124                        10.974194                           7.6376991             1405.9914
             21       953.60904       3.0499497       1.0497687       67.256082     0.021696665      0.11115372     0.064259015      0.99995053    0.0083443715   2.1114283e-09      0.81770207       7.1121743        519.0379       1406.2695      -12.600726       -12.600726       1932.4195                 98.067822                 410.25315                        10.716925                           7.1121743             1406.2695
              1       953.59605       3.0499292       1.0497703       67.253918     0.021693341      0.11115668      0.06424576      0.99995108    0.0083434536   2.1113849e-09      0.81772347       7.1124823        519.0153       1406.2658       -12.60073        -12.60073       1932.3936                 98.041687                 410.25315                        10.720464                           7.1124823             1406.2658
             19       952.09409       3.0297689       1.0494309       66.372009     0.021243803      0.11241048     0.050940615       1.0008818    0.0046176664    2.069245e-09      0.81501778       8.2452976       516.12068       1404.8996      -12.538715       -12.538715       1929.2656                 98.774182                 406.13684                        11.209655                           8.2452976             1404.8996
              1       952.17899       3.0273114       1.0493234       66.306631     0.021251357      0.11294627     0.050434894      0.99992406    0.0041772072   2.0641662e-09        0.816128       8.5587569       516.34208       1404.6581       -12.60046        -12.60046       1929.5589                 98.890046                 406.08132                        11.370712                           8.5587569             1404.6581
             10       953.17267        3.018053        1.047897       65.488483     0.018987387      0.10943778     0.044809675       0.9988737     0.012889344   2.0451435e-09      0.81074453       7.2956224        519.3301       1404.7185      -12.499438       -12.499438       1931.3442                   99.4125                 406.87248                        13.045114                           7.2956224             1404.7185
              2       953.33735       3.0205727       1.0483806       65.696017     0.019185315      0.10860759     0.044940258       0.9988874     0.014061588   2.0503031e-09      0.80741926       7.1334678       519.40378       1405.1412      -12.501892       -12.501892       1931.6785                 100.25364                 406.90649                        12.243652                           7.1334678             1405.1412
              2       953.57941       3.0215593       1.0478397       65.666297     0.019349872      0.10870971     0.044861185       1.0009862     0.016129734   2.0523269e-09       0.8073258       8.0564272       519.35713       1404.7915      -12.523117       -12.523117       1932.2051                 99.642834                 406.83845                        12.875837                           8.0564272             1404.7915
             31       953.68352       3.0360529        1.048915       65.950103     0.019839663      0.11070566     0.048978293       1.0011821     0.016457421   2.0822891e-09      0.82051026       9.0789069       518.95625       1404.3101      -12.489125       -12.489125       1932.3453                 100.74912                 406.84842                        11.358719                           9.0789069             1404.3101
             10       955.17408       3.0378128       1.0481892       66.018104     0.020291329      0.11107106     0.046174643        1.002034      0.01494603    2.085957e-09      0.81942977       9.7979801       520.82327       1404.2668      -12.269956       -12.269956       1934.8881                 102.82021                 406.78701                        11.216049                           9.7979801             1404.2668
              1       953.56151       3.0279275       1.0478612       65.577216     0.020169134       0.1130478     0.047304733       1.0015368    0.0096377783   2.0654382e-09       0.8228683       10.677111       517.58302       1403.6869      -12.411977       -12.411977        1931.947                 98.884778                 406.46457                        12.233665                           10.677111             1403.6869
              4       954.50182       3.0221903       1.0467214       65.393716     0.019778941      0.11330798     0.044942608       1.0040838     0.010822654   2.0536222e-09      0.82378171        10.85954       517.18261       1403.4949      -11.266716       -11.266716       1931.5371                 97.082438                 406.54277                        13.557409                            10.85954             1403.4949
              2       954.77349       3.0272349       1.0468442       65.465896     0.019960427      0.11290726     0.044282254       1.0036183     0.009206226   2.0640081e-09      0.82264306       10.319645        518.6454        1403.689      -11.553537       -11.553537       1932.6541                  99.61634                 406.69962                         12.32944                           10.319645              1403.689
              3       956.79444       3.0154885       1.0407522       64.639762      0.01939156      0.11451739     0.040953152       1.0037926    0.0050539755   2.0399054e-09      0.82365999       12.229599       521.14168       1403.1181      -11.450246       -11.450246       1936.4894                 100.22065                 407.13684                        13.784197                           12.229599             1403.1181
              2       954.58136       3.0011038       1.0437247       66.274027     0.020929136      0.11963978     0.041141689      0.99818665   0.00045140379   2.0107721e-09      0.83495288       8.9905275       521.54856       1403.2994      -12.337861       -12.337861       1933.8384                 98.627452                 407.00378                        15.917325                           8.9905275             1403.2994
              1       954.97498       2.9909783       1.0447867       65.642344     0.019808357       0.1180086     0.037073774      0.99758702   1.9458135e-05   1.9905147e-09      0.82953241       7.8766443       523.01245       1403.3311      -12.135125       -12.135125       1934.2202                 97.699938                 408.22986                        17.082653                           7.8766443             1403.3311
              2       955.19019       3.0080432       1.0485104       67.411116     0.021414876      0.11460556     0.036156783      0.99802821    0.0094406117    2.024774e-09      0.81905057       6.9177667       522.96394       1405.0784      -12.289886       -12.289886       1934.9602                 101.94418                 409.27446                        11.745297                           6.9177667             1405.0784
             11       955.63674       3.0071261       1.0499199       67.222098     0.021198005      0.11585669      0.03315174      0.99953945    0.0061163646    2.022918e-09      0.82505781       6.8068106       524.86455         1404.77      -12.583953       -12.583953       1936.4414                  101.7792                 410.39526                        12.690094                           6.8068106               1404.77
              2       955.89467       3.0081547        1.049165       67.109608     0.021242035      0.11420111     0.032679895       1.0039438    0.0075132799   2.0249999e-09      0.81731151       6.9408138        522.5206       1405.0413      -11.356668       -11.356668       1934.5027                 100.20126                 410.45606                        11.863284                           6.9408138             1405.0413
             13       956.08933       2.9954759       1.0489456       67.213111     0.021372683      0.11425529     0.028976943       1.0032948    0.0049610211   1.9994873e-09      0.81119544       6.4783764       523.76103       1405.4042      -11.732475       -11.732475       1935.6436                 99.233453                 411.92645                        12.601122                           6.4783764             1405.4042
              8       955.62363       2.9936766       1.0483681       67.084347     0.020997789      0.11469783       0.0302214       1.0026737    0.0054073177   1.9958929e-09      0.81457523       6.3932622       523.78414       1405.1279      -12.029018       -12.029018       1935.3053                 98.270874                 411.33925                        14.174016                           6.3932622             1405.1279
              4       957.02913       3.0055815       1.0499602       67.801326     0.021768309      0.11868195     0.035794653       1.0030054     0.012418945   2.0197958e-09      0.83648154       8.2672209       525.59223       1403.9554      -11.878321       -11.878321       1937.8149                 96.889091                 409.24682                        19.456314                           8.2672209             1403.9554
             19       956.85187       3.0048645       1.0495135       67.785727     0.021651099      0.11773947     0.034660078        1.002975     0.012471694   2.0183481e-09       0.8325519       7.7596913       525.51875       1404.2111      -11.892888       -11.892888       1937.4895                 97.753884                 409.71152                         18.05335                           7.7596913             1404.2111
             12       956.85228       3.0046786       1.0496027       67.768436     0.021610351      0.11778005     0.034632088      0.99771094     0.012507077   2.0179729e-09      0.83292187       7.7610699       526.11816       1404.1888      -12.181739       -12.181739        1938.068                  100.9697                 409.94475                        15.203715                           7.7610699             1404.1888
              1       957.19545       3.0059914       1.0474469       68.737229     0.022998744       0.1158712      0.03922851        1.000398      0.01690907   2.0206239e-09      0.81838899       7.7196105       526.63141       1405.2164       -12.58825        -12.58825       1939.5674                 99.329031                 408.24607                        19.056308                           7.7196105             1405.2164
              3       956.21952       3.0176023       1.0459035       68.422637     0.022551918      0.11554063     0.044617895       1.0007306     0.018497644   2.0442218e-09      0.82357754       8.2007845       524.47323       1404.8815      -12.558224       -12.558224       1937.5555                 99.870651                 406.80031                        17.802271                           8.2007845             1404.8815
              2       956.85413       3.0212948       1.0436547       68.479005     0.022347281      0.11782596     0.053507573       1.0001649     0.013346222    2.051784e-09       0.8353585       7.4876462        526.6596       1404.7585      -12.598746       -12.598746       1938.9058                 95.852154                 406.54624                         24.26121                           7.4876462             1404.7585
              1       956.78646       3.0186281       1.0449728       68.301128     0.021949185      0.11926063     0.051116156       1.0004718     0.011018462   2.0463198e-09      0.84289086       7.4807696       526.84153       1404.4168      -12.583111       -12.583111       1938.7391                 95.285548                 406.29334                        25.262646                           7.4807696             1404.4168
             12       954.38718        3.020117       1.0405249       68.260162     0.022460613      0.11797572     0.048014161       1.0014502     0.006561534    2.049369e-09       0.8315963        6.967944       521.64201       1405.0298      -12.432685       -12.432685       1933.6397                 100.01719                  406.1366                        15.488208                            6.967944             1405.0298
             11       954.31378       3.0223618       1.0407871        68.38442     0.022623594      0.11772725     0.048792434       1.0014724    0.0072142983   2.0539745e-09      0.83089033       6.9869583       521.31885       1405.1767      -12.427491       -12.427491       1933.4825                 100.16363                 406.09861                        15.056613                           6.9869583             1405.1767
              3       955.07616       3.0223952       1.0407366       68.400759     0.022625093      0.11759959     0.048752161       1.0033593    0.0073330435   2.0540432e-09      0.83037351       6.9524015       521.36092       1405.2353      -11.698132       -11.698132       1933.5486                  99.04902                 406.03481                        16.277087                           6.9524015             1405.2353
             13       955.39378       3.0302456       1.0366524       68.004543     0.023308446      0.11534912      0.05159795       1.0041762    0.0036241779   2.0702316e-09      0.81537756       7.6396101       519.92828        1405.631      -11.205651       -11.205651       1933.1989                 102.74173                 405.84304                        11.343509                           7.6396101              1405.631
             21       956.65484       3.0205569       1.0384216       67.937322     0.023073194      0.11531994     0.045125255      0.99692022    0.0025824878   2.0502706e-09      0.81303016       7.1703191       524.07307       1405.7505      -11.842119       -11.842119       1936.9939                 107.43791                 406.55953                        10.075631                           7.1703191             1405.7505
              3       955.75313       3.0233667       1.0388983       66.739361     0.022723091      0.11642487     0.055406807       1.0037286    0.0045516421   2.0560396e-09      0.81852115       12.858391       517.89087       1403.7344      -11.488722       -11.488722       1934.4837                 96.495112                  406.2249                        15.170863                           12.858391             1403.7344
              3       955.92153       3.0274319       1.0426255       67.658122     0.023638939       0.1151676     0.062702953       1.0025507    0.0028007993   2.0644148e-09      0.81188316       9.5276572       521.36238       1405.1139      -12.080449       -12.080449        1936.004                 94.456044                 407.88144                        19.024899                           9.5276572             1405.1139
              4       954.78689       3.0206138       1.0428508       68.055492     0.023509442      0.11903853     0.061853869      0.99896292     0.001217446   2.0503873e-09      0.82843521       8.3264394       521.72198       1404.5551      -12.514879       -12.514879       1934.6035                 94.656407                 407.86918                        19.196387                           8.3264394             1404.5551
             23       955.39717       3.0207208       1.0424024       67.921296     0.023567686      0.11975685     0.063273736      0.99897704   0.00066013697   2.0506068e-09      0.83061048       9.0892923       522.53332       1404.2061      -12.517206       -12.517206       1935.8288                 94.191618                 408.40923                        19.932468                           9.0892923             1404.2061
              7       955.70422       3.0218652       1.0425444       68.014398     0.023743702      0.11972402     0.063414439       1.0012827   0.00066811428   2.0529547e-09      0.83009804       9.1459807        522.9253       1404.2758      -12.469299       -12.469299        1936.347                 93.078675                 408.26094                        21.585686                           9.1459807             1404.2758
              3       954.56501       3.0290414        1.043486       67.056414     0.022205341      0.11831892     0.062520112       1.0019382    0.0030995642   2.0677403e-09      0.83504873       9.5787545       520.33744       1403.8146      -12.300404       -12.300404       1933.7308                 93.647422                 408.98375                        17.706264                           9.5787545             1403.8146
              1        954.0779       3.0165292       1.0437018       66.940992     0.021441944      0.11724764      0.05661359         1.00253    0.0012825156   2.0420294e-09      0.82958289       7.3137769       520.71062       1404.3091      -12.088843       -12.088843       1932.3335                 93.181035                 406.90179                        20.627802                           7.3137769             1404.3091
              4       953.76952       3.0167815       1.0440882       66.917171     0.021488072      0.11629843     0.056328227       1.0024804    0.0018474914   2.0425447e-09      0.82526251       7.3048628       519.94302       1404.5086      -12.108743       -12.108743       1931.7565                 93.325998                 406.74424                        19.872783                           7.3048628             1404.5086
             13       954.01224       3.0134162       1.0436508        67.24119     0.021826148      0.12040071     0.052228504      0.99765502   0.00076397317   2.0356825e-09      0.84050273       7.9905757       520.60537       1403.7506      -12.161006       -12.161006       1932.3465                 97.146447                 406.14778                        17.311146                           7.9905757             1403.7506
              2       953.98261       3.0152133        1.044154       67.334953     0.022113273      0.12085436     0.053384247       1.0024427   0.00036649911   2.0393441e-09      0.84166798       8.3340576       520.17951       1403.6988      -12.123573       -12.123573       1932.2124                 94.023348                 406.02201                        20.134152                           8.3340576             1403.6988
             17       952.90087       3.0210652       1.0440684       66.972183      0.02183509      0.11885321     0.053677178       1.0001786    0.0025513296   2.0513131e-09      0.83644963       8.9407209       518.32741       1403.7303       -12.59837        -12.59837       1930.9985                 96.616405                 406.36727                        15.343739                           8.9407209             1403.7303
              6       953.65736       3.0218601       1.0417044       66.348314     0.021008736      0.11550189     0.055921104      0.99804663    0.0022674432   2.0529442e-09      0.82460819       8.0389903       519.71515       1404.1519       -12.29567        -12.29567       1931.9061                 98.605266                 407.25046                        13.859431                           8.0389903             1404.1519
              7       953.61117       3.0225091       1.0417993       66.381544     0.021065606      0.11558048     0.055978185       1.0025646     0.002587549   2.0542772e-09      0.82504347       8.1635821       519.08054       1404.1277      -12.074734       -12.074734       1931.3718                 95.812364                 407.05046                        16.217718                           8.1635821             1404.1277
             13       953.75963       3.0165105       1.0426897       66.264308      0.02030673       0.1167238     0.054183004        1.002245   0.00056088297   2.0419912e-09      0.83246256       7.0001036       520.87468       1404.0399      -12.197729       -12.197729       1931.9147                 95.022142                 406.88604                        18.966498                           7.0001036             1404.0399
              1         953.993        3.015299       1.0421234       66.152903     0.020145854      0.11783516     0.054322082       1.0010484   0.00097085408   2.0395188e-09       0.8375868       7.4169482       521.93047       1403.6646      -12.512996       -12.512996        1933.012                 94.959902                 407.08354                        19.887032                           7.4169482             1403.6646
             14       954.09026       3.0185378       1.0414968       66.376269     0.020432791      0.11837893     0.054348689       1.0014128    0.0011256999   2.0461351e-09      0.83991645       7.5414037       521.84353       1403.6781      -12.441248       -12.441248        1933.063                 95.979185                 407.03885                        18.825494                           7.5414037             1403.6781
              2       954.03316        3.009739       1.0410846       66.271764     0.020398455      0.11809321     0.052374672      0.99865839   0.00049148457   2.0282105e-09      0.83459341       7.3883955        521.9017       1403.6901      -12.456928       -12.456928       1932.9802                 96.434108                 406.54236                        18.925226                           7.3883955             1403.6901
              1       953.42058       3.0119245       1.0451486       65.302197     0.019182172      0.10964152     0.044688959      0.99887614    0.0066387078    2.032648e-09      0.80512551       7.0162208       519.91736       1404.9073      -12.499877       -12.499877       1931.8409                 99.322433                 406.64979                        13.945129                           7.0162208             1404.9073
              2        953.1547       3.0112383       1.0469395       65.468206     0.019463583      0.10950559     0.044246539      0.99878883    0.0068717188   2.0312537e-09       0.8033212       7.1070757       519.09067       1405.0788      -12.483566       -12.483566       1931.2765                 98.763818                 406.61906                        13.707784                           7.1070757             1405.0788
              3       954.78391       3.0112337       1.0469268       65.470628     0.019469723      0.10950198     0.044223403       1.0043805    0.0068694341   2.0312443e-09      0.80326195       7.1110091       519.50675       1405.0818      -11.065848       -11.065848       1931.6995                 95.315075                 406.41125                        17.780416                           7.1110091             1405.0818
              3       955.07836       3.0072274        1.047047       65.049515     0.019433415      0.11038225     0.045004432       1.0042491    0.0056139631   2.0231229e-09       0.8044941       8.4628336       519.69482       1404.3121      -11.156506       -11.156506       1932.4697                  93.50029                 406.14464                        20.049888                           8.4628336             1404.3121
              3       954.50419       3.0068286       1.0475177       65.238054     0.019902852      0.11221802     0.047146208       1.0044012    0.0022917185   2.0223163e-09      0.80950834       8.5777816       518.42473       1404.1085      -11.051295       -11.051295        1931.111                 92.450531                 405.80642                        20.167785                           8.5777816             1404.1085
             13       952.93836       3.0116574       1.0474353       65.265717     0.019972243      0.11198853     0.048851201       1.0023346    0.0029074188   2.0321052e-09      0.81012697       8.7823684       517.28373       1404.1404      -12.164907       -12.164907       1930.2065                 94.191157                 405.90564                         17.18693                           8.7823684             1404.1404
             33       953.01633       3.0117474       1.0472921       65.201735     0.020056412      0.11267234     0.048703869       1.0025237    0.0028723076   2.0322881e-09      0.81245096       9.6049368       516.74907       1403.8615      -12.091399       -12.091399       1930.2155                 94.056902                 405.90962                        16.782553                           9.6049368             1403.8615
              8        953.3816       3.0093173       1.0467734        64.89703     0.019418717      0.11203997     0.048087776       1.0022349    0.0041165208   2.0273553e-09      0.81218319         9.23122       518.14638       1403.7883      -12.201332       -12.201332       1931.1659                 93.643396                 406.05164                        18.451341                             9.23122             1403.7883
              3        953.4868       3.0136504       1.0443231       65.050429     0.019396456      0.11016216     0.047900891      0.99955363    0.0065432998   2.0361593e-09       0.8057065       8.5579664       519.26784       1404.3178      -12.584982       -12.584982       1932.1436                 97.774406                 406.29454                        15.198893                           8.5579664             1404.3178
              8       956.40443       3.0144428        1.044451       64.988462     0.019354534      0.10999368     0.048211646       0.9944786    0.0068276402   2.0377733e-09      0.80544299       8.7499255       520.09988       1404.2832      -10.162051       -10.162051        1933.133                 100.95826                 406.55697                        12.584644                           8.7499255             1404.2832
             12       956.11665       3.0141982       1.0493694       66.473388     0.019925375      0.10987509     0.045524569      0.99387663    0.0098057467   2.0372749e-09      0.80735177       6.2946723       519.07132       1406.0698      -9.6012648       -9.6012648       1931.4358                 100.91212                 406.72648                        11.432717                           6.2946723             1406.0698
              4       957.99428        3.016498       1.0486456       66.431882     0.020012712      0.10956171     0.045005848      0.99281582     0.011632836   2.0419656e-09      0.80621601       6.5494211       520.51055       1405.8724       -8.471924        -8.471924       1932.9324                 102.92013                   406.936                        10.654423                           6.5494211             1405.8724
              5       958.20049       3.0168015       1.0481073       66.318734     0.020090343      0.10982741     0.043663417      0.99311792     0.013733225   2.0425855e-09      0.80700723        7.255142       521.47152       1405.2981      -8.8118748       -8.8118748       1934.0247                 103.77665                 407.16333                        10.531544                            7.255142             1405.2981
             18       956.08588       3.0230206       1.0419729       66.498972     0.020095289      0.11055103     0.048115974      0.99555573     0.014219628   2.0553281e-09      0.81165985       7.0423749       521.93354       1405.2374      -11.020799       -11.020799       1934.2134                  103.9879                 406.83482                        11.110822                           7.0423749             1405.2374
              1       955.49829       3.0242095       1.0401846       66.928135     0.020459289      0.11121857     0.048114855      0.99721134     0.015521803   2.0577731e-09      0.81371169       6.9558685       522.64226        1405.356       -11.97879        -11.97879       1934.9542                 104.19083                 406.78204                         11.66939                           6.9558685              1405.356
              1       955.46033       3.0240737       1.0401923       66.936711     0.020483694      0.11130864      0.04827895      0.99719373     0.015312005   2.0574938e-09      0.81389242        6.956448        522.5591       1405.3469       -11.97091        -11.97091       1934.8625                  104.0298                 406.79165                        11.737648                            6.956448             1405.3469
             20       955.59766       3.0239849       1.0381871       65.739659     0.019408024      0.11244037     0.049654479      0.99760572     0.013757327   2.0573111e-09       0.8222204        8.512822       523.05451       1403.9126      -12.142316       -12.142316         1935.48                 102.83373                 407.15846                        13.062319                            8.512822             1403.9126
             14       955.23234       3.0239779       1.0384959       65.675582     0.019413048       0.1128252     0.049368447       1.0027069     0.013380936   2.0572967e-09       0.8237756       8.8437188       521.87222       1403.7782      -12.014741       -12.014741       1934.4942                 99.490251                 406.88238                        15.499592                           8.8437188             1403.7782
              5       954.39519       3.0188422        1.042476       65.783193      0.01895924        0.111369     0.043793276       1.0028901    0.0044686985    2.046758e-09      0.81776313        6.124201       521.24256        1405.289      -11.932685       -11.932685       1932.6557                  100.8052                 406.83799                        13.599375                            6.124201              1405.289
              7       954.05731       3.0203598       1.0421196        66.01453     0.019896401      0.10879773     0.046544007       1.0014698    0.0076990772   2.0498666e-09      0.80094184       6.5865693       520.36683       1406.0174      -12.428089       -12.428089       1932.9708                 101.07022                 406.41615                         12.88046                           6.5865693             1406.0174
              3       958.56101       3.0268021       1.0405766       68.739721     0.022537944      0.10786491     0.043458909       1.0016039     0.011307354    2.063115e-09      0.78849636        7.172248       524.20359       1410.5364      -12.395113       -12.395113       1941.9122                 107.18795                 407.22379                        9.7918607                            7.172248             1410.5364
              5       959.19232       3.0299715       1.0439296       68.468698     0.022294087      0.10799669     0.040661228        1.000198    0.0089915073   2.0696642e-09      0.79192699       7.1549907       526.06241       1410.3628      -12.597786       -12.597786       1943.5802                 109.40019                 408.10241                        8.5598157                           7.1549907             1410.3628
              7       955.84005       3.0272529       1.0469246       68.152121     0.024649493       0.1107961      0.05068649       1.0015094   0.00030513188   2.0640453e-09      0.78697986       8.5528966       520.02789       1407.9366       -12.41867        -12.41867       1936.5174                  102.0608                  405.3561                        12.610994                           8.5528966             1407.9366
              2       955.36245       3.0346032       1.0466977       67.907182     0.024358167      0.11127672     0.058369026       1.0011339    0.0014924712   2.0792727e-09      0.79355552       9.0616677       519.53367       1407.1257       -12.49807        -12.49807        1935.721                  99.82413                 406.11637                        13.593166                           9.0616677             1407.1257
             11       956.42203       3.0400224       1.0456788       68.026694     0.024820208      0.11098201     0.060122386       1.0005609    0.0019239222   2.0905711e-09      0.79137649       9.9084552       520.86504       1407.2221      -12.575751       -12.575751       1937.9956                 101.43867                 406.52477                        12.901601                           9.9084552             1407.2221
             15       956.42245       3.0362364       1.0431242       68.541056     0.025660282      0.11313504     0.058680418       1.0008007     0.002293201   2.0826711e-09      0.79526816       10.687166       520.54901        1406.708      -12.549628       -12.549628       1937.9442                 101.66234                 405.97522                        12.911451                           10.687166              1406.708
              1       956.25431       3.0362181       1.0422064       68.469388     0.025377072      0.11295864     0.058416712       1.0008124     0.001846364   2.0826331e-09      0.79569688       9.9468589       520.80495       1406.8531      -12.548128       -12.548128       1937.6049                 102.35266                 406.02368                        12.428608                           9.9468589             1406.8531
              1       954.61861       3.0298739       1.0415043       68.511374     0.025230382      0.11822663     0.058869956       1.0001362    0.0032941826   2.0694622e-09      0.81857113       11.590198       518.16392        1404.682      -12.599438       -12.599438       1934.4361                 98.894388                 406.34432                        12.925211                           11.590198              1404.682
             16       952.91992       3.0311234       1.0476047       68.839754     0.024510653       0.1172086     0.060328493       1.0009675    0.0035559118   2.0720497e-09      0.82221328       7.8923189       517.21237       1405.7872      -12.526043       -12.526043       1930.8919                 95.493469                  406.8636                        14.855301                           7.8923189             1405.7872
              8       952.83395       3.0302022       1.0474636        68.86207     0.024516487      0.11723535     0.059434878       1.0010045    0.0036558705   2.0701418e-09      0.82195854       7.8578496       517.05093       1405.7995      -12.520199       -12.520199       1930.7083                 95.681054                 406.60832                        14.761554                           7.8578496             1405.7995
              3       953.03484       3.0296745       1.0475552       68.885863     0.024549561      0.11727133     0.059378667      0.99816981    0.0033912828   2.0690497e-09      0.82173197       7.7974341       517.09457       1405.8436      -12.332954       -12.332954       1930.7356                  97.37421                 406.69325                         13.02711                           7.7974341             1405.8436
              5       953.01675       3.0301927       1.0476186       68.976168     0.024544158      0.11717279     0.059081686      0.99818521    0.0037171321   2.0701221e-09      0.82188355        7.589733       517.11621       1406.0024      -12.337444       -12.337444       1930.7084                 97.608136                 406.62347                        12.884603                            7.589733             1406.0024
              2       953.75122       3.0263524       1.0465734       69.264296     0.024882552      0.11686075     0.056356133      0.99740747    0.0068498007   2.0621875e-09      0.81779407       7.8885096       517.64121       1406.0992      -12.063223       -12.063223       1931.6289                 98.236387                 406.02049                        13.384337                           7.8885096             1406.0992
             25       953.22005       3.0212361       1.0482282       69.119696     0.025270189      0.11652855     0.054377729      0.99832448    0.0050608822   2.0516636e-09       0.8113784       8.6689852       516.47461       1406.0492      -12.376331       -12.376331       1931.1928                 97.007278                 405.47436                        13.992976                           8.6689852             1406.0492
              2       953.54685       3.0318591       1.0475498       69.453448     0.025441409      0.11651412     0.055085195        1.002952     0.005928751   2.0735747e-09      0.81542324       8.1204003       516.31452       1406.4663      -11.903787       -11.903787       1930.9013                 97.277197                 405.56668                        13.470639                           8.1204003             1406.4663
              6       954.13236       3.0396155       1.0491214       70.310091     0.025947674      0.11508875      0.05740046      0.99873667     0.010893418   2.0897206e-09      0.81247923       7.4185786       517.91393       1407.8787      -12.473241       -12.473241       1933.2112                 100.16004                 406.18657                        11.567325                           7.4185786             1407.8787
              8       954.03839       3.0399294       1.0476585       69.117973     0.024652653      0.11559918     0.063989295      0.99828821    0.0072734116   2.0903766e-09      0.81903322       7.7818594       518.59014       1406.4378      -12.366505       -12.366505       1932.8098                 97.316436                 408.42946                        12.844248                           7.7818594             1406.4378
             10       954.57304       3.0397971       1.0479532       68.184936     0.023313084      0.11478326     0.066274894      0.99725628    0.0033506046   2.0901002e-09      0.82071415       7.1603168       519.76315         1406.22      -11.998682       -11.998682       1933.1434                 97.420244                 410.07452                        12.268382                           7.1603168               1406.22
              2       953.22352       3.0321407       1.0446311       67.417281     0.021982994      0.11478338       0.0588029      0.99856005    0.0060266367   2.0741588e-09       0.8238828       7.3738678       518.77585       1405.1674      -12.435045       -12.435045       1931.3171                 98.245769                 407.86004                        12.670038                           7.3738678             1405.1674
              4       952.92749       3.0331526       1.0445882       67.455396     0.022074024      0.11459062     0.058788251       1.0009302     0.006501632   2.0762585e-09      0.82298467       7.4701122       518.23458       1405.2137      -12.531702       -12.531702       1930.9184                 97.070029                 407.68709                        13.477465                           7.4701122             1405.2137
              4       952.88334       3.0333658       1.0448492       67.545578     0.022108973       0.1146368     0.058490003       1.0009356    0.0069435049   2.0767012e-09      0.82349712       7.3955685        518.1583       1405.2746      -12.530897       -12.530897       1930.8285                 97.107099                 407.59386                        13.457336                           7.3955685             1405.2746
              1       952.88447       3.0342479       1.0452328       67.660516     0.022250093      0.11501866      0.05892377       1.0009645    0.0070891141   2.0785339e-09      0.82516275       7.4648782       518.11991       1405.2372      -12.526505       -12.526505        1930.822                 96.897992                 407.67834                         13.54358                           7.4648782             1405.2372
             16       953.01728       3.0364946       1.0459429       67.284892     0.021747467      0.11424826     0.059525663      0.99951739     0.008846918    2.083209e-09      0.82545022       7.8102646       518.42628       1404.9626      -12.582289       -12.582289       1931.1991                 97.420754                 408.32486                        12.680669                           7.8102646             1404.9626
              1       952.95142       3.0363939       1.0459591       67.286853     0.021731279      0.11415564     0.059504562       1.0012943    0.0087985523   2.0829992e-09      0.82508816       7.7362752       518.09081       1405.0096      -12.466909       -12.466909       1930.8367                 96.325563                 408.19913                        13.566115                           7.7362752             1405.0096
              6       954.52052        3.031915       1.0431341       68.279955     0.022967977      0.11706499     0.056166724      0.99693979     0.004922303   2.0736906e-09      0.82943542       7.1722739       520.18805       1405.3842      -11.851732       -11.851732       1932.7445                 101.56039                 406.88606                          11.7416                           7.1722739             1405.3842
              3       954.68793       3.0275426       1.0462684       68.991903     0.023309368      0.11611989     0.053557245      0.99628797    0.0069892292   2.0646434e-09      0.82452497       6.6721071       519.08119       1406.6197      -11.498587       -11.498587        1932.373                 100.74743                 406.26187                         12.07189                           6.6721071             1406.6197
              4       953.58569       3.0286686        1.046763       68.964394     0.023061524      0.11534397     0.053638692       1.0013183    0.0074567231   2.0669694e-09      0.82323915       6.6531601       518.45076       1406.9912      -12.461887       -12.461887       1932.0952                 97.682153                  406.1622                        14.606403                           6.6531601             1406.9912
              4       953.40004       3.0054885       1.0479534       67.439435     0.021335128      0.11557269     0.046773673       1.0004137    0.0053614049    2.019608e-09       0.8220042       6.4582984       520.29736       1405.2189      -12.587231       -12.587231       1931.9745                 94.814878                   406.003                        19.479485                           6.4582984             1405.2189
             26       952.29064       3.0186763       1.0467612       67.546731     0.021843161      0.11418514     0.052177665       1.0008845    0.0053978528   2.0464185e-09      0.81748536       6.6359957       517.28018       1405.7418       -12.53833        -12.53833       1929.6579                  95.66976                 406.00553                        15.604893                           6.6359957             1405.7418
              3       952.20746       3.0208659       1.0493985       67.976562     0.022646579      0.11458218     0.053057337       1.0023439    0.0047567019   2.0509042e-09      0.81671263       6.7896841       515.89735       1406.0507      -12.161413       -12.161413       1928.7378                 94.254737                 405.77533                        15.867276                           6.7896841             1406.0507
              5       954.01296       3.0166034       1.0482041       68.197864     0.022839615      0.11405874     0.052007573       1.0035958    0.0019244753    2.042181e-09      0.81090509       6.4042599       517.74262       1407.0121      -11.566517       -11.566517        1931.159                 94.425375                 405.48657                        17.830668                           6.4042599             1407.0121
             29       953.76932       3.0142655       1.0499855       67.714323     0.022549255       0.1147269     0.042719826       1.0048651    0.0063493533   2.0374121e-09      0.81511359       7.4675475       516.08621       1405.3996      -10.707364       -10.707364       1928.9534                 95.722161                 406.76938                        13.594669                           7.4675475             1405.3996
              1       953.27728        3.007312       1.0484843       67.384745     0.021939167      0.11588768     0.041122406      0.99782986    0.0037423329    2.023294e-09      0.81969822       7.0406192       518.99656       1404.9657      -12.224162       -12.224162       1931.0029                 99.460883                 407.30444                        12.231232                           7.0406192             1404.9657
             26       953.10355       3.0066539       1.0494561       67.182894      0.02166822      0.11538656     0.041081119      0.99777272     0.002220486    2.021963e-09       0.8183607       6.7645005       518.74777       1405.1029      -12.204061       -12.204061       1930.6152                 99.249863                 407.29568                        12.202224                           6.7645005             1405.1029
             37       953.36746       3.0151943       1.0490876       67.811756     0.022257563      0.11475236      0.04594586      0.99755126   0.00035871594   2.0393054e-09      0.81631837        6.332206       518.22462       1406.4205      -12.121215       -12.121215       1930.9774                 100.71718                  406.2093                        11.298136                            6.332206             1406.4205
             11       953.30874       3.0156003       1.0490995       67.753803     0.022174957       0.1142615     0.046718288      0.99741681   0.00051248409   2.0401334e-09      0.81464145       6.3185286       517.87249       1406.5607      -12.067094       -12.067094       1930.7517                 100.51423                 406.09523                        11.263037                           6.3185286             1406.5607
             10        953.5701       3.0148313       1.0461044       67.858176     0.022432663      0.11541327     0.047018164      0.99744984   0.00053609539   2.0385652e-09       0.8172334       6.4020217       518.79829       1406.1012      -12.080656       -12.080656       1931.3015                 101.20292                  406.0617                        11.533672                           6.4020217             1406.1012
              5       953.72817       3.0122737       1.0461349       68.180393     0.022738342      0.11420826     0.047862069      0.99800221   5.0168466e-05   2.0333579e-09      0.80944137       6.3253416         518.466       1407.2282      -12.281628       -12.281628       1932.0196                 100.28848                 405.85166                        12.325863                           6.3253416             1407.2282
             11       953.61232       3.0121467       1.0458043       68.095169     0.022539081      0.11392725     0.047314138      0.99891187    5.107531e-05   2.0330998e-09      0.80908311       6.3243731       518.61273       1407.2999      -12.506199       -12.506199        1932.237                 100.08782                 405.91927                        12.605634                           6.3243731             1407.2999
             11       953.78748       3.0070637       1.0496442       67.639963      0.02209757      0.12122116     0.052194468      0.99870529    0.0013538683   2.0227917e-09      0.84300697       7.7357791       520.92215       1403.8507       -12.46682        -12.46682       1932.5086                 91.795854                  405.8501                        23.276196                           7.7357791             1403.8507
              9       953.35862       3.0267601       1.0468245       67.203317     0.021490607      0.11797483     0.055284014      0.99982232    0.0089790225   2.0630284e-09      0.84038186       8.8646101       519.22307       1403.8263      -12.598396       -12.598396        1931.914                 95.178018                 407.10268                        16.942366                           8.8646101             1403.8263
              9       952.80619       3.0197584       1.0459875       67.081287     0.021366481      0.11568112     0.053449339      0.99770993     0.006270173   2.0486341e-09      0.82662699       7.4259969       517.98191       1404.5672      -12.181367       -12.181367       1929.9751                 96.722002                 406.58702                        14.672883                           7.4259969             1404.5672
              1       951.56884       3.0189406        1.049677       66.520377     0.021077119      0.11481151     0.054572964       1.0002102    0.0055629522   2.0469595e-09      0.82358281       8.2205519       515.83534       1404.2766      -12.597388       -12.597388       1928.3325                    92.912                 406.56646                        16.356883                           8.2205519             1404.2766
              8       952.20415       3.0190256        1.049904       66.581245      0.02113678      0.11486421     0.054848073      0.99726047    0.0055733017   2.0471334e-09      0.82371531       8.1563227       515.93661       1404.3164      -12.000521       -12.000521       1928.4094                  94.50818                 406.75691                        14.671519                           8.1563227             1404.3164
              5       953.07125       3.0163733       1.0455884       67.039182      0.02106386      0.11586701     0.049559207       1.0020121    0.0081395949   2.0417111e-09      0.82832966       7.4319419       518.87725       1404.3874      -12.277042       -12.277042       1930.6966                 94.872712                  406.1199                        17.884638                           7.4319419             1404.3874
              6       953.32231       3.0157436       1.0447504       66.784743     0.020471376       0.1150063     0.051126026       1.0015927    0.0068512116   2.0404259e-09      0.82692287       6.7634296       520.04417        1404.633      -12.397988       -12.397988       1931.4406                 94.674294                 406.35857                        19.011305                           6.7634296              1404.633
              6       953.98425       3.0183539       1.0460973       67.318805     0.021230463      0.11680689     0.053677167       1.0015379    0.0083309242   2.0457589e-09      0.83335119       7.3574596       521.05152        1404.383      -12.411718       -12.411718       1932.7919                 93.092756                 406.57865                        21.380116                           7.3574596              1404.383
              4       953.42806       3.0053341       1.0491489       67.472332     0.021623403      0.11629151     0.050069474       1.0022305    0.0018318586   2.0192961e-09      0.82294014       6.4068181       519.58856       1405.2666      -12.202921       -12.202921        1931.262                 91.377875                 405.59689                        22.613791                           6.4068181             1405.2666
              6        952.8459       3.0053458       1.0491593       67.476458     0.021625076      0.11628898     0.050054389      0.99730578    0.0018348323   2.0193198e-09      0.82293851       6.4043728       518.05478       1405.2731      -12.020217       -12.020217       1929.7322                 94.373795                 405.78761                        17.893369                           6.4043728             1405.2731
              5       952.99915       3.0066987       1.0492052       67.568049     0.021730383       0.1161066        0.051356      0.99718343    0.0014817219   2.0220536e-09      0.82216306       6.3556761        518.0852         1405.49      -11.966278       -11.966278       1929.9309                 94.384061                 405.81519                        17.885946                           6.3556761               1405.49
              7       953.46461        3.010287       1.0498713       68.135865     0.022292473      0.11788133     0.052872377      0.99727135    0.0026474583   2.0293223e-09      0.83006743       6.5773957       519.00724       1405.3551      -12.005279       -12.005279       1930.9398                 93.786504                 405.95036                        19.270372                           6.5773957             1405.3551
              8       953.48518       3.0103101       1.0498419       68.142047     0.022293827      0.11787893     0.052863454      0.99727074    0.0027179101   2.0293693e-09      0.83008201       6.5788409       519.04403       1405.3575      -12.005013       -12.005013       1930.9804                  93.79152                 405.95036                        19.302146                           6.5788409             1405.3575
              5       954.21435       3.0111372       1.0498413       68.374772     0.022504133      0.11881771     0.053060916      0.99647048    0.0020616639   2.0310484e-09      0.83380284       6.6457689       519.63355        1405.358      -11.604318       -11.604318       1931.6373                 94.575357                 405.97323                        19.084965                           6.6457689              1405.358
              3       954.91807       3.0276618       1.0470565        68.38859     0.022386214      0.12054622     0.055728429       0.9978686    0.0049584666   2.0648895e-09      0.84910127        7.484287        522.2933       1404.5335      -12.237493       -12.237493       1934.3111                 97.203201                 407.00106                        18.089033                            7.484287             1404.5335
              5       953.71726       3.0268273       1.0487988       67.781827     0.021849779      0.12092594     0.054580432       1.0006905    0.0026649853   2.0631672e-09      0.85226792       7.7327547       520.78506       1404.0423      -12.562777       -12.562777       1932.5601                 95.368518                 406.69777                        18.718768                           7.7327547             1404.0423
              8       953.93081       3.0344422       1.0487512       67.403802      0.02103082      0.11881438     0.057380858       1.0007352    0.0038921027   2.0789377e-09      0.85078368       7.4238459       521.23362       1404.3195      -12.557679       -12.557679        1932.977                 96.017709                 407.96033                        17.255576                           7.4238459             1404.3195
              6       953.54689       3.0373951       1.0494359        68.10477     0.022092189      0.11619263     0.061862691      0.99978444    0.0088215138   2.0850857e-09      0.83610743       7.1459204       519.79292       1405.3494      -12.597205       -12.597205       1932.2882                 94.689711                 409.01846                        16.084748                           7.1459204             1405.3494
             13       956.70919       3.0534692        1.048955       67.568041     0.021598526      0.11327862     0.071637485       0.9968386     0.008841625   2.1188724e-09       0.8307606       7.0451562       524.12211       1405.8538      -11.801363       -11.801363       1937.0211                 97.015821                 414.84783                        12.258454                           7.0451562             1405.8538
              5       956.16783       3.0514376       1.0492583       67.402208     0.021418961      0.11321458     0.070767682       1.0034611    0.0086157185   2.1145721e-09      0.83042316       7.0547237       522.86355       1405.7026      -11.642586       -11.642586       1935.6208                 92.619811                 413.93001                        16.313729                           7.0547237             1405.7026
              2       955.43496        3.040718        1.048481       67.734451     0.021082712       0.1108005     0.064604788       1.0005324    0.0090041731   2.0920259e-09      0.81762328       6.7322673       521.67308       1407.6211      -12.578244       -12.578244       1936.0264                 95.215165                 410.64962                        15.808302                           6.7322673             1407.6211
             21       955.86973       3.0461303       1.0496948       67.549711     0.020743581      0.10904129     0.065024558      0.99792738     0.012161933   2.1033792e-09      0.81418177       6.7185678       521.63763       1407.8978      -12.257263       -12.257263        1936.254                 97.610522                 411.36547                        12.661639                           6.7185678             1407.8978
              3       956.84642       3.0497969       1.0497463       67.969235     0.020981398      0.10748935     0.064903273       0.9984764       0.0149097   2.1111057e-09      0.80805772       7.1092137        522.2208       1409.1933      -12.415214       -12.415214       1938.5233                 98.810039                 411.17009                        12.240669                           7.1092137             1409.1933
              1       957.69891       3.0326783       1.0489558       67.801886      0.02017251      0.10760926     0.058578237      0.99766486     0.014976428   2.0752741e-09      0.80675515       7.7756802        522.7338       1409.2177      -12.164692       -12.164692       1939.7272                 97.629002                 408.71219                        16.392615                           7.7756802             1409.2177
              8       957.11765       3.0219592       1.0489175       67.638482     0.020164252      0.10778137     0.053061428      0.99764638    0.0087672589   2.0531477e-09      0.80165287       8.4356134       520.26068       1409.8545      -12.157761       -12.157761       1938.5508                 97.972199                 406.85636                        15.432128                           8.4356134             1409.8545
             13       957.71255       3.0154296       1.0432196        66.39834     0.019874972      0.10854519     0.054833884      0.99743905     0.017901817   2.0397851e-09      0.80144064       7.1271882       526.87292       1405.5775      -12.076244       -12.076244       1939.5776                 96.419172                   407.501                        22.952743                           7.1271882             1405.5775
              5       957.86727       3.0154273       1.0432061       66.417741      0.01989196      0.10874953     0.055069425      0.99653182     0.017666918   2.0397805e-09      0.80230144       7.1025575       526.36663       1405.5427      -11.638659       -11.638659       1939.0119                  96.79783                 407.60914                        21.959662                           7.1025575             1405.5427
              7       957.51305        3.017013       1.0439185        66.99799     0.021149967      0.11071588     0.055454278       0.9957995     0.018259452   2.0430176e-09      0.80554861       8.5498412       523.75606        1405.099      -11.189385       -11.189385       1937.4049                 97.186092                 407.21479                        19.355173                           8.5498412              1405.099
              2       957.38471       3.0102677       1.0443291       66.139945     0.020210212      0.11172322      0.05256391      0.99599934     0.017708567   2.0292831e-09      0.81159359       9.9270949       523.44803       1404.0353      -11.320498       -11.320498       1937.4104                  95.74233                 406.90465                        20.801049                           9.9270949             1404.0353
             16       956.80759       3.0084651       1.0441015       66.043396     0.020054285      0.11169383     0.052227134      0.99795508     0.016607708   2.0256285e-09      0.81122246       9.5086184       524.57912       1404.0602      -12.266387       -12.266387       1938.1479                 94.141786                 406.74115                        23.696183                           9.5086184             1404.0602
              1        957.7039       3.0236519       1.0414969       66.205973     0.020325374      0.10944445     0.056048929      0.99592235     0.019095372   2.0566261e-09      0.80507722       9.5742938       523.71893       1404.6561      -11.270742       -11.270742       1937.9493                 99.927593                 407.99737                        15.793971                           9.5742938             1404.6561
              6       957.38746       3.0181012       1.0413632       67.945084     0.023299105      0.11133579      0.05058555       1.0024701     0.015354217    2.045242e-09      0.79561162       9.9001324       523.28988       1405.8105      -12.112815       -12.112815       1939.0006                 97.894377                 405.77005                        19.625455                           9.9001324             1405.8105
              1       957.03862       3.0148232       1.0416303       67.995561     0.023045928      0.11231713     0.052659386        1.001846     0.013374438   2.0385486e-09      0.80042235        8.617556       524.29071       1405.8256       -12.32829        -12.32829       1938.7338                 95.575704                 405.78931                        22.925691                            8.617556             1405.8256
              4       956.69784       3.0113803       1.0412499        68.12821     0.022909408      0.11161827     0.050087631      0.99939984     0.014129381   2.0315421e-09      0.79707781       7.8401477       524.36848       1406.3313      -12.572106       -12.572106       1938.5399                  97.92021                 405.87652                        20.571754                           7.8401477             1406.3313
              3        957.9508       3.0090409       1.0416374       67.085837     0.021695057      0.10881188     0.053505687      0.99863591    0.0062832676   2.0267951e-09      0.78672661        6.889581       526.50681       1407.4093      -12.452062       -12.452062       1940.8057                 96.590598                 405.95699                        23.959227                            6.889581             1407.4093
              1       959.37528       3.0007956       1.0377297       66.545692      0.02101609      0.10812412     0.046406853      0.99537881    0.0052231842   2.0101523e-09      0.78198424       6.8905355       526.47497         1407.17      -10.892489       -10.892489       1940.5355                 101.93568                 406.09203                        18.447264                           6.8905355               1407.17
              2       959.07798       3.0013156       1.0377935       66.461031       0.0213148      0.10877024     0.047354319      0.99550526    0.0044748928   2.0111979e-09        0.782841       7.4906624        526.0221       1406.6126      -10.984708       -10.984708       1940.1254                 101.51194                  405.9196                        18.590565                           7.4906624             1406.6126
             17       959.85988       2.9938728       1.0374534       65.907259     0.020103536      0.10840145     0.043454394      0.99537851   0.00071254444   1.9962845e-09      0.78401882        6.431747       528.23382       1406.8387       -10.89227        -10.89227       1941.5043                  102.3926                 406.50303                        19.338191                            6.431747             1406.8387
              1       961.77731       3.0314454       1.0345446       66.682544      0.02147621       0.1054474     0.058101082      0.99629389    0.0043826444   2.0727169e-09      0.77723799       7.1677885       530.45811       1408.9329      -11.502101       -11.502101       1946.5588                 107.22662                 407.64513                        15.586363                           7.1677885             1408.9329
              4       957.66943       3.0307792       1.0314381       66.821075     0.022408608      0.11100137      0.05263474       1.0015533    0.0018930266   2.0713367e-09      0.79611915        8.398542       525.71192       1406.0442      -12.407896       -12.407896       1940.1547                 108.98922                 406.11157                        10.611125                            8.398542             1406.0442
              4       957.16311       3.0307549       1.0314954       66.710939     0.022531234      0.11141647     0.053594306        1.001688   0.00078391473   2.0712862e-09      0.79669664       8.9900407        524.3359       1405.7462      -12.372966       -12.372966       1939.0721                  107.2245                 406.13922                         10.97218                           8.9900407             1405.7462
              1       959.05505       3.0502203       1.0311884       68.139383     0.024208308      0.11395699     0.059158029      0.99977523   0.00053859318   2.1119997e-09      0.80903495       8.0988096        528.7284       1406.4766       -12.59688        -12.59688       1943.3039                 112.28841                 407.44057                        8.9994198                           8.0988096             1406.4766
             10       958.58743       3.0489973       1.0307583       68.246611     0.024326069       0.1143235     0.059292161       1.0005831   0.00034961614   2.1094182e-09      0.80959018       8.0227628        527.8201       1406.4794       -12.57372        -12.57372       1942.3223                 111.55925                 407.37292                        8.8879216                           8.0227628             1406.4794
             14       958.32328       3.0526429       1.0341984       66.819939     0.022679543      0.11377679     0.063750581       1.0035528    0.0069522666   2.1171223e-09      0.81796517       11.968586       523.50111       1404.3591      -11.591117       -11.591117       1939.8288                 103.45923                 409.96084                        10.081034                           11.968586             1404.3591
             14       958.46115        3.049906        1.033768       66.473814      0.02201416      0.11222336     0.059455567      0.99941492    0.0084072059    2.111336e-09      0.81330713       11.414195       526.16741       1404.4878      -12.573537       -12.573537       1942.0694                  107.7284                 408.73047                        9.7085362                           11.414195             1404.4878
              3       958.27171       3.0271659       1.0392207       67.212817     0.021460029      0.11648307     0.039600838       1.0002345    0.0087822467   2.0638657e-09      0.83149973       8.0427889       529.44755       1404.2461      -12.596521       -12.596521       1941.7365                 108.20074                 408.12994                        13.116859                           8.0427889             1404.2461
              1       961.01751       3.0441628       1.0443476        68.17754     0.023859453       0.1187492     0.046758673        1.008824     0.004881831   2.0992448e-09      0.83626616       9.9647013       520.44153       1404.3725      -6.3718414       -6.3718414       1934.7787                 102.47826                 406.18116                        11.782107                           9.9647013             1404.3725
             65       956.99832       3.0490407       1.0477828       68.825118     0.023852778      0.11781111     0.053990382       1.0074495    0.0047080268   2.1095098e-09      0.83712365       7.5762819       517.09489        1405.648      -8.1612793       -8.1612793       1930.3192                  99.77151                 406.04113                        11.282248                           7.5762819              1405.648
              1       954.74639        3.046774       1.0463974       68.987846     0.023867629      0.11654789     0.060395964       1.0043941    0.0031926271   2.1047336e-09      0.82989678       6.9012793       518.02903        1406.675      -11.056275       -11.056275       1931.6053                   98.9939                 407.42429                        11.610832                           6.9012793              1406.675
              2       954.20518       3.0499892       1.0466621       69.094504      0.02402116      0.11652382     0.061718931       1.0021431    0.0039683688   2.1115117e-09      0.83064585       6.9880912       519.17886       1406.7104      -12.233492       -12.233492       1932.8773                 100.37774                 408.01143                        10.789689                           6.9880912             1406.7104
              9       955.56568       3.0378613       1.0455768       68.415551     0.022888089      0.11373904     0.054151138       1.0058185     0.012248873    2.086058e-09      0.81971072       7.2620004        517.5112       1406.1431      -9.8924882       -9.8924882       1930.9163                 97.449226                 406.29093                        13.771041                           7.2620004             1406.1431
             15        955.2815       3.0335021       1.0480438       68.229129     0.022403346      0.11714475     0.060475335       1.0048662    0.0018311154   2.0769844e-09       0.8351089       6.7621965       519.35678       1405.8571      -10.706545       -10.706545       1931.9761                 93.608961                 407.80402                          17.9438                           6.7621965             1405.8571
              1       954.71353       3.0345365       1.0487773       68.219531     0.022322699      0.11729989     0.059588386      0.99647207    0.0026533598   2.0791339e-09      0.83720934       6.8461132       520.08103       1405.7104      -11.605216       -11.605216       1932.6375                  98.88389                 408.04586                        13.151277                           6.8461132             1405.7104
              3       953.38924       3.0345168       1.0487722       68.225517     0.022325892      0.11728534     0.059559437      0.99895374    0.0026817888   2.0790929e-09      0.83713173       6.8443364        519.2391       1405.7217      -12.513349       -12.513349       1931.8052                 97.338153                 407.93412                        13.966832                           6.8443364             1405.7217
              8       953.37404       3.0320963       1.0495741       67.274071     0.020912626      0.11546974     0.060440564      0.99859856    0.0046097928   2.0740666e-09      0.83533279       6.7421422       519.64952        1405.244        -12.4438         -12.4438       1931.6357                  95.16938                 408.95122                        15.528918                           6.7421422              1405.244
             14       952.82905       3.0136084       1.0495845       67.086134     0.020625882      0.11743209     0.050406637      0.99866404    0.0019150143   2.0360738e-09      0.83739288       6.6330794       519.30089       1404.6404      -12.458139       -12.458139       1930.5744                 95.046503                 406.28129                        17.973092                           6.6330794             1404.6404
              4       954.30096       3.0219874       1.0485968       67.081173     0.020752002      0.11355584     0.046057773      0.99702838    0.0046333407   2.0532056e-09      0.82249827       6.3744013       520.24707       1405.7694      -11.894479       -11.894479       1932.3909                  101.7376                 406.58605                         11.92342                           6.3744013             1405.7694
              1       952.67862       3.0238509       1.0472641       67.450637     0.021979984      0.11489019     0.046675952       1.0001913    0.0047152648   2.0570354e-09      0.82165298       7.0359532       518.19628        1405.321      -12.597995       -12.597995       1930.5532                 100.58583                 406.28444                        11.326014                           7.0359532              1405.321
              1       952.75071       3.0297918       1.0443612       67.298823     0.021769847      0.11394583     0.053686078      0.99957742    0.0052394846   2.0692923e-09      0.81989123       6.9946686       518.20354       1405.4765      -12.586636       -12.586636       1930.6747                 100.18086                 406.52682                        11.495855                           6.9946686             1405.4765
              1       953.23385       3.0228001        1.043882       68.061327     0.022381157      0.11708002     0.051420039      0.99931284    0.0074667241   2.0548749e-09        0.829874       7.2055876       519.39476       1404.9936      -12.563146       -12.563146        1931.594                 98.678279                 406.21001                        14.506477                           7.2055876             1404.9936
             16       953.09108       3.0194857       1.0441849       68.067917     0.022478115      0.11738468     0.051291112      0.99907337    0.0060017982   2.0480756e-09      0.82902379       7.1114227       519.12536       1405.0098      -12.532231       -12.532231       1931.2466                 97.999415                 406.03232                        15.093616                           7.1114227             1405.0098
              1       953.12009       3.0195981       1.0441489       68.085671     0.022499375      0.11743262     0.051344074      0.99907698    0.0060199126   2.0483059e-09      0.82918976       7.1174215       519.17896       1405.0093      -12.532765       -12.532765       1931.3057                 98.019921                 406.03705                         15.12199                           7.1174215             1405.0093
              8       953.85519       3.0183833       1.0435842       68.508994       0.0231706      0.11637944     0.051781736      0.99858362     0.008842357    2.045819e-09      0.82101298       7.2734485        519.8237       1405.4941      -12.440431       -12.440431       1932.5912                 97.974556                 405.96252                        15.886629                           7.2734485             1405.4941
              3       954.16558       3.0337874       1.0461082       69.202636     0.023769011      0.11355584     0.057238207      0.99861836    0.0088004667   2.0775769e-09      0.81286777       6.6567878        518.7359       1407.8349      -12.448207       -12.448207       1933.2276                 99.687844                 406.67225                        12.375806                           6.6567878             1407.8349
              3       954.90963         3.04519       1.0453872       69.853708      0.02497432      0.11445107      0.06151253      0.99910298     0.011010543   2.1014024e-09      0.81570638       7.0901384       520.05575       1407.7465      -12.536551       -12.536551       1934.8924                 100.68856                 407.66233                        11.704867                           7.0901384             1407.7465
              8        954.3844       3.0296668       1.0487603       66.062012     0.018674572      0.11196903     0.056845599      0.99865118    0.0052974075   2.0690337e-09      0.83007055       6.6720589       521.48409       1405.5234      -12.455377       -12.455377       1933.6796                 96.537249                 408.90775                        16.039089                           6.6720589             1405.5234
              8       954.16773       3.0274753        1.047257       65.563377     0.018364395      0.11061411     0.055422461      0.99898606    0.0046116393   2.0645044e-09      0.82286122        6.289847       521.60985       1405.4731      -12.518676       -12.518676       1933.3728                 97.384226                 408.51885                        15.706777                            6.289847             1405.4731
              4       953.57314       3.0273534       1.0461508       65.931987      0.01992639      0.11117304     0.055398874      0.99732508    0.0050414764   2.0642528e-09      0.81517287       6.7878231       519.25994       1405.1555      -12.028504       -12.028504       1931.2033                 99.007563                 407.61915                        12.633224                           6.7878231             1405.1555
              1       952.96121       3.0249564       1.0447596       66.463288     0.021157949      0.11505463      0.05036442      0.99961439     0.002199991   2.0593107e-09      0.82413263       7.8547049       518.85946       1404.3863      -12.589026       -12.589026       1931.1005                 100.47774                  406.2017                        12.180013                           7.8547049             1404.3863
              9       951.94075       3.0079038       1.0482938         67.4213     0.022610311      0.11769101     0.045888347       0.9990696    0.0011290053   2.0244918e-09      0.82299975       8.0915786       516.41519       1404.4381      -12.531671       -12.531671       1928.9448                 96.707222                 405.98249                        13.725476                           8.0915786             1404.4381
              4       951.76959       3.0168705       1.0497006       67.064512     0.022335454      0.11625394     0.048013007        1.002429    0.0044931251   2.0427265e-09      0.82214596       9.4276029        514.1421       1404.2273      -12.128921       -12.128921        1927.797                 94.809496                 405.74139                        13.591214                           9.4276029             1404.2273
              2       952.00831       3.0210091       1.0495573        66.09188     0.020895688      0.11405158      0.05011109      0.99865591    0.0050408951   2.0511981e-09      0.82071082        9.130833       515.71373       1404.0848      -12.456396       -12.456396       1928.9294                 97.103225                  406.1227                        12.487798                            9.130833             1404.0848
             11       953.43961       3.0186529       1.0490725       65.918217     0.020739389      0.11449983     0.049491303       1.0051612    0.0045337431   2.0463707e-09      0.82206228        9.488219       514.47408       1403.8566      -10.469857       -10.469857       1927.8189                 92.860511                 405.84348                        15.770091                            9.488219             1403.8566
              6       951.53223       3.0145213       1.0499536       65.662337     0.020048097       0.1145987     0.048450918      0.99949334    0.0039339171   2.0379332e-09      0.82496114       8.4983946       515.94329       1403.7836      -12.580385       -12.580385       1928.2252                 95.131019                 406.14933                         14.66294                           8.4983946             1403.7836
              2       951.56892       3.0167072       1.0495733       65.609897       0.0198159      0.11400603     0.050074845      0.99935454     0.002734372   2.0423928e-09      0.82424153        7.649611       516.60098       1404.0224      -12.567592       -12.567592        1928.273                 95.605666                 406.31275                        14.682564                            7.649611             1404.0224
              1       952.48288       2.9991224       1.0480734       65.587999     0.019435309      0.11422333     0.045627842       1.0001076   0.00027083691   2.0067918e-09      0.81960502        6.493225       519.44025       1404.2323      -12.599996       -12.599996       1930.1657                 93.483098                 406.08768                        19.869469                            6.493225             1404.2323
              2       952.42737       2.9991492       1.0482626       65.670715     0.019560117      0.11468123     0.046049352        1.000079   0.00086590728   2.0068455e-09      0.82125373       6.6738812       519.26789       1404.1138      -12.600423       -12.600423       1930.0556                 92.911434                 406.06722                        20.289239                           6.6738812             1404.1138
              2       952.67641       2.9989205       1.0490862       65.352438     0.019229755      0.11422198     0.047538378      0.99819389   2.6292565e-05   2.0063867e-09      0.82046222        6.673432       519.32695       1404.0324      -12.339959       -12.339959       1930.0327                  93.11899                  406.0892                        20.118762                            6.673432             1404.0324
              4       952.83962       2.9991558       1.0491154       65.385139     0.019267324       0.1142305     0.047665362       1.0003374   1.2783644e-05   2.0068589e-09      0.82044451       6.6563181       520.14868       1404.0579      -12.591814       -12.591814       1930.8629                 92.215914                 405.98278                        21.949981                           6.6563181             1404.0579
             22       952.92791       2.9944445       1.0489924       66.617874     0.021169505       0.1146782     0.046594675       0.9998438   2.2557253e-05   1.9974262e-09       0.8112247       6.7334637       519.39654       1404.9237       -12.59897        -12.59897       1931.0538                 92.015217                 405.68123                        21.700096                           6.7334637             1404.9237
              9       953.91026       3.0180819       1.0478016       67.688258     0.021005391       0.1122168     0.052580984       1.0001686    0.0067270847   2.0452024e-09      0.81485828       6.5654157       519.29987       1407.1525      -12.598648       -12.598648       1933.0178                 95.360394                 406.33802                        17.601457                           6.5654157             1407.1525
              2       954.01499       3.0184088       1.0486829       67.682547     0.020788896      0.11158693     0.051071302       1.0006876     0.007885923   2.0458711e-09      0.81402747       6.7317202       519.00952       1407.4149      -12.563095       -12.563095       1933.1562                 95.480282                 406.27374                        17.255493                           6.7317202             1407.4149
              7       954.39318       3.0172349       1.0483548       67.711319     0.020763211      0.11181664     0.051472519       1.0005053    0.0083980018    2.043471e-09      0.81489977       6.7253989       519.93315       1407.2888      -12.580492       -12.580492       1933.9473                 94.999912                  406.3037                        18.629539                           6.7253989             1407.2888
              2       954.04464       3.0079739       1.0494989       67.069607      0.01996671      0.11182201     0.046706169       1.0005359    0.0066535682   2.0246338e-09       0.8148478       6.5397504       520.05162       1406.6538      -12.577949       -12.577949       1933.2452                 94.247941                 406.26837                        19.535308                           6.5397504             1406.6538
              9       954.20322       3.0059369       1.0497386       66.982896     0.019901887      0.11153546     0.046227058       1.0003949    0.0081414744   2.0205137e-09      0.81326519       6.3602169       520.76684       1406.4563      -12.588448       -12.588448       1933.5833                  93.65906                 406.30826                        20.799521                           6.3602169             1406.4563
              3       954.27537       3.0081945       1.0495211       67.055957     0.019997189      0.11173826     0.047685062       1.0006733    0.0089768092   2.0250803e-09      0.81479029       6.3448193        520.9954       1406.3398      -12.564659       -12.564659       1933.6801                 93.283745                 406.23781                        21.473841                           6.3448193             1406.3398
             26       955.65711       3.0045721       1.0499589        66.85448      0.01962468      0.11231513     0.046531735       1.0025432     0.007977464    2.017758e-09      0.81795951       6.3814242       523.09383        1406.006      -12.083506       -12.083506       1935.4812                 91.381204                 406.21829                        25.494341                           6.3814242              1406.006
             18       955.75218       2.9902471       1.0493985       67.949939     0.021963978      0.11781126      0.04070126       1.0027725   0.00012869241   1.9890596e-09       0.8224561       6.2159924       523.76465       1405.4956      -11.985966       -11.985966       1935.4763                 91.737355                 407.01296                        25.014338                           6.2159924             1405.4956
             27       954.44031       2.9925447       1.0497953       68.056834     0.022051369      0.11783424     0.041157998       1.0007683   9.7158952e-05   1.9936351e-09      0.82335958       6.2595067       522.09659       1405.6319      -12.553695       -12.553695        1933.988                 93.286408                 407.02483                        21.785354                           6.2595067             1405.6319
              9       954.46832       2.9945723       1.0494357       68.046938     0.021953427      0.11745928     0.041333625       1.0011173   0.00096691068   1.9976814e-09      0.82321158       6.2827315       521.94977       1405.7063      -12.501057       -12.501057       1933.9388                 93.563004                 406.98058                        21.406183                           6.2827315             1405.7063
             20       955.74418       2.9990664       1.0499949       68.121959     0.022354686      0.11892523     0.042917107      0.99438532   0.00064897548   2.0066794e-09       0.8292533       6.4686242       520.04232       1405.1353      -10.078954       -10.078954       1931.6463                 97.857266                 406.76896                        15.416101                           6.4686242             1405.1353
             11       954.42519       2.9910637       1.0485079       64.928846     0.018546928      0.11135107      0.04217497      0.99802161    0.0049074612   1.9906846e-09      0.80858549       6.8042839       522.42673        1404.195      -12.287798       -12.287798        1933.426                 92.990108                 406.74174                        22.694884                           6.8042839              1404.195
              7       953.20589       3.0067235       1.0471766       65.022816     0.018917634      0.11069174     0.047438106      0.99870094    0.0064853009   2.0221038e-09      0.80949998       7.5205347       519.55081       1404.2723      -12.465916       -12.465916       1931.3436                 94.944494                  406.3631                        18.243208                           7.5205347             1404.2723
              2       953.20849       3.0068442       1.0471706       65.013586     0.018916764      0.11067338     0.047504119      0.99870565    0.0064923147   2.0223478e-09      0.80944104       7.5482662       519.53622       1404.2663      -12.466895       -12.466895       1931.3508                 94.945308                 406.35046                        18.240453                           7.5482662             1404.2663
              3       952.60218       3.0184322       1.0485766       65.243853     0.019122376      0.10918002     0.049449659      0.99937211    0.0083908501   2.0459192e-09      0.80722622       7.3460335       518.15324       1404.8438      -12.569382       -12.569382       1930.3431                 96.571291                 406.54455                        15.037404                           7.3460335             1404.8438
              1       952.98139       3.0290674       1.0486029       65.949978     0.020741839      0.11079795     0.058567517       0.9992255    0.0042191418   2.0677939e-09      0.80902692       8.0671216       517.90315       1405.0984      -12.552934       -12.552934       1931.0687                 96.066834                 407.89909                        13.937225                           8.0671216             1405.0984
             19       952.18235       3.0288632       1.0483518        66.85578     0.022172679       0.1129434     0.055912862      0.99972487    0.0055587829   2.0673718e-09      0.81208197       9.1186841       515.45155       1404.9842      -12.594866       -12.594866       1929.5544                 96.898207                 406.55089                         12.00245                           9.1186841             1404.9842
             20       953.77596        3.029187       1.0484363       66.873764     0.022217436      0.11292417     0.056120672      0.99639429    0.0055787918   2.0680413e-09      0.81190153       9.1670593       516.50705       1404.9995      -11.560831       -11.560831       1930.6736                 98.953874                 406.74043                        10.812746                           9.1670593             1404.9995
              3       951.97109       3.0330329       1.0495258       67.512978     0.023259088      0.11512011     0.056191995       1.0010636    0.0045283687     2.07601e-09      0.81863665       9.6846481       514.40069       1404.8777      -12.510426       -12.510426        1928.963                 96.865587                 406.23542                        11.299683                           9.6846481             1404.8777
              7       952.80607       3.0182729       1.0459332       67.335484      0.02357383      0.11827605      0.05334792       1.0006764    0.0008910938   2.0455932e-09      0.82231803       11.627476       515.18697       1403.9263      -12.564321       -12.564321       1930.7408                  96.04345                 405.52867                        13.614851                           11.627476             1403.9263
             13       953.39023       3.0241734       1.0462581       68.553697     0.025072362      0.12070113     0.055153735       1.0009168    0.0038316475   2.0576989e-09      0.83018935       12.186689       515.63505       1404.0261      -12.533683       -12.533683       1931.8478                 95.771508                 405.59237                        14.271172                           12.186689             1404.0261
              5       954.02554       3.0293476       1.0478918       68.846246     0.025337942      0.12012103     0.058076577       1.0036418     0.003740127   2.0683734e-09      0.82940324        11.11287       515.55893        1404.459      -11.539876       -11.539876       1931.1308                 93.769996                 405.88919                        15.899736                            11.11287              1404.459
              3       953.68322        3.025218       1.0446692       68.958502     0.025101318      0.12032292     0.057094906      0.99794472    0.0020354204   2.0598494e-09      0.82905015        9.293619       517.82571       1404.7731      -12.262988       -12.262988       1931.8924                 98.451323                   406.009                        13.365388                            9.293619             1404.7731
              1        954.5032       3.0065548        1.045025       69.317791     0.025299254      0.11953237     0.045146323      0.99770113    0.0032904295   2.0217627e-09      0.81800122       8.3028374       519.68322       1405.3766      -12.178136       -12.178136       1933.3627                 99.181605                 406.26841                         14.23321                           8.3028374             1405.3766
              5       954.44846       3.0149019       1.0455364       69.448476     0.024902706      0.11742542     0.045663625       1.0025811    0.0054590887    2.038709e-09      0.81547871       7.2351343       519.44414       1406.3536      -12.067974       -12.067974       1933.0329                   98.1864                 406.23872                        15.019021                           7.2351343             1406.3536
              4       954.28225       3.0153367       1.0463794       69.548103     0.024925106      0.11746649     0.045987676       1.0025214    0.0052903863   2.0395956e-09      0.81622298       7.0552557       519.16308       1406.5308       -12.09231        -12.09231       1932.7491                  97.86613                 406.13195                        15.164998                           7.0552557             1406.5308
              7       956.55124       3.0134264       1.0413818       68.963081     0.024008803      0.11326302     0.041480079       1.0025966    0.0096781782   2.0357031e-09       0.7997122       7.0580598       522.93871       1407.2287      -12.061523       -12.061523       1937.2255                 102.22398                 407.41393                        13.300799                           7.0580598             1407.2287
              1       955.06535       3.0280462       1.0393551       67.835304     0.022101523      0.11046721     0.050165679      0.99914202    0.0092059392   2.0656834e-09      0.80133929       6.5559509       521.22747       1407.4313      -12.542031       -12.542031       1935.2148                 104.59863                 406.28638                        10.342465                           6.5559509             1407.4313
              1       955.10914        3.060118       1.0486324       69.100294     0.024722074      0.11935067      0.06844759       1.0011475    0.0052162671   2.1330074e-09      0.84422856       8.9639815       521.13114       1405.1143      -12.495576       -12.495576       1935.2094                 98.734899                 410.93213                        11.464112                           8.9639815             1405.1143
              1       956.20922       3.0676928       1.0483122       69.791397     0.025582022      0.11878017     0.071326317       1.0032225    0.0070556833   2.1492258e-09      0.84135004       8.6960601       521.37628       1405.8864      -11.770159       -11.770159       1935.9588                 98.398484                 411.96477                        11.013029                           8.6960601             1405.8864
             14       956.27411       3.0686941       1.0476998       69.879284     0.025718232       0.1190088      0.07089573       1.0024874    0.0063760976    2.151379e-09      0.84182574       8.6041622       522.18604         1405.97      -12.105965       -12.105965       1936.7602                 99.872017                 411.74803                        10.565988                           8.6041622               1405.97
              4       956.43723       3.0657551       1.0470712       70.024885      0.02579136       0.1191505     0.069734531      0.99934768    0.0061144199   2.1450653e-09       0.8409167       8.2742041       523.56906        1406.165      -12.566881       -12.566881       1938.0082                  101.9555                 411.25397                        10.359577                           8.2742041              1406.165
             17       953.81981       3.0556146       1.0498767       68.494286      0.02389632      0.11628525     0.064463948       1.0011507    0.0088087964   2.1234233e-09      0.83305801       9.0821101       518.31276       1405.2348      -12.495001       -12.495001       1932.6296                 98.344034                 409.34284                        10.625879                           9.0821101             1405.2348
              1       953.66492       3.0512325       1.0493526       68.552746     0.024247192      0.11588236      0.06640603       1.0004393    0.0047678467   2.1141386e-09      0.82609642       8.3724079       518.31792       1405.8105      -12.585481       -12.585481       1932.5008                 97.869822                 409.74713                        10.700962                           8.3724079             1405.8105
              5       953.54995       3.0493975        1.049852       68.664308     0.024820609      0.11576585     0.065642373       1.0004403    0.0060677601   2.1102626e-09      0.82172589       9.6070577       517.00837       1405.6553       -12.58541        -12.58541       1932.2707                 97.242752                 409.00484                        10.760778                           9.6070577             1405.6553
              5       954.40458       3.0450189        1.047624       69.370238     0.025465343      0.11509337      0.06495463      0.99907446     0.004413894   2.1010428e-09      0.81344552       7.8429278       518.84897       1407.1821      -12.532391       -12.532391       1933.8739                  99.14116                 408.31857                        11.389244                           7.8429278             1407.1821
             14       954.61712       3.0435506       1.0474499       68.533275     0.024479475      0.11494901     0.064213127       1.0037671    0.0032725216   2.0979601e-09      0.81602462       8.2292714       517.66897       1406.2673      -11.465657       -11.465657       1932.1656                 96.156656                  408.1975                        13.314818                           8.2292714             1406.2673
              7       954.54664        3.042267       1.0472202       68.384215     0.024243245      0.11500086     0.064062479       1.0037036    0.0025030618   2.0952689e-09       0.8166462       8.0626691       517.85901       1406.1787      -11.503566       -11.503566       1932.1004                 96.178266                 408.25149                        13.429257                           8.0626691             1406.1787
              4       957.26139       3.0414044       1.0466295       68.411185     0.024303697       0.1148438     0.063545094      0.99444628    0.0029521947   2.0934624e-09      0.81514394       8.1558507        520.4213       1406.2125      -10.133419       -10.133419       1934.7896                 102.15826                 408.54728                        9.7157688                           8.1558507             1406.2125
              4       954.49699       3.0438541       1.0471498       68.055205     0.024089891      0.11449381     0.066649531      0.99900767    0.0038350489    2.098597e-09      0.81524923       9.1555199       519.16143       1405.7213      -12.522144       -12.522144       1934.0383                 97.743986                 409.75346                        11.663989                           9.1555199             1405.7213
              4       954.72855       3.0524469       1.0456956       69.340001      0.02408547      0.11634147     0.057895714       1.0027744     0.012462338   2.1167075e-09      0.83259968       7.7065413       519.63925       1406.0815      -11.985119       -11.985119       1933.4273                 101.62759                 407.19429                        10.817374                           7.7065413             1406.0815
             14       954.89539       3.0326386       1.0433153       68.197693     0.022895272      0.11433985     0.046404463       1.0011424     0.014106033   2.0751917e-09      0.81939676       8.3446063       521.12384       1405.3154       -12.49652        -12.49652       1934.7838                 104.32147                 406.60781                        10.194568                           8.3446063             1405.3154
             10       954.85902       3.0333869       1.0430285       68.312271     0.023125666      0.11491937     0.046730102       1.0012437     0.012736695    2.076745e-09      0.82079887       8.2949655       521.04482       1405.3326      -12.477176       -12.477176       1934.6724                 104.37221                 406.50116                        10.171453                           8.2949655             1405.3326
              5       952.87269       3.0263348       1.0477376       67.851695     0.023090751      0.11230311     0.049295177       1.0000727     0.010859102   2.0621513e-09      0.80566924       8.6620574       516.41139       1405.8729      -12.600499       -12.600499       1930.9464                 99.746024                 405.95638                        10.708993                           8.6620574             1405.8729
             16       954.82476       3.0263427       1.0477434       67.850682     0.023088905      0.11230002     0.049295944      0.99612344      0.01086536   2.0621674e-09      0.80566938       8.6622601       517.91212       1405.8726      -11.398705       -11.398705       1932.4469                 102.25792                 406.11365                        9.5405601                           8.6622601             1405.8726
             12       953.23014       3.0234085       1.0475533       67.984116     0.023180192      0.11246864     0.048289165      0.99891895     0.011137582   2.0561255e-09      0.80504169       8.4765696       517.04182       1405.9567      -12.507429       -12.507429       1931.4751                  100.2699                 406.06134                        10.710583                           8.4765696             1405.9567
             11       953.14391       3.0238357       1.0470243        68.02247     0.023383131      0.11228022     0.050738584       1.0004632     0.010505987   2.0570041e-09       0.8027736       8.6259904       516.73284       1406.0965      -12.583757       -12.583757       1931.4553                 98.340936                 405.78062                        12.611278                           8.6259904             1406.0965
              6       952.49115       3.0200783       1.0495391       67.973611     0.022427014      0.11203664     0.051261866      0.99972885     0.010555762   2.0492896e-09      0.80721612       6.9135076       516.70643       1406.5524       -12.59504        -12.59504       1930.1724                 96.062187                 405.93445                        14.709791                           6.9135076             1406.5524
              7       953.11817       2.9913916       1.0491889       66.198267     0.019924683       0.1151105     0.039038462      0.99970053    0.0015386524   1.9913375e-09      0.81958791       6.2732369       520.67781       1404.4728      -12.593747       -12.593747       1931.4238                 94.121159                 407.58426                        18.972392                           6.2732369             1404.4728
             19       953.14184       2.9921814       1.0497148       66.007543     0.019568896      0.11406292     0.038620156      0.99972472    0.0025119282   1.9929108e-09      0.81744864       6.1823181       520.69848       1404.5926       -12.59486        -12.59486       1931.4734                 94.197515                 407.79129                        18.709672                           6.1823181             1404.5926
              9       953.60241       2.9964868       1.0488886       65.456464     0.018930099      0.11413757     0.036903247       1.0005866     0.006112226   2.0015096e-09      0.82282436       6.9985657       521.52934       1403.8237      -12.573398       -12.573398       1932.3516                 95.229445                 408.43142                        17.868477                           6.9985657             1403.8237
              2       956.10869       3.0073028       1.0429419       65.706684     0.019522123      0.11275855     0.038196676       1.0046418     0.010568331   2.0232755e-09      0.81672438       8.0624427       521.92491       1403.9844      -10.877191       -10.877191       1933.9718                 98.064018                 408.03275                         15.82815                           8.0624427             1403.9844
              1       956.10777       3.0074055        1.042956       65.713147     0.019529834      0.11275236     0.038228939        1.004644     0.010599003   2.0234833e-09      0.81671409       8.0635004       521.91444       1403.9888      -10.875592       -10.875592       1933.9667                 98.073312                 408.03275                        15.808385                           8.0635004             1403.9888
              2       955.30782       3.0080097       1.0426602       65.869846     0.019661175      0.11304201     0.038961217        1.003629      0.01040442   2.0247063e-09      0.81771737       7.8418659       521.80893       1404.0596      -11.547366       -11.547366       1933.7104                 98.573501                 407.84627                         15.38916                           7.8418659             1404.0596
              7         955.062       3.0158377       1.0447886       66.229504     0.020113019      0.11494508     0.041350003       1.0037378     0.011949895   2.0406177e-09      0.82860065       8.7719283       520.58544       1403.7331      -11.483209       -11.483209       1933.0904                 98.242549                 407.25671                         15.08618                           8.7719283             1403.7331
              9       957.06127       3.0041893       1.0447055       64.862993     0.018596344      0.11174972     0.033760775      0.99937918      0.01446128   2.0169857e-09      0.81612718        10.06425       525.76493       1403.4335      -12.570088       -12.570088       1939.2627                 102.39079                    409.91                        13.464145                            10.06425             1403.4335
             12       957.03783       2.9984285       1.0460032       65.602849     0.018644542      0.11177129     0.032304756       0.9986418     0.015559558   2.0053998e-09       0.8164652       7.2972796       527.66445       1404.0206      -12.453345       -12.453345       1938.9824                   101.776                 410.68182                         15.20663                           7.2972796             1404.0206
             13       957.73818       3.0014284       1.0465258       66.143259     0.019375173      0.11223944     0.030868547       1.0016668     0.017403617   2.0114248e-09      0.81688715        7.654359       528.43092       1404.1484      -12.378663       -12.378663       1940.2337                 102.21769                 411.33609                         14.87714                            7.654359             1404.1484
              3        954.6707       3.0013972       1.0499915       65.307016     0.019169453      0.11256528     0.033999627      0.99984626     0.010468611   2.0113619e-09      0.81681627       8.6865085       522.12704       1403.7259      -12.599031       -12.599031       1934.5395                 98.585051                 409.76264                        13.779347                           8.6865085             1403.7259
             15       955.57107       3.0164214       1.0499069       65.831787     0.021025847      0.11579736     0.044124651       1.0017213     0.014449952   2.0418093e-09      0.82726057       16.707158        516.0639       1403.0989      -12.363898       -12.363898       1935.8699                 95.744916                 406.49997                        13.819015                           16.707158             1403.0989
              2       955.54964       3.0032981        1.049774        64.84568     0.019605813      0.11859575     0.042602931       1.0006277    0.0073453139    2.015189e-09      0.83918703       15.456292       517.81433       1402.9675      -12.569401       -12.569401       1936.2381                 92.254671                 406.61509                        18.944564                           15.456292             1402.9675
              2       956.15139       3.0031233        1.048718       64.764954     0.019330466      0.11722117     0.043636065      0.99614243      0.00688871   2.0148369e-09      0.83430371       13.527518       518.64017        1402.956      -11.410455       -11.410455       1935.1237                 95.090095                 406.63405                        16.916025                           13.527518              1402.956
              2       953.28637       3.0103818       1.0488152       65.600195     0.020225415      0.11623478     0.041457013       1.0020433    0.0042670324   2.0295147e-09       0.8289042       10.085818       517.67549       1403.3453      -12.266928       -12.266928       1931.1066                 96.170526                 406.95255                        14.552417                           10.085818             1403.3453
              4       954.77307       3.0055889       1.0471421       65.660098     0.020839731      0.11935936     0.040666147       1.0022528    0.0011295096   2.0198107e-09      0.83539342       12.297641        518.6214       1403.0169      -12.194911       -12.194911        1933.936                 95.849492                  407.0178                        15.754109                           12.297641             1403.0169
              8       955.32273       3.0026666       1.0466191        65.58596     0.020847283        0.119396     0.039455867       1.0021992    0.0021469031   2.0139168e-09      0.83408941       13.332039       518.76367       1402.9778      -12.214018       -12.214018       1935.0735                 95.548668                 407.34082                        15.874175                           13.332039             1402.9778
             15       955.38944       3.0029099       1.0466357       65.571311     0.020856088      0.11943665      0.03953307       1.0022288    0.0020752418   2.0144068e-09      0.83424957       13.471442       518.74199       1402.9725      -12.203516       -12.203516       1935.1859                 95.556849                 407.34002                        15.845122                           13.471442             1402.9725
              4       954.24017       3.0246464       1.0445443       65.221994     0.020586148      0.11243274     0.049243007       1.0021538    0.0040674164   2.0586725e-09      0.81239913       11.934334       517.27195       1403.7337      -12.229827       -12.229827         1932.94                 99.013083                 406.05806                        12.200811                           11.934334             1403.7337
              2       953.69419       3.0273074       1.0444104       65.370665     0.020458878      0.11325913     0.052985566       1.0002724    0.0011375651   2.0641578e-09      0.81794167       9.7394112       518.93731       1403.9016      -12.594988       -12.594988       1932.5783                 99.820647                 406.62679                        12.489877                           9.7394112             1403.9016
             60       956.42286         3.02983       1.0466195        64.16729     0.018754005      0.10789072      0.05115387      0.99699974    0.0017908539   2.0693715e-09      0.80302184       8.6173621       523.46067       1404.5293      -11.880795       -11.880795       1936.6073                 103.21888                 407.00107                         13.24072                           8.6173621             1404.5293
             34       956.07347       3.0316324       1.0490142       64.073206     0.018594075      0.10809791     0.052845351      0.99694839    0.0016806447   2.0731047e-09      0.80624659       8.5857591        522.8775       1404.3956      -11.855937       -11.855937       1935.8588                 101.72756                 407.42748                        13.722451                           8.5857591             1404.3956
              2       954.97489       3.0317139       1.0491038       64.095619     0.018800316      0.10784302     0.051993315       1.0016735    0.0022604751   2.0732736e-09      0.80382603       9.2471294       521.06429       1404.3921      -12.376868       -12.376868       1934.7035                 99.100216                 406.91499                        15.049082                           9.2471294             1404.3921
              1       955.07071       3.0323606        1.049534       64.189816     0.018935704      0.10741804     0.053352899       1.0014352    0.0031679951   2.0746148e-09      0.80172052       9.3864942       521.08814       1404.5391      -12.436137       -12.436137       1935.0137                 98.402392                 407.11163                        15.574121                           9.3864942             1404.5391
              5       955.10483       3.0331322       1.0497209       64.181566     0.018912115       0.1072576      0.05400523      0.99978846    0.0034588151   2.0762162e-09      0.80152403       9.3919467       521.44618       1404.5662      -12.597342       -12.597342       1935.4043                 99.177387                 407.37883                        14.889966                           9.3919467             1404.5662
              7        953.2906       3.0221675       1.0487571       64.797259      0.01987633      0.11232686     0.052746276       1.0017025    0.0045513282   2.0535754e-09      0.81588591       11.927483       515.88625       1403.5055       -12.36904        -12.36904       1931.3193                 94.370159                  406.5573                        14.958792                           11.927483             1403.5055
              5       955.75021       3.0604263       1.0455408       67.559727     0.022210472      0.11110829     0.068708153       1.0014468     0.012026224   2.1336652e-09       0.8185216       7.8503823       522.38623       1406.1307      -12.433463       -12.433463       1936.3673                 99.384212                 412.62261                        10.379413                           7.8503823             1406.1307
              1       956.19752       3.0582638       1.0433084        67.39972     0.021865867      0.11416804     0.066799798      0.99980909    0.0095406203    2.129056e-09      0.83292236       8.0590788       524.48564       1405.0463      -12.598006       -12.598006       1937.5911                 101.23986                 412.25458                        10.991197                           8.0590788             1405.0463
             11        957.3488       3.0626507       1.0409682       67.736549      0.02215354      0.11406587     0.069963251       1.0026159     0.011836806   2.1384165e-09      0.83300436       8.0886582       525.47426       1405.2416       -12.05347        -12.05347       1938.8045                 100.06064                 413.91007                        11.503541                           8.0886582             1405.2416
              8       957.58962       3.0571162       1.0410519       66.981646     0.020540144      0.11387861     0.069630593       1.0018943     0.010568432   2.1266141e-09        0.838649       7.3417367        527.5471       1404.9181      -12.313843       -12.313843       1939.8069                    98.643                  415.0095                        13.894604                           7.3417367             1404.9181
              7       957.16211       3.0327964       1.0392186       67.299221     0.021318337      0.11947981     0.060748189       1.0016347    0.0081519523   2.0755191e-09      0.84851724       8.6565826       526.77217       1403.6698      -12.387155       -12.387155       1939.0985                 95.985361                 409.40005                        21.386767                           8.6565826             1403.6698
              4       957.01339       3.0293458       1.0393143       66.292762     0.019598972      0.11828734     0.056032131       1.0020471    0.0082992345   2.0683697e-09       0.8506438       8.2131525       526.93062       1403.4144      -12.265677       -12.265677       1938.5581                 96.759359                 408.60028                        21.570988                           8.2131525             1403.4144
              1       954.21994       3.0200444       1.0407462       66.197655     0.020749675      0.11853736     0.048895996        1.002533    0.0018427023   2.0492201e-09      0.83836364        9.038825       520.17894       1403.3974      -12.087651       -12.087651       1932.6152                 98.668383                 406.17337                        15.337187                            9.038825             1403.3974
             14       956.23952       3.0219053       1.0426427       66.212791     0.020741346      0.11716345     0.046527589       1.0067362    0.0026687913    2.053037e-09      0.83393173       8.6645959       518.11958       1403.6365       -8.970829        -8.970829       1930.4207                 97.175234                  406.1112                        14.833148                           8.6645959             1403.6365
             38        957.0118       3.0108957       1.0422215       68.808204     0.022931808      0.11630327     0.043170064       1.0047599   0.00095712887   2.0305579e-09       0.8179564       6.5605235       521.82215       1407.2177      -10.788394       -10.788394       1935.6004                 99.263224                 406.68065                        15.878276                           6.5605235             1407.2177
             39       956.55615       3.0140272       1.0419331       69.498368     0.023707559      0.11846199     0.045449267      0.99714728    0.0015191345   2.0369266e-09      0.82588669       6.7674623       523.17214       1407.0725      -11.949883       -11.949883       1937.0121                 103.67717                 406.45346                        13.041504                           6.7674623             1407.0725
              9       956.22863       3.0454012       1.0495674       70.775422     0.025949733      0.12332687     0.065953905      0.99868004    0.0021101345   2.1018462e-09      0.85265138       7.7184334       523.48194         1406.18      -12.461539       -12.461539       1937.3803                 97.642935                 408.94113                        16.897879                           7.7184334               1406.18
              4       956.81128       3.0459706       1.0481927       70.830018     0.025944298      0.12336048     0.066353464      0.99864428    0.0020007997   2.1030434e-09      0.85273209       7.7051748       524.54652       1406.2786      -12.453884       -12.453884       1938.5303                 98.295219                 409.16584                        17.085462                           7.7051748             1406.2786
             23       956.76921       3.0424216       1.0479636       70.819315     0.025920112      0.12377196     0.064513152      0.99863343    0.0023360857   2.0955928e-09      0.85320583       7.7278196         524.657       1406.0567      -12.451521       -12.451521       1938.4415                 98.025952                 408.39763                        18.233413                           7.7278196             1406.0567
              1       956.78245        3.042477       1.0480622       70.745594     0.025744281      0.12375568     0.064110769      0.99869581    0.0027332785   2.0957089e-09      0.85422981        7.776905       524.75913       1405.9586       -12.46485        -12.46485       1938.4946                 97.943808                 408.34166                        18.473657                            7.776905             1405.9586
             29       957.54351       3.0416388       1.0482661       70.905342     0.025907675      0.12405336     0.063655242      0.99704346    0.0028446433   2.0939532e-09      0.85470318       7.8054955       525.05397       1406.0308      -11.901633       -11.901633       1938.8903                 98.865493                 408.18887                        17.999615                           7.8054955             1406.0308
             14       956.81704       3.0358423       1.0486499       70.729837     0.025930484      0.12500024     0.061366775      0.99708318   0.00082707542   2.0818507e-09      0.85546179       7.7958906       524.07067       1405.6081      -11.920297       -11.920297       1937.4747                 98.563021                 407.20083                         18.30682                           7.7958906             1405.6081
             47       955.53663       3.0357364       1.0493648       70.560716     0.025955075      0.12345607     0.060414113       0.9971124    0.0040919598   2.0816302e-09      0.84880722       7.9068193       521.50575       1405.5284      -11.933864       -11.933864        1934.941                 97.775838                 406.90978                        16.820134                           7.9068193             1405.5284
             18       956.44353       3.0354694       1.0493238       70.539584     0.025920715      0.12337606     0.060235973       1.0035783    0.0039989339   2.0810744e-09      0.84846426       7.8684515       522.62343       1405.5484      -11.576596       -11.576596       1936.0403                 93.842676                 406.54524                        22.235512                           7.8684515             1405.5484
              7       954.61837       3.0407435       1.0495907       70.569633     0.025947835       0.1224817     0.060904362       1.0003344    0.0060128248   2.0920792e-09      0.84711298       7.9831498       520.74864       1405.6889      -12.591974       -12.591974       1934.4207                 96.605645                 407.02673                        17.116267                           7.9831498             1405.6889
             19        954.5953       3.0406014       1.0495222        70.53868      0.02591495      0.12247519     0.060795192       1.0003476    0.0059840128    2.091782e-09      0.84712058       7.9953395       520.72019       1405.6576      -12.591257       -12.591257       1934.3731                 96.635324                 407.02119                        17.063675                           7.9953395             1405.6576
             30       955.68131       3.0321225       1.0487965       70.046004     0.025753123      0.12393264     0.064662139      0.99877944    0.0015456718   2.0741209e-09      0.84839013       8.3100912       523.07752       1404.9385      -12.481741       -12.481741       1936.3261                 94.207424                 408.13993                         20.73017                           8.3100912             1404.9385
              1       955.70582       3.0369199       1.0443705       70.392505      0.02587707      0.12380832      0.06105532       1.0012986   0.00094475282   2.0840953e-09       0.8484386       7.6885955       523.13257       1405.5225      -12.466009       -12.466009       1936.3437                 98.364636                 407.02183                          17.7461                           7.6885955             1405.5225
              7       955.64903       3.0390038       1.0442124       70.340493     0.025852265      0.12348647     0.061970991        1.001343    0.0013053173   2.0884427e-09      0.84791305        7.737132       522.94636       1405.5278      -12.456631       -12.456631       1936.2113                 98.468485                  407.3609                        17.116982                            7.737132             1405.5278
              3       954.53952        3.035036       1.0466077       70.017794      0.02465939      0.11898041     0.056639192      0.99984662    0.0012434803   2.0801727e-09      0.83361322       7.0448001       519.79179       1407.4405       -12.59904        -12.59904       1934.2771                 100.77159                 406.24261                        12.777589                           7.0448001             1407.4405
              2       953.96026       3.0343969       1.0475326       69.765906     0.024454609      0.11984735     0.055377765       1.0008133    0.0007021839   2.0788437e-09      0.83814681        7.011593         519.305       1406.6999      -12.548002       -12.548002       1933.0165                 100.11848                 406.04287                        13.143643                            7.011593             1406.6999
              5       953.66416       3.0360269       1.0480085       69.776287     0.024614365      0.11834004     0.054000038       1.0004374    0.0021949777    2.082235e-09      0.83135432       6.8646071       518.48923       1407.1457       -12.58562        -12.58562       1932.4996                 101.18736                 405.92788                        11.373991                           6.8646071             1407.1457
             11       952.56143       3.0391003       1.0492197       68.826985     0.023457204      0.11735595     0.057397241       1.0012362     0.006403358   2.0886444e-09      0.83441293       7.2042142        517.0821       1405.7939      -12.478675       -12.478675       1930.0802                 97.584536                 406.82804                        12.669527                           7.2042142             1405.7939
             20       952.56123       3.0387678       1.0491793       68.831147     0.023464051      0.11738515     0.057286789       1.0005191    0.0064098248   2.0879499e-09      0.83436525        7.205361       517.29051       1405.7853      -12.579366       -12.579366       1930.2812                 97.997552                 406.83427                        12.458693                            7.205361             1405.7853
             11       952.57159        3.034762        1.048232       67.528382     0.022468357      0.11765842     0.058645843      0.99958094    0.0036062945   2.0796029e-09      0.83581726       8.3425695       517.56051       1404.4139      -12.586873       -12.586873       1930.3169                 97.069623                 407.52842                        12.962465                           8.3425695             1404.4139
              3       952.35743       3.0338419       1.0486774       67.471284     0.022441719      0.11729776     0.058177519      0.99954522    0.0035818029   2.0776903e-09      0.83393205       8.3335329       517.08812        1404.462      -12.584376       -12.584376       1929.8836                 96.956596                 407.34936                        12.782163                           8.3335329              1404.462
              1       952.83984       3.0272348       1.0472501       67.107368     0.021987341      0.11706125     0.054772329       1.0039839    0.0028825382    2.064008e-09      0.83145891       8.2803317        515.7864       1404.2754      -11.331213       -11.331213       1928.3421                  94.63245                 406.33474                        14.819203                           8.2803317             1404.2754
              2       952.94986       3.0259182       1.0480424       67.142136     0.021803686      0.11755638     0.052096873       1.0042601    0.0042356102   2.0612924e-09        0.835098       8.3009823       515.77511       1404.1217      -11.149034       -11.149034       1928.1978                 94.631396                 406.02182                        15.121895                           8.3009823             1404.1217
             21       954.95062       3.0379061       1.0494268       67.601901     0.021527332      0.11307326     0.055165838       1.0064453    0.0087519024   2.0861515e-09       0.8240896        6.724097       515.68708       1406.0451      -9.2775391       -9.2775391       1928.4563                 94.920583                 406.73234                        14.034158                            6.724097             1406.0451
              2       952.69957        3.037579       1.0493548       66.426932       0.0204127      0.11365623     0.055309782        1.003112     0.004897621   2.0854692e-09      0.83006148       7.0618432       517.18655       1404.8031       -11.82617        -11.82617       1929.0515                 96.899121                 407.35985                        12.927582                           7.0618432             1404.8031
             10       952.75755       3.0320432       1.0486204       66.731875     0.020879153      0.11517623     0.050953409       1.0033937    0.0043972728   2.0739564e-09      0.83213833       7.2514825       517.02804       1404.5947      -11.679537       -11.679537       1928.8742                 97.662543                 406.34455                        13.020954                           7.2514825             1404.5947
             14        952.2764       3.0297058       1.0492706       66.727197     0.020920908      0.11532518     0.050347523       1.0023011    0.0037014582   2.0691144e-09      0.83159876       7.2121797       517.10644       1404.5888      -12.177307       -12.177307       1928.9074                 97.830842                 406.25394                        13.021652                           7.2121797             1404.5888
              1       954.12137       3.0035279       1.0438161       64.692381     0.018161125      0.11544551     0.041705623       1.0016184   0.00067271782   2.0156521e-09      0.83173553       7.0884511       522.59141       1403.3457      -12.391385       -12.391385       1933.0255                  96.74201                 406.99702                        18.852373                           7.0884511             1403.3457
             23         954.104       3.0062111       1.0448746       64.621366     0.018145635      0.11522833     0.043172152       1.0028282   0.00086442132   2.0210678e-09      0.83212374        7.273979       521.52907        1403.327      -11.961022       -11.961022         1932.13                 95.535076                  406.6864                        19.307599                            7.273979              1403.327
              5       953.89416       3.0105579       1.0437008       64.604962     0.018104294      0.11214871     0.044365582       1.0022744   0.00091881697   2.0298722e-09      0.81994567       6.4801207       521.66939        1404.013      -12.187082       -12.187082       1932.1625                 97.940789                 406.65832                        17.070282                           6.4801207              1404.013
             15       953.88405       3.0105773       1.0436991       64.602713     0.018097901      0.11212702     0.044381653       1.0022704    0.0009509024   2.0299115e-09      0.81989874       6.4766887       521.65251        1404.016      -12.188559       -12.188559       1932.1452                  97.93018                 406.63531                         17.08702                           6.4766887              1404.016
             27       953.61451       3.0154813       1.0443066       64.466015     0.018139379      0.11202708      0.04593323       1.0002015   0.00084238088   2.0398906e-09      0.82086977       6.8582315       521.67788       1403.8883      -12.597675       -12.597675       1932.4244                 99.661006                 406.66767                        15.349209                           6.8582315             1403.8883
             17       953.63638       3.0145222       1.0439194       64.556924     0.018244584       0.1121203     0.046060424       1.0000735   0.00026344286   2.0379352e-09      0.82020506       6.7102993        521.7888       1403.9746      -12.600489       -12.600489       1932.4737                 99.796979                 406.65042                        15.341395                           6.7102993             1403.9746
             13       953.51614       3.0197123        1.044064       64.658816     0.018464394      0.11181064     0.049817965      0.99994519   0.00069771145   2.0485397e-09      0.81980759       6.8625002       521.28582       1404.0853      -12.600681       -12.600681       1932.2336                 99.414873                 406.83274                        15.038205                           6.8625002             1404.0853
              8        953.4043        3.018052       1.0430964       65.092194     0.019007418       0.1123881     0.049316591      0.99928836    0.0010711458   2.0451413e-09      0.81907957       6.8429366        520.8423       1404.2442      -12.560407       -12.560407       1931.9294                 99.985898                 406.64795                        14.208462                           6.8429366             1404.2442
              2       953.31228       3.0184953       1.0436039       65.049915     0.019123745      0.11282508      0.04952589      0.99941864   0.00054488406   2.0460481e-09      0.82034105       7.1716652       520.53033       1404.0703      -12.573883       -12.573883       1931.7723                 99.776027                 406.57006                        14.184243                           7.1716652             1404.0703
              4       952.93756       3.0256087       1.0467346       67.217728     0.021142864      0.11771156     0.053439194       1.0019847    0.0013063038   2.0606545e-09      0.83941658       6.8588423       518.97476       1404.6131      -12.285794       -12.285794       1930.4467                 96.563963                 406.57715                        15.833642                           6.8588423             1404.6131
             15       952.55735       3.0262031       1.0467919        66.36164     0.021489701      0.11680562     0.055933579       1.0006291    0.0030805156   2.0618797e-09      0.83081567       10.154039       516.43678       1403.6624      -12.569265       -12.569265       1930.2532                 95.588567                 406.92335                        13.924857                           10.154039             1403.6624
              4       953.23778       3.0184275       1.0453971       65.919164     0.020581212      0.11569262     0.055709607       1.0020867    0.0036039848   2.0459095e-09      0.82711892       9.1676134       518.14102       1403.6721      -12.252584       -12.252584       1930.9807                 92.798817                  407.0755                        18.266701                           9.1676134             1403.6721
             14       953.87903       3.0257943       1.0460216       66.244413     0.021404432      0.11634531     0.059165498       1.0023655    0.0054460366    2.061037e-09      0.82906269       11.206221       517.31581       1403.5426       -12.15328        -12.15328       1932.0646                 92.353392                  407.9235                        17.038915                           11.206221             1403.5426
              5       954.31085       3.0258863       1.0468917       66.310772     0.021711895      0.11601077     0.060308628       1.0027558    0.0055661048   2.0612265e-09      0.82598284       11.849124       517.16177       1403.5975       -11.99335        -11.99335       1932.6084                 91.328721                 408.05734                        17.775709                           11.849124             1403.5975
              2       956.57218       3.0305677       1.0442354       65.926859     0.021180817      0.11285215     0.064255055       1.0035675    0.0035425456   2.0708985e-09      0.81460812       9.9110676       522.12743       1404.2714      -11.582775       -11.582775       1936.3099                 92.526522                 409.98306                        19.617842                           9.9110676             1404.2714
              4       954.62566       3.0291546       1.0434833       67.680925     0.021696431       0.1096589      0.05579827      0.99899962     0.010249611   2.0679743e-09      0.80174178       6.4944103       520.19537       1407.6033      -12.520861       -12.520861        1934.293                 99.782985                 406.98436                        13.428023                           6.4944103             1407.6033
              5       955.46475       3.0337395       1.0419077       68.467043     0.022485859      0.11289527     0.057284792      0.99743599    0.0066712666   2.0774774e-09      0.81457182       6.5564988       520.87651       1407.6465      -12.074991       -12.074991       1935.0795                 102.34671                 407.28233                        11.247474                           6.5564988             1407.6465
              5        954.1368       3.0361023       1.0484812       68.269181     0.022573179      0.11285946     0.061693165       1.0022416    0.0092831649   2.0823919e-09      0.81685813       6.7117803       519.13281       1406.8269      -12.198953       -12.198953       1932.6715                 94.140015                 408.29404                        16.698751                           6.7117803             1406.8269
              7       953.58457       3.0325861       1.0490263       68.665275     0.023211689      0.11386555     0.059454689       0.9974016    0.0088650296   2.0750827e-09      0.81705612       6.7880925       517.64938       1406.8532      -12.060787       -12.060787       1931.2907                 97.113519                 407.40018                        13.135678                           6.7880925             1406.8532
              2       953.68021       3.0218271       1.0463702       67.924477     0.022099196      0.11235788     0.055028097       1.0002113    0.0028640352   2.0528766e-09      0.80892706       6.4032651       518.57439       1407.5775      -12.597351       -12.597351       1932.5551                 97.154598                 406.26061                        15.159188                           6.4032651             1407.5775
             12       954.07537       3.0211347       1.0465051       67.948906     0.022120264      0.11242113     0.055069132      0.99777614    0.0026643819   2.0514556e-09      0.80886988       6.4109229         518.535       1407.6154      -12.205279       -12.205279       1932.5613                 98.451192                 406.38513                        13.698675                           6.4109229             1407.6154
              3       953.38868       3.0215198       1.0474844        67.80138     0.022189586      0.11242888     0.055025616       1.0013489    0.0024471696   2.0522458e-09      0.80842891       6.3686571       518.02604       1407.2934      -12.455354       -12.455354       1931.6881                 95.967746                 406.14833                        15.909961                           6.3686571             1407.2934
              2       954.04214       3.0191976       1.0468165       68.161625     0.022701459      0.11312456     0.052137495      0.99643553    0.0040005948   2.0474856e-09      0.80842443        6.437548       517.63659       1407.1791      -11.584485       -11.584485       1931.2532                 99.706985                 405.94129                        11.988311                            6.437548             1407.1791
              4       953.24781       3.0314505       1.0483167       68.972678     0.023585338      0.11539236      0.05632145      0.99797596     0.005463913   2.0727276e-09      0.82116872       6.6614248       517.36571       1407.0148      -12.273184       -12.273184        1931.042                 99.048835                  406.4692                        11.847683                           6.6614248             1407.0148
              2       954.25215       3.0433698       1.0461055       68.495573     0.022752225      0.11474177     0.061034419      0.99836402     0.010757246   2.0975808e-09      0.82772075         7.07355       520.11172       1406.0926      -12.386808       -12.386808       1933.2779                 99.605241                 408.66071                        11.845772                             7.07355             1406.0926
              6       954.47294       3.0486697       1.0483746       68.949944     0.022931172      0.11400733     0.062529322       1.0012244     0.013169314   2.1087273e-09      0.82775871       6.9640469       520.08272       1406.8611      -12.480985       -12.480985       1933.9078                 97.749648                 409.08649                        13.246579                           6.9640469             1406.8611
             11       954.65329       3.0488872       1.0490218       68.955781     0.022965611      0.11373106      0.06343421      0.99856212     0.012379074   2.1091861e-09      0.82635053       6.9081444       520.16428       1407.1052      -12.435521       -12.435521       1934.1776                 98.840545                 409.49943                        11.824304                           6.9081444             1407.1052
              5       954.17264       3.0391567       1.0442682        67.98259     0.022085805      0.11337901     0.058827925       1.0014498     0.013661406   2.0887622e-09      0.82267719       7.2687566       520.21515       1405.7269      -12.432777       -12.432777       1933.2108                 98.131842                 408.04164                        14.041667                           7.2687566             1405.7269
              6       955.26199       3.0337447       1.0458514       67.607192     0.020673702      0.11136278     0.046049346      0.99974395     0.017935822   2.0774882e-09      0.82101887       6.6764919       522.99414       1406.0447      -12.595677       -12.595677       1935.7153                 104.89403                 407.06287                        11.037241                           6.6764919             1406.0447
             10       954.53002       3.0408615       1.0490464       68.784245     0.022300395      0.11352525     0.054648697       1.0010121     0.018231187    2.092326e-09      0.82738915       7.0100011         520.705        1406.383       -12.51898        -12.51898        1934.098                 99.670988                 407.05732                        13.976693                           7.0100011              1406.383
              2       954.07529       3.0350721       1.0492082       69.278951      0.02302152      0.11748138      0.05143596       1.0001106    0.0085714258   2.0802478e-09      0.83810733       7.1474317       519.75723       1406.4458      -12.599943       -12.599943       1933.3505                 99.993585                 406.29169                        13.471955                           7.1474317             1406.4458
             21       954.01656       3.0351497        1.049231       69.270986     0.023020665      0.11750452     0.051499787       1.0006218    0.0085561249   2.0804093e-09      0.83823251       7.1458619         519.604       1406.4232      -12.569991       -12.569991       1933.1731                 99.641353                 406.26953                        13.693115                           7.1458619             1406.4232
              1       954.38513       3.0256457         1.04688       68.235217     0.021724527      0.11713426     0.048298314       1.0030797     0.006720343   2.0607306e-09      0.83719136       6.8776691       520.00757       1405.5693      -11.842138       -11.842138       1932.4545                 97.779552                 406.23547                        15.992547                           6.8776691             1405.5693
             16       954.35425       3.0252849       1.0467728       68.279264      0.02179107      0.11702988     0.048332146       1.0030177    0.0064254726   2.0599872e-09       0.8361363       6.8507766       519.91087       1405.6916      -11.872389       -11.872389       1932.4533                  97.85359                 406.23593                        15.821347                           6.8507766             1405.6916
             23       953.89298       3.0215522       1.0471933       68.004566     0.021698269      0.11772828     0.045646186       1.0026595    0.0050688604   2.0523122e-09       0.8374081       6.8070359       519.87838       1405.1707       -12.03507        -12.03507       1931.8561                 98.244138                 406.38885                        15.245397                           6.8070359             1405.1707
             14       953.58626       3.0191594        1.047328       68.233276     0.022063312      0.11774982     0.050556112       1.0021444    0.0035460675   2.0474074e-09      0.83439246        6.690293       519.39698       1405.5513      -12.233029       -12.233029       1931.6386                 95.579366                 405.92405                        17.893568                            6.690293             1405.5513
              2       953.26262       3.0326625        1.047998       68.980789      0.02442846       0.1186422     0.050796621       1.0037589    0.0046920072   2.0752411e-09      0.83076901       8.0164374       516.09543       1405.3545      -11.470572       -11.470572       1929.4664                  98.59137                 405.66436                        11.839698                           8.0164374             1405.3545
              8       953.33188       3.0360145       1.0483006       69.097503     0.024567215      0.11899583     0.052509422       1.0038324    0.0045545183    2.082209e-09       0.8332744        8.045512       516.10317       1405.3669      -11.425918       -11.425918       1929.5156                 98.540806                 405.71577                        11.846598                            8.045512             1405.3669
              6       953.13939       3.0279078       1.0458555       69.231767      0.02532137      0.11940573     0.052684624      0.99954952   0.00013579758   2.0653974e-09      0.82539946       7.9993552       517.80865       1405.6402      -12.584687       -12.584687       1931.4482                 101.27327                 405.51481                        11.020569                           7.9993552             1405.6402
              7       953.36352       3.0093562       1.0461329       68.768023     0.025120154      0.12025953     0.050580693      0.99836104   0.00067688161   2.0274343e-09       0.8217165       9.6244829       517.21697       1404.6577      -12.386027       -12.386027       1931.4991                 96.528111                 405.25144                        15.437421                           9.6244829             1404.6577
             17       953.34895       3.0109927       1.0462867       68.815099      0.02522103      0.12022515     0.051631878      0.99834963   0.00079212952    2.030755e-09      0.82179164       9.7267862       517.04813        1404.689      -12.383023       -12.383023       1931.4639                 96.424009                 405.19697                        15.427152                           9.7267862              1404.689
             54       953.40566       3.0090446       1.0465078        68.55158     0.025046527      0.12001175     0.051677212       0.9982416   0.00012616085   2.0268028e-09      0.82031771       10.190079       516.80546       1404.5229      -12.353564       -12.353564       1931.5184                 95.937956                 405.17269                         15.69481                           10.190079             1404.5229
             34       955.58626       3.0119751       1.0462984       68.774811     0.025401548        0.120262     0.052552633      0.99471225   0.00052660106   2.0327509e-09      0.82100552       10.405593       516.90358       1404.5916      -10.364101       -10.364101       1931.9007                 98.616708                 405.31728                        12.969599                           10.405593             1404.5916
              1       953.29467       3.0117018       1.0465241       68.704326     0.025214724      0.11975718        0.052719      0.99924545   0.00063187093   2.0321954e-09      0.81974949       10.022742       516.97124       1404.7061      -12.555374       -12.555374       1931.7001                 95.588623                  405.1477                        16.234914                           10.022742             1404.7061
             27       953.51895       3.0119413       1.0464967       68.722222     0.025239635      0.11970582     0.052766424      0.99785266   0.00070331725   2.0326822e-09      0.81951519        10.01485       516.75487       1404.7323      -12.232036       -12.232036        1931.502                 96.472808                 405.17871                        15.103354                            10.01485             1404.7323
              5       954.46013       3.0140447        1.046228       68.546974     0.025589974      0.11775898     0.051972437       1.0013173    0.0017383586   2.0369622e-09      0.80897033       11.844135       517.08258       1404.9177      -12.462096       -12.462096       1933.8444                  95.61535                 405.01723                        16.449993                           11.844135             1404.9177
              7       953.34837       3.0208442       1.0468737       68.665347     0.024582595      0.11516265     0.051109943      0.99935996    0.0085885804   2.0508597e-09      0.80844465       9.3853464       516.74831       1405.6994      -12.568149       -12.568149        1931.833                 97.986693                 405.62282                        13.138802                           9.3853464             1405.6994
              1       953.50097       3.0205446       1.0469099       68.710209     0.024725298      0.11560867     0.050827515       1.0012176     0.008533039   2.0502454e-09      0.80957443       9.7186638        516.7039        1405.544      -12.482311       -12.482311       1931.9666                 96.803431                 405.47082                        14.429654                           9.7186638              1405.544
              1       952.65245       3.0222155       1.0474335       68.139507     0.024046401      0.11573505     0.051716173      0.99919529    0.0069832381    2.053674e-09      0.81351725       9.9967455       515.36327       1405.0431      -12.549117       -12.549117       1930.4031                 97.702846                 405.62053                        12.039898                           9.9967455             1405.0431
              9       952.97916       3.0192436       1.0453174        67.93801     0.023617822      0.11571432      0.04918495       0.9993622    0.0069990738   2.0475798e-09      0.81380088       9.6597486       516.52681       1404.9085      -12.568379       -12.568379       1931.0951                 98.894899                  405.7563                        11.875612                           9.6597486             1404.9085
             12       953.70133       3.0237026        1.046084       68.566776     0.024136519      0.11755767     0.046681807       1.0030418     0.007645247   2.0567303e-09      0.82284872       9.1560538       517.04507       1404.9229      -11.860695       -11.860695       1931.1241                 98.890481                 406.09227                        12.062322                           9.1560538             1404.9229
              2       953.86398       3.0281615       1.0463121       68.652732     0.024235231      0.11864182     0.047348941      0.99986185    0.0068408483   2.0659215e-09      0.82912578       9.2628792       518.93778       1404.7261      -12.599395       -12.599395       1932.9268                 101.73933                 406.16651                        11.031939                           9.2628792             1404.7261
              2       953.85407       3.0172436       1.0469695       68.901547     0.023246479      0.12055487     0.048417591       1.0009488     0.002872607   2.0434887e-09      0.83996551       6.9732011       520.63042       1405.1623      -12.528909       -12.528909        1932.766                 97.054033                 405.85792                        17.718469                           6.9732011             1405.1623
              9       953.98048         3.01362       1.0477996        67.43925     0.021929648      0.12196193     0.051682002       1.0017344    0.0010767106   2.0360974e-09      0.84883805       8.3332072       520.78984       1403.5584      -12.360264       -12.360264       1932.6815                 92.797614                  405.8558                         22.13643                           8.3332072             1403.5584
              3       954.02369       3.0134604       1.0478623       67.456759     0.021945581      0.12202952     0.051496673         1.00175    0.0011017375   2.0357723e-09      0.84904117       8.3400664       520.86383       1403.5554      -12.355935       -12.355935       1932.7593                 92.799764                 405.84706                        22.217004                           8.3400664             1403.5554
              5       953.52589       3.0094085       1.0494113       67.776965     0.022411846        0.121766     0.051757356       1.0011993   7.7915402e-05   2.0275403e-09      0.84432984       7.8060516       520.34697       1403.8704      -12.485849       -12.485849       1932.0235                 91.786231                 405.63959                        22.921154                           7.8060516             1403.8704
              7       953.52738       3.0089206       1.0497556       67.647985     0.022089164      0.12117186     0.052128111       1.0010026    0.0003495831   2.0265514e-09      0.84347497       7.5324368       520.62165       1403.9417      -12.520509       -12.520509       1932.0958                 91.330813                 405.74133                         23.54951                           7.5324368             1403.9417
              3       953.77927       3.0163141       1.0442057       68.653069     0.024668024      0.12095398     0.053736365       1.0015382     0.002121336   2.0415901e-09      0.82996676       9.6956902       518.37396       1404.3122      -12.411634       -12.411634       1932.3818                 95.071892                 405.38551                        17.916556                           9.6956902             1404.3122
              5       953.57049       3.0104122       1.0480622        68.16757     0.024782623      0.12020472     0.052789232        1.000295    0.0026710815   2.0295763e-09      0.82334098       12.697534       515.73344       1403.8979      -12.593961       -12.593961       1932.3289                 92.725221                  405.1446                         17.86362                           12.697534             1403.8979
              3        953.8461       3.0238684       1.0484924       68.963429     0.025169347      0.11977408     0.060614428      0.99979139    0.0044258749   2.0570713e-09      0.82739076       10.034555       518.14512       1404.7074       -12.59744        -12.59744       1932.8871                 92.737886                 406.65116                        18.756079                           10.034555             1404.7074
              2       954.96672       3.0274315        1.046262        68.47266     0.024500914      0.11799587     0.061809621      0.99633575    0.0057785913    2.064414e-09      0.82331197       10.214221       518.06628       1404.7065      -11.526785       -11.526785        1932.987                 95.990859                 407.59534                        14.480079                           10.214221             1404.7065
              8       955.12634       3.0223515       1.0453555       68.263388     0.023986093      0.11749828     0.059714859      0.99607665    0.0069796974   2.0539534e-09      0.82172806       9.8715929       518.47922       1404.6409      -11.369506       -11.369506       1932.9917                 95.697038                 407.10118                        15.681001                           9.8715929             1404.6409
              3       957.54836       3.0234078       1.0427517       68.515767     0.023761893      0.11533573     0.060267792       0.9939079    0.0074963854   2.0561242e-09      0.81374479       7.7630845       520.75076       1405.8465       -9.631824        -9.631824       1934.3604                 98.680516                 407.54406                        14.526184                           7.7630845             1405.8465
              1       959.63516         3.01369        1.039404       68.910943     0.024784379      0.11669805     0.056080243      0.99379468     0.010388832   2.0362398e-09      0.80996086       9.8764709       523.21932       1405.2154      -9.5204377       -9.5204377       1938.3112                 99.091666                 406.10197                        18.025683                           9.8764709             1405.2154
             11       959.46676       3.0261317       1.0391861       69.600872     0.025621986      0.11642498     0.057738658      0.99451866     0.013494567   2.0617325e-09      0.81077313       9.9921464       523.61029       1405.7257      -10.197313       -10.197313       1939.3281                 101.89292                 406.54413                        15.173237                           9.9921464             1405.7257
             14       957.95322       3.0185883       1.0389992       69.470743      0.02554724      0.11690037     0.055802005      0.99938255     0.011281691   2.0462385e-09      0.80951258       9.8187357       525.61032       1405.6182      -12.570422       -12.570422       1941.0473                 97.660332                 405.78453                        22.165457                           9.8187357             1405.6182
              6       958.48979        3.018345       1.0388185       69.563059     0.025613946      0.11688744     0.054589147       1.0006531     0.012233806   2.0457406e-09      0.80932021        9.877921       526.60111       1405.6342      -12.566799       -12.566799       1942.1132                 97.579716                 405.63013                        23.391258                            9.877921             1405.6342
              2        956.4204       3.0484611       1.0391712       68.869902     0.024189347      0.11494218     0.062259658       1.0016296      0.01527284   2.1082876e-09      0.82077951       9.4617638       522.65726       1405.4987      -12.388481       -12.388481       1937.6178                 101.53859                  408.6492                        12.469464                           9.4617638             1405.4987
              1       955.02415       3.0431392        1.044074        68.46059     0.022966864      0.11365069     0.064123296      0.99914918     0.012270907   2.0970972e-09       0.8205593       7.2929865       521.61681       1406.2245      -12.543011       -12.543011       1935.1343                 98.271846                  409.7456                        13.599368                           7.2929865             1406.2245
              4       955.11445       3.0376823       1.0439836       68.292744     0.022507685      0.11477603     0.060911193       1.0021735     0.012303086   2.0856848e-09      0.82626225       7.2728619       521.75235       1405.6497      -12.222996       -12.222996       1934.6749                 96.121334                 408.46415                        17.166874                           7.2728619             1405.6497
             10       956.42194        3.008162       1.0464013       66.880435     0.020138723       0.1172606     0.052465241       1.0011532    0.0066562878   2.0250145e-09      0.83712458       6.8032867       526.84982       1404.1798      -12.494527       -12.494527       1937.8329                 90.644756                 406.60224                        29.602822                           6.8032867             1404.1798
              1       956.05269       3.0126839       1.0466844       65.841719     0.020847326        0.118365     0.062424054      0.99786781    0.0017529228   2.0341922e-09       0.8345357       10.971941       522.42447       1403.1834      -12.237222       -12.237222       1936.5798                 89.668841                 409.49146                        23.264172                           10.971941             1403.1834
              5       956.34816       3.0139938       1.0467545       65.951044     0.021007515      0.11833777     0.062735871       1.0011796    0.0020438644   2.0368586e-09      0.83430887       11.026287       523.43171       1403.2175       -12.48961        -12.48961       1937.6755                 87.865317                 409.35732                        26.209075                           11.026287             1403.2175
             10       956.54521        3.014629       1.0466021       65.967811     0.021075119      0.11835183     0.063463988       1.0011386    0.0018135236   2.0381527e-09      0.83412099       11.088193       523.77241       1403.2242      -12.497203       -12.497203       1938.0848                 87.871081                 409.67417                        26.227158                           11.088193             1403.2242
              1         956.009       3.0142311       1.0466443       65.909494     0.021010754      0.11833664     0.063587499      0.99799251    0.0007208268   2.0373419e-09      0.83390634       10.739165       522.59555       1403.2403      -12.278522       -12.278522        1936.575                 89.931265                 409.92144                        22.742845                           10.739165             1403.2403
             12       952.88024       3.0019397       1.0495523       65.581153     0.020672563      0.11773604     0.051654913      0.99891239   0.00060009273   2.0124536e-09      0.82829435       10.994136       516.59635       1403.1826       -12.50629        -12.50629       1930.7731                 90.484935                 405.87374                        20.237676                           10.994136             1403.1826
              5       954.44795        3.004011       1.0493772       65.622323     0.020700403      0.11774481     0.052091739       1.0035893    0.0012495501   2.0166262e-09      0.82922354       11.143553       517.71372       1403.1791       -11.57026        -11.57026       1932.0364                 87.977581                 405.77409                        23.962049                           11.143553             1403.1791
              3       954.47036       3.0038086       1.0489463       65.689256     0.020760829      0.11792482     0.051972627       1.0035874    0.0011365413   2.0162181e-09       0.8295804       11.003861       517.89117       1403.1884      -11.571363       -11.571363       1932.0834                 88.173481                 405.74659                        23.971106                           11.003861             1403.1884
             17       953.11101       3.0040816       1.0491184       65.730074     0.020789027      0.11790179     0.052185892       0.9978112    0.0014476022   2.0167685e-09      0.82965651       10.984368       516.47273       1403.2002      -12.217655       -12.217655       1930.6573                 91.425329                 406.03371                        19.013688                           10.984368             1403.2002
             22       953.30372       3.0167608       1.0488665       65.882996     0.020898857      0.11744475      0.05751892      0.99809509    0.0028130821   2.0425024e-09      0.83288041       10.932441       517.00319       1403.2931      -12.310626       -12.310626       1931.2287                  92.14853                 407.54368                        17.310978                           10.932441             1403.2931
              5       953.40614       3.0069665       1.0472108       65.695006     0.020490746       0.1184118     0.052015705      0.99813432    0.0017572642   2.0225951e-09      0.83451559       10.528711       517.78401       1403.1445      -12.322462       -12.322462       1931.4572                 92.699045                 406.27273                        18.812238                           10.528711             1403.1445
             22       955.20155       3.0061186       1.0469003       65.011833     0.019903183      0.11826134     0.054351786       0.9965177   0.00018459179   2.0208808e-09      0.83480943       11.710264       518.97406       1402.9804      -11.630808       -11.630808       1933.6647                 92.598302                 407.03989                         19.33586                           11.710264             1402.9804
              2        954.2923       3.0105529        1.044947         66.5065     0.022148745      0.11854679     0.055013298      0.99657793   0.00031366485    2.029862e-09      0.82684822       11.214353       517.24674       1403.4516      -11.664076       -11.664076       1931.9127                 95.300987                 406.26733                        15.678429                           11.214353             1403.4516
             25       953.55926       3.0074119        1.044928       65.987136     0.021748419      0.11677447     0.052619141      0.99947003   0.00074008492   2.0234963e-09      0.81882721        12.26825       516.57946       1403.4277      -12.578452       -12.578452       1932.2754                 93.792708                 405.73993                         17.04682                            12.26825             1403.4277
              9        953.8265       3.0051973       1.0452666        65.53812     0.021172035      0.11642018     0.052137429      0.99940354   0.00046533315   2.0190199e-09      0.81886666       12.591264       516.92815       1403.2785      -12.572461       -12.572461       1932.7979                 93.201912                  405.8055                        17.920737                           12.591264             1403.2785
             10       952.09017       3.0044345       1.0488745       66.097855     0.020709164      0.11701844      0.05029268      0.99935024     0.001823338   2.0174803e-09      0.82767325       8.5949084       517.09952       1403.6202      -12.567147       -12.567147       1929.3146                 91.921087                 405.86855                        19.309882                           8.5949084             1403.6202
              5       952.12647       3.0044899       1.0488063       66.068132     0.020699125      0.11705989     0.050270513      0.99897335    0.0017962895   2.0175921e-09      0.82782562       8.7023991       516.99487       1403.5889      -12.516601       -12.516601       1929.2861                 92.188739                 405.87458                        18.931544                           8.7023991             1403.5889
             38       952.35202       3.0069418        1.048777       66.186101     0.020773544      0.11710338     0.050635668       1.0017482    0.0020908077   2.0225453e-09      0.82896038        8.532828       517.23209        1403.652      -12.356431       -12.356431       1929.4169                 91.024829                 405.82526                           20.382                            8.532828              1403.652
              6       952.90666       3.0053104       1.0485221        65.83858      0.02020859      0.11622963     0.050947153       1.0014152    0.0034910936   2.0192482e-09      0.82741124       8.5739371       518.54914       1403.5716      -12.440699       -12.440699       1930.6947                 90.254089                 406.04318                        22.251867                           8.5739371             1403.5716
              4       954.22867       2.9970355       1.0474351       65.907061     0.020287487      0.11636314     0.050053911      0.99567775    0.0010150419   2.0026082e-09      0.82337006        7.776916       519.16158       1403.7316      -11.106371       -11.106371       1930.6701                 92.949047                 405.99657                        20.215966                            7.776916             1403.7316
              7        954.1248       3.0198477       1.0440579       66.701887     0.021506556      0.11060147     0.054479284      0.99848487    0.0022828217   2.0488171e-09      0.79956333       6.9273427       519.77558       1406.3812      -12.417273       -12.417273       1933.0841                 99.012498                 406.33131                        14.431774                           6.9273427             1406.3812
              1        953.5834       3.0179283       1.0439559       66.551837     0.021198169      0.11100099     0.053507577      0.99911638      0.00324802   2.0448884e-09       0.8025127       6.9681847       519.33859        1405.937      -12.538459       -12.538459       1932.2437                 98.020836                 406.28153                        15.036226                           6.9681847              1405.937
             10       953.08236       3.0249475       1.0431619       66.670689     0.021311665      0.11208758     0.054789065       1.0002725    0.0028402396   2.0592923e-09      0.80965655       6.9711883       518.71573       1405.6678      -12.594981       -12.594981       1931.3547                  99.03489                 406.60129                        13.079549                           6.9711883             1405.6678
              3       952.63173       3.0290934       1.0459699       66.367928     0.021400346      0.11530946      0.05569092       1.0010994    0.0051150631   2.0678476e-09      0.82605267       9.9076791       516.45163       1403.9126      -12.504232       -12.504232       1930.2719                  96.43659                 406.94716                        13.067886                           9.9076791             1403.9126
              3       954.19973       3.0400684       1.0467974         65.7579     0.019047625      0.11201117     0.055927478      0.99889249    0.0098644642   2.0906673e-09      0.83132291       7.0977393       521.84778       1404.4595      -12.502796       -12.502796       1933.4051                 99.945975                 408.79392                        13.107883                           7.0977393             1404.4595
              8       953.54027       3.0264088       1.0479016       65.148292     0.018531998       0.1121852     0.052929397      0.99764369    0.0058671677   2.0623038e-09      0.82771206       6.9128487       520.34251       1404.1387      -12.156748       -12.156748        1931.394                 98.041673                 407.77178                        14.529052                           6.9128487             1404.1387
             14       952.25531       3.0228243       1.0493513       65.300486     0.018742393      0.11056254     0.051426134      0.99950792    0.0060551414   2.0549248e-09      0.81813118       6.5260515       518.36368        1404.784       -12.58155        -12.58155       1929.6737                 96.481922                 407.05131                        14.830455                           6.5260515              1404.784
              3       952.09972       3.0208772       1.0481728       66.425168     0.019933679      0.11160819     0.050358427      0.99998751    0.0074399341   2.0509275e-09      0.81716753       6.3703103       517.52563       1405.5053      -12.600909       -12.600909       1929.4013                 96.729693                  406.5114                        14.284536                           6.3703103             1405.5053
              4       951.88795       3.0245221       1.0471881       66.767841      0.02082214      0.11322915     0.051404689       1.0004943    0.0057435447   2.0584165e-09      0.82036896       6.7648736       516.94079        1405.233      -12.581376       -12.581376       1928.9387                 97.644273                 406.36745                         12.92906                           6.7648736              1405.233
             25       951.98191       3.0215561       1.0476702       66.866262     0.020996847      0.11350308     0.047428761       1.0010753    0.0055642035   2.0523202e-09      0.81962369       6.7914857       516.95745       1405.2317      -12.508428       -12.508428       1928.9807                 98.420506                 406.21148                        12.325469                           6.7914857             1405.2317
              6       953.41594       3.0319465       1.0480591       66.195314      0.02173747      0.11487329     0.055536496        1.000946    0.0080462802   2.0737558e-09       0.8236728       13.322013       514.97658        1403.592      -12.529328       -12.529328       1931.8905                 96.043529                 406.81909                        12.113956                           13.322013              1403.592
             28       953.89778        3.023944        1.048075       65.008537      0.02035062      0.11397695     0.055925403       1.0002887    0.0055454183   2.0572269e-09       0.8215331        13.97171       515.76741        1403.245      -12.594256       -12.594256       1932.9841                 93.824171                 407.27064                        14.672607                            13.97171              1403.245
              7       953.77467       3.0246008       1.0486597       65.330259     0.020899901      0.11518864     0.056668477       1.0003366    0.0045508266   2.0585786e-09      0.82448724        14.35156       515.16168       1403.2198      -12.591856       -12.591856       1932.7331                 93.551909                 407.24498                        14.364789                            14.35156             1403.2198
              2       953.70956       3.0220602       1.0484102       65.508969      0.02129675      0.11609574     0.055249905        1.000454     0.003227899   2.0533552e-09      0.82499386       14.724214       514.67431       1403.1895      -12.584431       -12.584431        1932.588                 93.872352                 406.63257                        14.169386                           14.724214             1403.1895
             12       953.78453       3.0301149       1.0496927       66.605244     0.022901394      0.11606837     0.058379078      0.99890392    0.0049839618    2.069961e-09      0.82155819       14.771756       514.18113       1403.6258       -12.50481        -12.50481       1932.5787                 95.247105                 406.95032                        11.983706                           14.771756             1403.6258
             22       954.74564       3.0249228       1.0497061       65.943846     0.022211891      0.11561271      0.05395131       1.0039298    0.0049249402   2.0592416e-09      0.81992596       16.480454       512.41284       1403.3289      -11.365452       -11.365452       1932.2222                 92.724749                 405.87401                        13.814087                           16.480454             1403.3289
              2       955.66318       3.0175411       1.0483896       65.333245     0.021701853      0.11543154     0.053424776       1.0034478    0.0027512605   2.0440968e-09      0.81668368        17.78932       513.69272       1403.1442      -11.649957       -11.649957       1934.6263                 91.975393                 405.75575                        15.961576                            17.78932             1403.1442
              1       954.70394       3.0392813       1.0483382        65.39417     0.020733688      0.11029162     0.059017467       1.0020685    0.0097533016   2.0890225e-09      0.81025403       12.933703       516.94908       1404.0424      -12.258629       -12.258629       1933.9251                 95.995915                 408.28139                        12.671769                           12.933703             1404.0424
              3       955.22849       3.0404098       1.0484235         65.0683     0.020384916      0.11040714     0.059458436      0.99946857    0.0094525299   2.0913813e-09      0.81265186       13.647468       518.18249       1403.7837      -12.578329       -12.578329       1935.6136                 97.539001                 408.82813                        11.815365                           13.647468             1403.7837
              3       954.72568        3.034615        1.047564       64.875824     0.019801039      0.11066962     0.055424134      0.99961197     0.011208244    2.079297e-09      0.81516166       13.286245       517.76341       1403.5795      -12.588877       -12.588877       1934.6291                 97.770675                  407.7698                        12.222932                           13.286245             1403.5795
              4       955.15091       3.0276701       1.0477341       64.272167     0.019222319      0.10999626     0.051121983       1.0012487     0.010827846   2.0649066e-09      0.81134406       14.566283       517.31581       1403.3721      -12.476179       -12.476179       1935.2542                 96.864826                 406.81596                        13.635029                           14.566283             1403.3721
              1       954.97459       3.0134971       1.0498585       65.263677     0.021745463      0.11380827      0.05156718       1.0004446    0.0025600705   2.0358471e-09      0.80760988       17.547654       514.23581       1403.3359      -12.585108       -12.585108       1935.1194                  93.38488                 405.51393                        15.337002                           17.547654             1403.3359
              1       954.99582       3.0117631       1.0496787       65.450748      0.02201299      0.11477306     0.050574651      0.99994212    0.0033657195     2.03232e-09      0.81017886       18.474664       513.48395       1403.2343      -12.600654       -12.600654       1935.1929                 93.392235                  405.4571                        14.634618                           18.474664             1403.2343
             10       953.98845       2.9947871       1.0471964       65.858135     0.021486005      0.11556608     0.041809252       1.0022515   0.00018573375   1.9981105e-09      0.81027917       11.199521       517.52353       1403.6446      -12.195388       -12.195388       1932.3677                 93.391683                 406.50203                        17.629825                           11.199521             1403.6446
              3       954.05853       3.0019546       1.0453315       65.956155     0.021930336      0.11434387     0.044891033       1.0007504   8.0056437e-05   2.0124835e-09      0.80441082       11.825918       517.46643       1403.9364      -12.555871       -12.555871       1933.2288                 96.117039                 405.87965                        15.469744                           11.825918             1403.9364
              9       953.88314       3.0041909       1.0458115       66.152833      0.02228059      0.11470963     0.045281542       1.0000888   0.00029500499   2.0169889e-09      0.80540326        12.23582       516.78412       1403.9469      -12.600291       -12.600291       1932.9669                  96.80316                 405.84899                        14.131973                            12.23582             1403.9469
              4       953.87387       3.0043459       1.0457985       66.158773     0.022288643      0.11468371     0.045332725       1.0000903   0.00033408008   2.0173016e-09      0.80531766       12.235653       516.75737       1403.9553      -12.600269       -12.600269       1932.9483                  96.82336                 405.81831                        14.115699                           12.235653             1403.9553
              9       953.80265       3.0048627       1.0458528       66.149831     0.022233839      0.11470576     0.045152797       1.0001688   0.00081366884   2.0183444e-09      0.80608156       12.284605       516.59744       1403.9205      -12.598643       -12.598643       1932.8026                 96.836453                 405.87411                        13.886877                           12.284605             1403.9205
              7       954.57915       3.0007856       1.0458954        65.43693     0.021296404      0.11366388     0.043644407       1.0012924    0.0012222848   2.0101322e-09      0.80394748       12.893734       517.53841       1403.6607      -12.467292       -12.467292       1934.0929                  95.33727                 406.09705                        16.104096                           12.893734             1403.6607
              3       955.39636       2.9988783       1.0442881       66.254738     0.022217613       0.1125465     0.044112593       1.0003683   0.00062728722   2.0063019e-09      0.79382366       10.671907       520.57715       1404.7238      -12.590072       -12.590072       1935.9729                 96.776957                  406.0396                        17.760593                           10.671907             1404.7238
              2       954.65534       2.9978064        1.044761       66.225749      0.02175273      0.11253469     0.045218202       0.9999477     0.001068621   2.0041525e-09      0.79660618       9.3345473       520.36983       1404.8077      -12.600703       -12.600703       1934.5121                 95.647588                 405.84681                        18.875434                           9.3345473             1404.8077
              8       955.00581       3.0332204       1.0407632       66.014536     0.021172554      0.11012528     0.057670804       1.0011682    0.0072784766   2.0763994e-09      0.80302402       9.7298725       520.29097       1404.9743      -12.491749       -12.491749       1934.9951                 99.514863                 407.62938                        13.146725                           9.7298725             1404.9743
              1       955.27114       3.0342655       1.0408974       66.101283     0.021348719      0.10971973     0.057931495      0.99936448    0.0075993078   2.0785705e-09      0.80067522        9.848188       520.67076       1405.1606      -12.568611       -12.568611       1935.6795                 100.88586                 407.73857                        12.046322                            9.848188             1405.1606
              2        955.1835       3.0377017       1.0399537       67.308159     0.022495108      0.11113378     0.055067918      0.99984577     0.013905859   2.0857251e-09      0.80541336       9.9775842       520.23152       1405.3559      -12.599019       -12.599019        1935.565                 103.26562                 406.85861                        10.107288                           9.9775842             1405.3559
              3       955.09051       3.0376611       1.0400138       67.316268     0.022500604      0.11115941     0.055289406       1.0001008     0.013763523   2.0856404e-09      0.80549411       9.9152116       520.09402        1405.372       -12.60011        -12.60011       1935.3812                 102.92363                 406.87203                         10.29836                           9.9152116              1405.372
             18       955.37254       3.0396466        1.040498       66.175779     0.021315444      0.11176779     0.056843723      0.99947993     0.010584623   2.0897856e-09      0.81346806       11.207548       520.40575       1404.2904      -12.579284       -12.579284       1935.9037                 102.26781                 407.78894                        10.348997                           11.207548             1404.2904
              6       954.09657       3.0423833       1.0446864       66.527235      0.02170742      0.11131759     0.058569778       1.0012727     0.010188148   2.0955127e-09      0.81199708       10.273979       518.05826       1404.8036      -12.471332       -12.471332       1933.1358                 99.526007                 407.89047                        10.641781                           10.273979             1404.8036
              7       954.83405       3.0316469       1.0425797       66.565591     0.021999656      0.11205048     0.059143557      0.99801054    0.0076956521   2.0731346e-09      0.80802553       10.441398       519.05766       1404.7376      -12.284286       -12.284286       1934.2367                  99.16018                 407.87827                        12.019214                           10.441398             1404.7376
              8       954.77383       3.0316159       1.0425721       66.368005     0.021720422      0.11153157     0.058588142      0.99811521    0.0074812811   2.0730704e-09      0.80685828       10.280598       519.14151        1404.759      -12.316727       -12.316727       1934.1811                 99.435498                 407.77187                        11.934145                           10.280598              1404.759
              4       954.79444       3.0361337       1.0418626       66.495631      0.02185278      0.11309936     0.060724332      0.99849087     0.004929462   2.0824574e-09      0.81470499       9.7449305       520.08826       1404.5931      -12.418723       -12.418723       1934.4263                 100.09042                 408.65268                        11.345155                           9.7449305             1404.5931
              2       953.88901       3.0319032       1.0422412       66.913177     0.021658566      0.11286043     0.059997535       1.0014138    0.0045936698   2.0736662e-09      0.81450168       7.4172794       519.83745       1405.4053      -12.441006       -12.441006         1932.66                  97.45996                 408.17822                         14.19927                           7.4172794             1405.4053
             19       955.07764       3.0323315       1.0418088       66.349339     0.020857453      0.11195053     0.061034874       1.0029726     0.005212675   2.0745544e-09      0.81428485       7.4710802       521.35116        1405.121      -11.893996       -11.893996       1933.9433                 95.960394                 408.97684                        16.413928                           7.4710802              1405.121
              4       955.36239       3.0332329        1.040238       66.095074     0.021339583      0.11402117     0.056184258        1.004521    0.0052031857   2.0764254e-09      0.81964051       10.643795       518.04735       1403.9651      -10.965744       -10.965744       1932.6563                 98.004587                  407.1204                        12.922364                           10.643795             1403.9651
              1       956.34577       3.0267732       1.0413678       66.190615     0.021381667      0.11414322     0.053404653        1.003791    0.0053480238   2.0630555e-09      0.81794703       10.329041       521.24992        1404.015      -11.451207       -11.451207       1935.5939                 101.48623                  406.3622                        13.401487                           10.329041              1404.015
              8       954.81653       3.0264946       1.0415876       65.820985     0.020933799      0.11273523     0.051816948       1.0044416    0.0053021266   2.0624808e-09      0.81336975       10.210592        517.3538       1404.1141      -11.022727       -11.022727       1931.6785                 97.895312                 406.19802                        13.260468                           10.210592             1404.1141
              5       953.79374       3.0284129       1.0416268         66.1192     0.021108112      0.11340098     0.051633803       1.0000117    0.0055376934    2.066441e-09      0.81699776       9.5659581       519.02028       1404.2031      -12.600911       -12.600911       1932.7893                  101.3153                 406.39133                        11.313651                           9.5659581             1404.2031
              3       954.50951       3.0336358       1.0416461        66.31336     0.021326908      0.11215702      0.05198614      0.99944544    0.0066363097   2.0772621e-09      0.81268399       9.2150772       520.27418       1404.6824      -12.576318       -12.576318       1934.1717                 103.32574                 406.52973                        10.418707                           9.2150772             1404.6824
              2       955.15835       3.0362445       1.0393266       66.694574     0.021723949      0.11254853     0.052486155      0.99938881    0.0080880828   2.0826881e-09      0.81356908        9.201534       521.45377       1404.8035      -12.571038       -12.571038       1935.4588                 104.78224                  406.6063                        10.065224                            9.201534             1404.8035
              1       955.27788       3.0478392       1.0472216       68.458926     0.022911166      0.11297228      0.05307032      0.99997221    0.0085030365   2.1069768e-09      0.81985941       6.7960062       521.87157       1407.0899       -12.60086        -12.60086       1935.7575                 105.00325                 406.54151                        10.326808                           6.7960062             1407.0899
              6       954.27904       3.0368757       1.0476549       68.115054     0.022490236       0.1130134     0.049850053       1.0044577    0.0056928048    2.084003e-09      0.81701969       6.5747657       517.00518       1407.0007      -11.011255       -11.011255       1930.5806                 100.63842                 406.06024                        10.306522                           6.5747657             1407.0007
              2       954.33104        3.036994       1.0476772       67.914941     0.022245568      0.11238229     0.049791436       1.0044677    0.0056216995   2.0842496e-09      0.81516829       6.5422211       517.07609       1407.0519      -11.004064       -11.004064       1930.6702                 100.78242                 406.06932                         10.22435                           6.5422211             1407.0519
              1       954.80106       3.0336662        1.047224       67.867816     0.022226882      0.11244398     0.048925217        1.005383    0.0049291175   2.0773253e-09      0.81380434       6.5018981       516.63035       1407.0355      -10.282794       -10.282794       1930.1677                 99.986608                 405.99114                        10.652597                           6.5018981             1407.0355
              3       954.97269       3.0354351       1.0469448       67.957962     0.022292027      0.11234367     0.049902624       1.0053578    0.0047374487   2.0810031e-09      0.81373433       6.4928992       516.79453       1407.2669      -10.304457       -10.304457       1930.5543                 100.26164                  405.9838                        10.549092                           6.4928992             1407.2669
              2       955.56255       3.0325098        1.045089       66.987282     0.020464251      0.11146501     0.050116431      0.99687348    0.0074484934   2.0749245e-09       0.8182286       6.3846321       522.05711       1406.3212       -11.81891        -11.81891       1934.7629                 104.24342                 406.79543                        11.018257                           6.3846321             1406.3212
              1       953.67452       3.0199502       1.0443725       66.352813     0.019687824      0.11525102      0.04498774       1.0001646    0.0071009208   2.0490271e-09      0.83389141       6.8652657       521.44953       1404.2318      -12.598754       -12.598754       1932.5465                 100.04418                 406.77439                        14.630969                           6.8652657             1404.2318
              1       952.99389       3.0110676        1.046612       66.897225     0.020723793      0.11650952     0.047840248      0.99858445    0.0070769673    2.030907e-09       0.8310643       7.2088693       519.44655       1404.2136      -12.440618       -12.440618        1930.869                 95.772561                 406.25836                        17.415631                           7.2088693             1404.2136
              2       952.54071        3.023569       1.0497483       65.849579     0.020330827      0.11568661     0.053239481      0.99932041     0.008464269   2.0564556e-09      0.83323356       10.556557       516.24059       1403.4122      -12.563975       -12.563975       1930.2094                 94.329163                 406.90173                        15.009695                           10.556557             1403.4122
              7       952.58489       3.0249261       1.0491595       66.068232     0.020850979      0.11644706      0.05431947       1.0008504     0.007693455   2.0592483e-09      0.83395392        11.24068       515.63284       1403.3824      -12.543063       -12.543063       1930.2559                  93.56705                 406.85202                        15.213763                            11.24068             1403.3824
             21       952.60329       3.0241324       1.0495029        66.04986     0.021038534      0.11671578     0.054591087        1.000806    0.0068835176   2.0576146e-09      0.83339671       11.854824        515.1199       1403.3297      -12.548952       -12.548952       1930.3045                 93.187566                 406.79168                        15.140655                           11.854824             1403.3297
              9       952.29716       3.0293425        1.048909       66.898181     0.022367838      0.11443245     0.055846767       1.0001136    0.0080252312   2.0683629e-09      0.81869674       10.996223       514.53367       1404.2642       -12.59989        -12.59989       1929.7941                 95.693279                 406.57212                        12.268276                           10.996223             1404.2642
              1       953.32644       3.0292852       1.0486851        66.54099     0.022492405      0.11716374     0.054368367       1.0011008    0.0044565524   2.0682444e-09      0.82832099       13.727115       514.46813       1403.4656      -12.503984       -12.503984       1931.6609                 96.018001                 406.15792                        12.292205                           13.727115             1403.4656
              6       953.38582       3.0270551       1.0498107       65.888384     0.021816291      0.11568047     0.053651874       1.0008728    0.0037421281    2.063637e-09      0.82340211       14.293719       514.16131       1403.3966      -12.539978       -12.539978       1931.8516                 95.588708                 406.14926                        12.423348                           14.293719             1403.3966
              7       955.73462       3.0323778       1.0483672       65.863528     0.022317555        0.115426     0.055688137       1.0012234    0.0073091499   2.0746504e-09      0.82127647       19.247321       513.98065       1403.2037      -12.481188       -12.481188       1936.4316                 95.758047                 406.51761                        11.704987                           19.247321             1403.2037
             12       955.70301       3.0332031        1.048384       66.008659     0.022473197      0.11573175     0.056126147       1.0012125    0.0076328151   2.0763634e-09       0.8224896       19.182644       513.97797        1403.212      -12.483306       -12.483306       1936.3726                 95.748707                  406.5715                        11.657766                           19.182644              1403.212
              3       955.50947       3.0363989       1.0485473       65.743673     0.021706191      0.11485876     0.057442755       1.0006806    0.0093182508   2.0830096e-09      0.82465592       17.666029        515.2543       1403.2263      -12.563859       -12.563859       1936.1467                 95.946921                 407.45686                         11.85052                           17.666029             1403.2263
             10       955.29468        3.031854       1.0467916       65.640465     0.021495141      0.11184049     0.058515089      0.99900623    0.0089809612   2.0735641e-09      0.80936542       15.229255       516.64588       1403.7581      -12.521916       -12.521916       1935.6332                 96.452795                 407.72277                        12.470312                           15.229255             1403.7581
              3       954.75441       3.0264799       1.0468265       65.980222     0.022193107      0.11507926       0.0572938       1.0008192    0.0063322605   2.0624504e-09      0.81780117       16.530617       514.68785       1403.3848      -12.547234       -12.547234       1934.6033                 94.303633                 406.85992                          13.5243                           16.530617             1403.3848
              3       954.91942       3.0035835       1.0487018       65.186393     0.020769364      0.11677904     0.042321693       1.0015072    0.0054884434   2.0157642e-09      0.82360276       16.351852       515.33032       1402.9951      -12.419194       -12.419194       1934.6772                 93.573965                 406.53472                        15.221636                           16.351852             1402.9951
             14       953.40037       3.0181779       1.0498066       67.250613     0.021816128       0.1193451     0.045673397      0.99909038    0.0077842236   2.0453988e-09      0.84155771       9.6137622       518.68154       1403.5749       -12.53473        -12.53473       1931.8702                 97.122731                 406.36625                        15.192551                           9.6137622             1403.5749
             11       952.89591       3.0213633       1.0473675       67.314513     0.021692803      0.11819838      0.04757906       1.0001219    0.0074776075   2.0519247e-09      0.83792224       8.5009215       518.55523       1403.9351      -12.599734       -12.599734       1930.9913                 97.721155                 406.22389                        14.610176                           8.5009215             1403.9351
              1        952.8994       3.0235643       1.0463995       67.101695     0.021678965      0.11933601      0.05406868      0.99953581    0.0027362868   2.0564458e-09      0.84196279       8.4413788       518.75663       1403.7682      -12.583684       -12.583684       1930.9662                 96.397801                 406.60918                        15.749644                           8.4413788             1403.7682
              5       953.98419       3.0243466       1.0458498       66.789754     0.021129526       0.1174808     0.054630021      0.99743344    0.0038989341   2.0580553e-09      0.83685484       7.9786464       520.18022       1403.9574      -12.073944       -12.073944       1932.1163                 98.648887                 407.03297                        14.498363                           7.9786464             1403.9574
              2       952.98628       3.0198558       1.0445537       68.434333     0.023753322      0.11759785     0.054803348      0.99878627     0.003452668   2.0488337e-09      0.82219417       7.6858945       517.96588       1405.2869      -12.483071       -12.483071       1930.9387                 97.253288                 405.91668                        14.795914                           7.6858945             1405.2869
              6       953.00733       3.0167917       1.0449923       68.315422     0.023538227      0.11726099     0.054483454      0.99941181    0.0038309228   2.0425655e-09       0.8207145       7.6154503       518.27707       1405.2686      -12.573244       -12.573244       1931.1612                 95.817919                 405.80966                        16.649495                           7.6154503             1405.2686
              1       952.96363       3.0186032       1.0444521       68.249264     0.023532638      0.11724758     0.054968839       1.0000691    0.0033904489   2.0462689e-09      0.82096567       7.7123345       518.19454       1405.2215       -12.60054        -12.60054       1931.1283                 96.053981                 405.89064                        16.249926                           7.7123345             1405.2215
             20       954.27138       3.0342306       1.0475159        67.98431     0.023316524      0.11709573     0.062686095       1.0039371    0.0042247092   2.0784979e-09      0.82854659       8.4671938       517.92172       1404.8756       -11.36086        -11.36086       1931.2645                 92.688852                 408.19738                        17.035487                           8.4671938             1404.8756
             25       955.54339       3.0473829       1.0431566       66.889352      0.02211199      0.10947333     0.060807564       0.9992052    0.0058566902   2.1060155e-09      0.80209725       8.0289868        521.6448       1406.5138      -12.550385       -12.550385       1936.1876                  103.5604                 408.49596                        9.5884395                           8.0289868             1406.5138
              4       954.90803       3.0521415       1.0458934       67.158782      0.02218878      0.11138808     0.061010224      0.99980645    0.0073037056   2.1160611e-09      0.81459461        8.056815       521.05752       1405.8976      -12.597925       -12.597925       1935.0119                 102.54232                 408.75504                        9.7601598                            8.056815             1405.8976
              3       955.03732       3.0529757       1.0458611       67.164232      0.02227107      0.11130814     0.061392303      0.99982949    0.0072947469    2.117827e-09      0.81398753       8.1987087       521.16594       1405.9072      -12.598596       -12.598596       1935.2718                 102.63663                 408.84298                        9.6863331                           8.1987087             1405.9072
              1       954.98197       3.0394341       1.0418858       65.901298     0.020980883      0.11195836     0.061303024       1.0000269    0.0020483553   2.0893416e-09      0.81433198       8.6517896       521.78778       1404.7261      -12.600864       -12.600864       1935.1657                 100.79794                 409.26699                        11.722855                           8.6517896             1404.7261
              2       954.69925       3.0308566       1.0444545       65.463082     0.020751112      0.11204251      0.06106356       1.0000815    0.0012769387   2.0714969e-09      0.81208751       9.8261164       520.51391       1404.2593       -12.60039        -12.60039       1934.5993                 97.108328                 408.94368                        14.461902                           9.8261164             1404.2593
              9       957.01831       3.0283507        1.043639       64.990028     0.020499136      0.11202476     0.060961953      0.99642478   0.00089665394   2.0663125e-09      0.81092196       11.547473       521.82087        1403.825      -11.578344       -11.578344       1937.1933                 98.930007                 409.24101                        13.649853                           11.547473              1403.825
              3       957.62391        3.034077       1.0455356       65.379028     0.021049602      0.11258695     0.065924289      0.99611303   8.8304132e-05   2.0781787e-09      0.81365236       11.198161       522.82738       1404.0067      -11.392236       -11.392236       1938.0323                 97.974708                 411.29994                        13.552734                           11.198161             1404.0067
              1       957.44613       3.0303475       1.0438693        65.21106     0.018943986      0.11286016     0.064676816       1.0036425     0.003019219   2.0704426e-09      0.82780522       7.0496096       526.80845       1404.1132      -11.539484       -11.539484       1937.9712                 91.917849                 412.17458                        22.716026                           7.0496096             1404.1132
             11       957.11731       3.0310693       1.0432267       65.794213     0.019712092      0.11314466     0.065015937       1.0034416     0.004985263   2.0719376e-09      0.82604044       7.2426405        525.9502       1404.3485       -11.65337        -11.65337       1937.5414                 92.011988                 411.77699                        22.161219                           7.2426405             1404.3485
             16       955.71904       3.0310696       1.0432261       65.794175     0.019711948      0.11314393     0.065015289       1.0002846    0.0049861648   2.0719382e-09      0.82603677       7.2424962        525.0358       1404.3487      -12.594442       -12.594442        1936.627                 93.922931                 411.98739                        19.125479                           7.2424962             1404.3487
              3       955.37377        3.033016       1.0435913       66.090702      0.02010094      0.11423229     0.065367984       1.0005031    0.0048652679    2.075975e-09       0.8301354       7.4190069       524.21545       1404.2744      -12.580673       -12.580673       1935.9089                 93.961629                 411.95418                        18.299644                           7.4190069             1404.2744
              6       952.20653       3.0118748       1.0489827       66.355242      0.01981764      0.11398426     0.047148056       1.0014906    0.0020251572    2.032547e-09       0.8241775       6.2301684       517.94588       1405.0834      -12.423178       -12.423178       1929.2594                 95.181061                   406.191                        16.573821                           6.2301684             1405.0834
              5        952.4275       3.0280741       1.0488776       66.326417     0.020212241      0.11563898     0.054960728       1.0019933    0.0066424989    2.065741e-09       0.8365926       7.7860531       517.65165       1403.9834      -12.283073       -12.283073       1929.4211                 94.019447                 407.33249                        16.299713                           7.7860531             1403.9834
              2       952.29879       3.0260251       1.0488452       66.428006     0.020229764      0.11504182     0.053021286        1.001767    0.0087291546   2.0615126e-09       0.8336597       7.7399369        517.4609        1404.099      -12.351125       -12.351125       1929.2998                 94.370095                 406.91216                        16.178643                           7.7399369              1404.099
              6       952.30491       3.0271952        1.049091       66.146269      0.01989203      0.11469153      0.05354899       1.0018687    0.0082061052   2.0639263e-09      0.83398923       7.7436829       517.49654       1404.0127       -12.32156        -12.32156       1929.2529                 94.307472                 407.13479                        16.054271                           7.7436829             1404.0127
              6       953.00116        3.019435        1.047754       65.406164     0.018532513       0.1126198     0.049463753       1.0015983    0.0096084645   2.0479717e-09      0.82844922       7.0073299       519.75702       1404.0311      -12.396552       -12.396552       1930.7954                  94.69943                  406.9608                        18.096788                           7.0073299             1404.0311
             14       953.90024        3.016083       1.0493782       65.022348     0.019737649      0.11509275     0.047204321       1.0023561    0.0095385716   2.0411185e-09      0.82901421       13.607076       515.42795       1403.0791      -12.156811       -12.156811       1932.1141                 93.329728                 406.21817                         15.88005                           13.607076             1403.0791
              4       953.94227       3.0160609       1.0494742       65.002255     0.019724618      0.11504692     0.047144061       1.0023525    0.0096428741   2.0410734e-09      0.82887706       13.722449       515.40372       1403.0747      -12.158182       -12.158182       1932.2009                 93.307701                 406.23504                        15.860982                           13.722449             1403.0747
              2       955.13506       3.0056698       1.0492274       69.338704     0.024194848      0.11950589     0.045231655       1.0015552    0.0066527474   2.0199741e-09      0.82698185       7.1342127        522.4934       1405.4574      -12.407431       -12.407431        1935.085                 93.719031                 406.21491                        22.559459                           7.1342127             1405.4574
              7       955.08829       2.9987747       1.0485433       69.665704     0.025990606      0.12029109     0.042816825      0.99881502    0.0041059333   2.0060942e-09      0.81608718       9.0200395       520.84406       1405.2896      -12.488587       -12.488587       1935.1537                 95.751974                 406.78839                        18.303692                           9.0200395             1405.2896
              9       953.60483       3.0094593       1.0478984       69.195653       0.0249765      0.11905215     0.048395305      0.99884406    0.0057587986   2.0276434e-09      0.82026442       8.5619404       518.42123       1405.2146      -12.494026       -12.494026       1932.1977                 95.712274                 405.65874                        17.050216                           8.5619404             1405.2146
              6       954.13345       3.0064724       1.0473234       69.006181     0.024422536      0.11798029     0.046262561      0.99878742    0.0056055954    2.021596e-09      0.81706577       7.6951035       519.99165       1405.5467      -12.483294       -12.483294       1933.2335                 97.338804                 406.00286                        16.649986                           7.6951035             1405.5467
              3       952.95958       3.0079093       1.0476992       68.678644     0.023911531      0.11809234     0.047452522       1.0002154    0.0044598957    2.024503e-09      0.82045329       7.5304534        518.2724       1405.3107      -12.597211       -12.597211       1931.1136                 95.096316                 405.72439                        17.451697                           7.5304534             1405.3107
              7       953.63265       3.0076193       1.0475213       69.252779     0.024900764      0.11835561     0.046720372        1.000115    0.0046676083   2.0239159e-09      0.81666892       7.7446633       518.99826       1405.7221      -12.599863       -12.599863        1932.465                 95.854677                 405.81854                         17.32504                           7.7446633             1405.7221
              3       957.44329       3.0054624       1.0446375       69.706741     0.024627512      0.11726159     0.035188163        1.001503     0.010532338   2.0195551e-09      0.81419955       7.0249935       526.35957       1406.3424      -12.420202       -12.420202        1939.727                 102.22594                  409.8312                        14.302429                           7.0249935             1406.3424
              7         957.131       3.0217449       1.0432947       66.526512     0.019978593      0.11835388     0.040807654       1.0026888     0.011816341   2.0527079e-09      0.84790409       8.9345503        526.0236       1403.3489      -12.022536       -12.022536       1938.3071                 100.91942                 407.61494                        17.489232                           8.9345503             1403.3489
              9       956.06337       3.0202076       1.0434259       65.888181      0.01942663      0.11790328     0.043195071        1.002662     0.010029758   2.0495546e-09      0.84667828       9.3260074       523.68589       1403.1829      -12.034026       -12.034026       1936.1948                 98.733829                  407.0312                        17.920858                           9.3260074             1403.1829
              7       955.83299       3.0066237       1.0406533       65.966818     0.019030705      0.11641305     0.039100232      0.99975711    0.0078067514   2.0219019e-09      0.83598306       7.0166086       526.18874        1403.653      -12.596202       -12.596202       1936.8584                 100.52337                 407.92464                        17.740727                           7.0166086              1403.653
              2       956.84191       3.0021987       1.0395684       66.283715     0.019225333      0.11730172     0.038858952      0.99927702    0.0074191313   2.0129747e-09      0.83730773       6.8105935       528.26669       1403.7248      -12.559106       -12.559106        1938.802                 100.04953                 407.98954                        20.227616                           6.8105935             1403.7248
              1       955.80645        3.010301       1.0385401       66.593391      0.02008405      0.11657186     0.039315973       1.0000149     0.007726729   2.0293508e-09      0.83209643       7.0688613       525.76328       1403.9826      -12.600904       -12.600904       1936.8147                 102.82477                 407.93251                           15.006                           7.0688613             1403.9826
              6       955.85865        3.009976       1.0384359       66.631598      0.02011613      0.11645134     0.039140855      0.99997264     0.007922256   2.0286912e-09      0.83132334       7.0228416       525.86325       1404.0329      -12.600862       -12.600862        1936.919                 102.93573                 408.01095                        14.916574                           7.0228416             1404.0329
              2       955.78817       3.0066521       1.0422602       66.108536     0.020475196      0.11861566     0.038921075       1.0010323    0.0072454276   2.0219593e-09      0.83646258       10.403945       523.03758       1403.1662      -12.515673       -12.515673       1936.6077                 99.059276                 407.88952                        16.088782                           10.403945             1403.1662
              1       955.23579       2.9966669       1.0461514       66.229316     0.019976611      0.11725609     0.034745763       1.0006716    0.0068204916   2.0018701e-09      0.83131131       7.7628536       524.27804       1403.5603      -12.564833       -12.564833       1935.6012                 97.283049                  409.3811                        17.613887                           7.7628536             1403.5603
              3       953.99273       3.0172317       1.0469471       67.349779     0.021159042      0.11616156     0.046004629       1.0000892     0.013714547   2.0434644e-09      0.83199677       8.0350207       520.95758       1404.1934      -12.600285       -12.600285        1933.186                 97.456785                 406.51783                        16.982965                           8.0350207             1404.1934
              2       954.03003       3.0234086       1.0474416       66.308637     0.019780546      0.11324164     0.048648499       1.0000952     0.017500771   2.0561257e-09      0.82852761        8.626298       520.69182       1403.9423      -12.600197       -12.600197       1933.2605                 97.858299                 406.80313                        16.030399                            8.626298             1403.9423
              6       954.94811       3.0266348        1.047574       66.831134     0.020380246      0.11442536     0.050284662       1.0000703     0.019230354     2.06277e-09      0.83316077       9.0756133       522.11537       1403.9063      -12.600527       -12.600527       1935.0973                 98.070519                  406.8646                        17.180247                           9.0756133             1403.9063
             18       955.30209       3.0211562       1.0452417       66.760839     0.020602189      0.11565336     0.049806092       1.0004314     0.016965247   2.0514998e-09      0.83353004       9.7288817       522.39421       1403.6531      -12.586036       -12.586036       1935.7762                 96.869699                 406.60889                        18.915625                           9.7288817             1403.6531
              1       955.52943       3.0183054       1.0458236        66.59563     0.019488273      0.11185396     0.041250808       1.0011292     0.018804671   2.0456597e-09       0.8226271       7.0073969       524.38008       1404.6692      -12.498909       -12.498909       1936.0567                 101.57571                 407.67808                        15.126297                           7.0073969             1404.6692
              2        957.8308       3.0350933       1.0441296       68.762145     0.021845887      0.10919078     0.048515965       1.0003569     0.024738632   2.0802918e-09      0.80680921       6.6585981       526.38802       1407.7964      -12.590732       -12.590732       1940.8431                 106.80932                 406.90366                        12.675042                           6.6585981             1407.7964
             19       958.85067        3.034865       1.0429595       68.834346     0.021885026       0.1083108     0.047145701       1.0004108     0.025854328    2.079817e-09      0.80214318       6.6607437        527.9739       1408.2415      -12.587421       -12.587421       1942.8762                 108.86934                 407.05489                        12.049666                           6.6607437             1408.2415
              4        954.5072       3.0276043       1.0448181       66.927812     0.020109684      0.11080609     0.049453769       1.0002425     0.018872781   2.0647707e-09      0.81773368       6.9775169       521.93676       1405.2926      -12.596217       -12.596217       1934.2068                 100.76884                 406.86516                        14.302757                           6.9775169             1405.2926
             18       954.96728       3.0265609       1.0444343       66.808863     0.020017493      0.11057259     0.048980705      0.99789695     0.018710395   2.0626176e-09      0.81634796       7.0058865       522.16752       1405.2553      -12.247096       -12.247096       1934.4287                 102.38506                 406.97203                        12.810433                           7.0058865             1405.2553
             22       953.68691       3.0283539       1.0483234        65.86368     0.019009346      0.10934297     0.049746699      0.99819706     0.016878986    2.066319e-09      0.81642158       7.1257021       520.03744       1404.8924      -12.340874       -12.340874       1932.0556                 100.12425                 407.17824                        12.734951                           7.1257021             1404.8924
              3       953.47357       3.0268273        1.046864       66.319369     0.019597825      0.10953734     0.049718264       0.9996763     0.016729533    2.063167e-09      0.81339704       6.9578447       519.88646       1405.2879      -12.592539       -12.592539       1932.1322                 99.606655                 406.92568                         13.35412                           6.9578447             1405.2879
              3       953.74208       3.0021509        1.047079       65.345922      0.01879157      0.11129215     0.040506179         1.00037     0.010561121   2.0128784e-09      0.81317913       7.2206416       521.24746        1404.196      -12.589971       -12.589971       1932.6641                 95.957427                 407.37803                        17.911998                           7.2206416              1404.196
              2         953.283       3.0075005       1.0470957        65.67368     0.019225909      0.11143213     0.041888633       1.0006193     0.011376325   2.0236755e-09      0.81411883       7.3327055       520.02102       1404.3527      -12.570235       -12.570235       1931.7065                  96.76824                 407.11968                          16.1331                           7.3327055             1404.3527
              5       954.41748       3.0086235       1.0476674       65.688203     0.019320495      0.11242117     0.043798012      0.99582009      0.01082542   2.0259494e-09       0.8185897       7.6570581       519.49165       1404.0926      -11.203191       -11.203191       1931.2413                 98.500179                 406.87653                        14.114936                           7.6570581             1404.0926
              1       954.45031       3.0352366       1.0498834       67.351062     0.021967642      0.11374328     0.056931426      0.99678263     0.016959896     2.08059e-09      0.82426242       10.219124       517.82756       1404.3995      -11.772803       -11.772803       1932.4462                 98.214907                 407.59911                        12.013538                           10.219124             1404.3995
              4       954.93224       3.0348437       1.0488761       67.672574     0.021675711      0.11408532     0.057072182       0.9971633     0.018506943   2.0797727e-09      0.82869025       8.6539032       520.47223       1404.6527      -11.957171       -11.957171       1933.7788                 98.306037                 407.86029                          14.3059                           8.6539032             1404.6527
             15       954.91036       3.0355685       1.0488315       67.743186     0.021758995      0.11409207     0.057307392      0.99718549     0.018373056   2.0812807e-09      0.82860897       8.5606923       520.46624       1404.7282      -11.967206       -11.967206       1933.7551                 98.428814                 407.91984                         14.11759                           8.5606923             1404.7282
              7       953.52944       3.0261211       1.0465025       66.640257      0.02083514      0.11281363     0.054314018       1.0011386     0.014854652   2.0617106e-09      0.82036173       9.0535147       518.66575        1404.334      -12.497204       -12.497204       1932.0533                 95.349893                 407.00994                         16.30592                           9.0535147              1404.334
              2       952.84479       3.0171738        1.048094       66.731129     0.020627003         0.11202     0.049645623       1.0008717     0.013317782   2.0433461e-09      0.81487693       7.5126931       518.33433       1404.9228      -12.540139       -12.540139       1930.7699                 95.006406                 406.27543                        17.052492                           7.5126931             1404.9228
             47         953.045       3.0128693       1.0499318       66.903376     0.021285495      0.11378722     0.049028106      0.99775775      0.01351818   2.0345694e-09      0.81792872       9.0272875       517.12592       1404.3342      -12.198707       -12.198707       1930.4874                 94.972586                   406.147                        16.006337                           9.0272875             1404.3342
              2        955.0795       3.0117687       1.0493343       67.099323     0.021456935      0.11405874     0.048242147      0.99465842     0.013572714   2.0323314e-09      0.81796877       8.7504011       517.61015       1404.4351      -10.318321       -10.318321       1930.7957                 97.289023                 406.24938                        14.071752                           8.7504011             1404.4351
              4       955.52799       3.0219431       1.0444092       65.031522     0.020240955      0.11277711     0.049644184      0.99763508    0.0080129254   2.0531147e-09       0.8155127       13.795065       518.19887        1403.369      -12.153492       -12.153492        1935.363                 99.726764                 406.40402                        12.068085                           13.795065              1403.369
              1       955.10739       3.0195233       1.0434338       65.299905     0.020721999      0.11783037     0.053170281       1.0021764    0.0036816529   2.0481526e-09      0.83347978        14.88792       516.78433       1402.9865      -12.221967       -12.221967       1934.6587                 94.458834                 406.51631                        15.809183                            14.88792             1402.9865
             20       955.58994        3.022647       1.0447157       67.686838     0.024887951      0.12210626     0.052600813      0.99982329    0.0010023501   2.0545603e-09      0.83308216       17.268157       515.88219       1403.2264      -12.598424       -12.598424       1936.3767                 98.219295                 405.39005                        12.272843                           17.268157             1403.2264
             19       954.06006       3.0194918        1.048056       68.897282     0.025858542      0.12062549     0.049892616      0.99913607    0.0056586319   2.0480881e-09      0.82482223       13.805519       515.31534       1404.0817      -12.541212       -12.541212       1933.2025                 97.439364                 405.44472                        12.431258                           13.805519             1404.0817
              6       953.99315       3.0188837       1.0482972       68.784118     0.025661166      0.11981573     0.048617305      0.99922209    0.0060478318   2.0468431e-09      0.82205605         13.5149        515.3868       1404.1896      -12.552511       -12.552511       1933.0913                 97.834731                 405.63536                        11.916701                             13.5149             1404.1896
              1       953.10421       3.0261183        1.047309       68.922648      0.02549602      0.11825622     0.055753334      0.99850828     0.002317602   2.0617047e-09       0.8183278       9.8718309        515.9104        1405.272      -12.422903       -12.422903       1931.0542                  98.41448                 405.57104                        11.924883                           9.8718309              1405.272
              1       953.17842       3.0329508       1.0466417       68.323631     0.024920925      0.11839876     0.057999117       1.0010337    0.0019812074   2.0758396e-09      0.82347278       11.175044         515.616       1404.5967      -12.515433       -12.515433       1931.3877                 97.819166                 406.13197                        11.664863                           11.175044             1404.5967
              1       955.54659       3.0351385       1.0458752       68.594238     0.025193121      0.11848867     0.058235363      0.99618799    0.0027725774   2.0803858e-09      0.82372528       10.931076       518.26779       1404.7711      -11.438407       -11.438407         1933.97                 101.59733                 406.42906                        10.241399                           10.931076             1404.7711
              1         955.354       3.0334032       1.0456986       67.551054     0.022751209      0.11300584     0.051490304      0.99662796    0.0061308244   2.0767789e-09      0.81162854       7.9950805       520.31931       1405.7762      -11.691271       -11.691271       1934.0905                 104.19817                 406.20968                        9.9114605                           7.9950805             1405.7762
              1        953.2217       3.0235739       1.0463952       67.614964     0.021941196      0.11710625     0.047363327       1.0035398    0.0035005023   2.0564657e-09       0.8319229       6.9968032        517.7513       1404.8923      -11.598514       -11.598514       1929.6404                 98.189954                 406.07507                        13.486274                           6.9968032             1404.8923
             11       954.34366       3.0314443       1.0454015       67.711732     0.022087684      0.11746932     0.049168013      0.99894147    0.0054246081   2.0727147e-09      0.83624674        7.478963        521.5608       1404.6701      -12.511284       -12.511284       1933.7099                 102.50231                 406.36085                         12.69763                            7.478963             1404.6701
             13       954.18494       3.0281719       1.0460129       68.298781     0.023396675      0.11923154     0.048349656      0.99895712     0.002450389    2.065943e-09      0.83528783         7.83865       520.81722       1404.7418      -12.513913       -12.513913       1933.3977                 102.49105                 406.05734                        12.268834                             7.83865             1404.7418
              1       953.76941       3.0281612       1.0459999       68.299388     0.023384666      0.11924418     0.048300554      0.99991833    0.0024474334    2.065921e-09      0.83541924       7.8213686       520.17547       1404.7428      -12.600388       -12.600388       1932.7396                 101.89861                 406.03662                        12.240239                           7.8213686             1404.7428
             11       955.03749        3.029339       1.0463432       68.193005     0.023405324      0.12023574     0.049153228      0.99805126    0.0019133448   2.0683557e-09      0.83988588       8.4121441       521.91756       1404.3395      -12.297114       -12.297114       1934.6692                 102.74624                 406.01856                        13.152761                           8.4121441             1404.3395
             11        954.0665       3.0375367       1.0463997       67.728929     0.023591726      0.11937908     0.055061805       1.0033295    0.0012508395    2.085381e-09      0.83660769       10.315534       517.20793       1404.0377      -11.714092       -11.714092       1931.5612                 98.993128                 406.08777                        12.127031                           10.315534             1404.0377
             14       954.46442       2.9997545       1.0482214       66.395361     0.020228388      0.11839295     0.049783787        1.001337    0.0013025887   2.0080606e-09      0.83582626       7.0410947       523.07543       1403.7281      -12.457907       -12.457907       1933.8446                 89.748704                 405.90902                        27.417712                           7.0410947             1403.7281
              1       956.90533       3.0040321       1.0471968       66.330681     0.020422581      0.11800257     0.051461863       1.0049219    0.0029743906   2.0166688e-09      0.83436273       7.7643909       523.75908        1403.613      -10.662905       -10.662905       1935.1365                 88.030186                 405.95999                        29.768908                           7.7643909              1403.613
             15       956.38252       2.9960012        1.046537       66.652312     0.021048873      0.11818116      0.04883594       0.9935715    0.0022929624   2.0005379e-09      0.82816089       7.7440146        519.8374       1403.7734      -9.2948725       -9.2948725       1931.3548                 94.502267                 405.90379                        19.431349                           7.7440146             1403.7734
              1       956.62693       2.9930215       1.0455991       66.214665     0.020823397      0.11755767     0.048294759      0.99345087    0.0017547044   1.9945857e-09      0.82388526       8.4535843       519.55043       1403.5891      -9.1696315       -9.1696315       1931.5931                 94.454197                 405.89507                        19.201166                           8.4535843             1403.5891
              4       956.36632       2.9929722       1.0466399        65.82947     0.020413566      0.11768088     0.047806197       0.9936868    0.0019410531   1.9944874e-09      0.82634295        9.150406       519.07417       1403.3329      -9.4124025       -9.4124025       1931.5574                 93.768711                 405.92581                        19.379649                            9.150406             1403.3329
             35        953.8344       3.0224021       1.0411614       65.028966     0.018545408      0.11322182     0.050711105       1.0013214    0.0055399153   2.0540572e-09      0.82817729       7.3482533       521.48915       1403.7539      -12.461225       -12.461225       1932.5913                 98.403528                 407.20953                        15.876095                           7.3482533             1403.7539
              2       953.06752        3.022547       1.0464777       64.688997     0.018743974      0.11040599     0.049889651       1.0016826     0.004385432    2.054355e-09      0.81410877       7.8033343       518.90845       1404.1721      -12.374431       -12.374431       1930.8839                 97.333423                 406.66819                        14.906836                           7.8033343             1404.1721
              1       954.86864       3.0187464       1.0462642       64.374282     0.018356774      0.10801736     0.049432918       1.0022634     0.005781547   2.0465619e-09      0.80340351       7.7182375       521.84946       1404.5518      -12.191101       -12.191101       1934.1195                 96.290017                 406.62679                        18.932651                           7.7182375             1404.5518
              6       954.11238       3.0027519        1.044726       64.932748     0.018696135      0.11155223     0.045787262       1.0013009    0.0061174685   2.0140887e-09      0.81232075       7.4393625       521.70906       1404.0074      -12.465531       -12.465531       1933.1558                 93.833448                 406.34962                        21.525993                           7.4393625             1404.0074
             13       954.84688       3.0454539       1.0455858       66.394622     0.020713744      0.10944876     0.062586582       1.0020517     0.013693905    2.101957e-09      0.81185385       8.3762951       520.52227       1405.3235      -12.264154       -12.264154       1934.2221                 97.302732                 410.14633                         13.07321                           8.3762951             1405.3235
              6       954.61883       3.0424734       1.0458599       66.341887     0.020723221      0.10930046     0.061128812       1.0022961      0.01314806   2.0957014e-09      0.80968096       8.4077314        519.8325       1405.3558      -12.179164       -12.179164        1933.596                  96.95994                 409.38782                        13.484743                           8.4077314             1405.3558
              3       955.16413       3.0466845       1.0464773       66.181515     0.020678781      0.10827945      0.06180203      0.99842799      0.01346951   2.1045452e-09      0.80654961       8.7468413       520.88734       1405.5005      -12.403224       -12.403224       1935.1347                 100.25186                 409.95571                        10.679781                           8.7468413             1405.5005
             13       953.73956       3.0315659       1.0497063       66.307906     0.021620589      0.11533591      0.05759516       1.0039238      0.00830668   2.0729668e-09      0.82738281       12.423476        514.1918       1403.6023      -11.369216       -11.369216       1930.2176                 92.122605                 407.23669                        14.832504                           12.423476             1403.6023
              4       952.71921       3.0321549       1.0496219       66.923279     0.022658043      0.11631653     0.057541761       1.0007153    0.0071824346   2.0741882e-09      0.82665633       12.583669       514.18988       1403.7848      -12.559993       -12.559993       1930.5584                 94.741967                 406.91651                        12.531403                           12.583669             1403.7848
             32        953.6807       3.0318454       1.0497872       66.802483     0.022609091      0.11578431     0.058171843       0.9976334    0.0067562027   2.0735463e-09      0.82400385       12.709022       515.12727       1403.8308      -12.152857       -12.152857       1931.6671                  96.28693                 407.19863                        11.641718                           12.709022             1403.8308
             10       954.72143       3.0388348        1.045508       67.861082     0.021859264      0.11437246     0.060569662      0.99703608    0.0097343011   2.0880899e-09       0.8279984       6.9521288       520.61609       1405.6709      -11.898136       -11.898136       1933.2391                 99.395705                 408.89427                        12.326112                           6.9521288             1405.6709
              3       954.48407       3.0443394       1.0476711        66.83891     0.020963118      0.11031975      0.05989631       1.0036207     0.015489897   2.0996156e-09      0.81616055       8.0526523        518.6427       1405.3771      -11.552144       -11.552144       1932.0724                 96.484001                 408.83113                        13.327567                           8.0526523             1405.3771
              3       954.11085       3.0381648       1.0471244       66.810386     0.021258123      0.11098651     0.058871824       1.0036409     0.012586228   2.0866914e-09      0.81391643         8.27312       517.76161       1405.2678      -11.540416       -11.540416       1931.3025                 95.346934                 408.06254                        14.352132                             8.27312             1405.2678
              4       954.13307        3.037797       1.0476568       66.744173     0.021344481      0.11094428     0.058971293        1.003607     0.012891751   2.0859239e-09       0.8130011        8.824001       517.44488       1405.1175       -11.56011        -11.56011       1931.3864                 94.959284                 407.98878                         14.49681                            8.824001             1405.1175
              1        955.1143       3.0360835       1.0490154       67.528186     0.021767143       0.1082291     0.059176689       1.0026028     0.014459354   2.0823528e-09      0.79923982       7.0255622       519.94398        1407.377      -12.058967       -12.058967       1934.3465                 95.309889                  407.7055                        16.928589                           7.0255622              1407.377
              2       954.38349       3.0388584       1.0495428        68.38687     0.023349704      0.10984964     0.060287301       1.0012523     0.013481579   2.0881391e-09      0.79976421       7.5548313       518.56962       1407.5934       -12.47546        -12.47546       1933.7179                 96.360149                 407.42228                         14.78719                           7.5548313             1407.5934
              8       956.37078       3.0254674       1.0480603       67.786917     0.023241252       0.1102578     0.060635414       1.0000121     0.011336265   2.0603633e-09      0.79460571       8.9569875       522.43141        1406.555       -12.60091        -12.60091       1937.9434                 93.307127                 407.23995                        21.884334                           8.9569875              1406.555
              7       957.21385       2.9815535       1.0480857       64.495326     0.018734937      0.11108752       0.0398054       1.0002735    0.0046949975   1.9718426e-09      0.80069271       8.8253185       527.03718       1403.7551      -12.594936       -12.594936       1939.6176                 90.263747                 407.04872                        29.724718                           8.8253185             1403.7551
              7       957.58585       2.9812793       1.0479955       64.497584     0.018734575      0.11106846      0.03953001      0.99497481    0.0047188222    1.971302e-09      0.80048459       8.8148255       523.75775       1403.7606      -10.580721       -10.580721       1936.3331                  93.57358                 407.27447                        22.909702                           8.8148255             1403.7606
             14       956.51547       2.9855019        1.048318       64.576719     0.018752357      0.11257854     0.043976428      0.99482065    0.0031231472   1.9796435e-09      0.80887086       8.4759057       521.88914       1403.5756      -10.454869       -10.454869       1933.9407                 92.341762                 406.30166                        23.245716                           8.4759057             1403.5756
              3       956.04748       2.9889149        1.047148        64.23734     0.018639465      0.11188736     0.044442989      0.99651673    0.0025984029   1.9864116e-09      0.80636221       9.4139283       522.45872       1403.4828      -11.630267       -11.630267       1935.3555                 92.792671                 406.18966                         23.47639                           9.4139283             1403.4828
             10       956.21739       3.0029749       1.0452103        65.50989     0.018684178      0.11272556      0.03727602        1.002193     0.014895371   2.0145378e-09      0.82176679       7.8804157       525.26241       1403.7243      -12.216173       -12.216173       1936.8671                 97.648409                 408.48714                        19.126865                           7.8804157             1403.7243
              1       955.27089       3.0213199       1.0447553       67.396481     0.021531315      0.11394979     0.045858081       1.0026903     0.017583534   2.0518355e-09      0.82115048       8.8748893        521.2384       1404.4723      -12.021917       -12.021917       1934.5856                 99.145983                 406.54914                        15.543279                           8.8748893             1404.4723
              2       954.64243       3.0216823       1.0447077        67.38887     0.021523816      0.11383974      0.04598191      0.99953102     0.017472717   2.0525793e-09      0.82077754       8.8156654       521.12709       1404.5087      -12.583327       -12.583327       1934.4515                 101.19725                 406.63634                        13.293505                           8.8156654             1404.5087
              1       954.39004       3.0181848       1.0479571       67.802006     0.022915555      0.11812518     0.043600298       1.0021818     0.011923147   2.0454131e-09      0.83060293       10.989482       518.38225       1403.8486      -12.220107       -12.220107       1933.2203                 97.699233                  406.7175                        13.965521                           10.989482             1403.8486
             11       954.47956       3.0188491       1.0479987       67.831406     0.022947026      0.11806114     0.044056738      0.99935173      0.01263475   2.0467721e-09      0.83063687       11.187215       519.06818       1403.8383      -12.567301       -12.567301       1934.0937                 99.410773                 406.73938                        12.918029                           11.187215             1403.8383
              7       954.74464       3.0219457       1.0496782       68.613531     0.024263167       0.1217956     0.047280539       1.0013832     0.010709924     2.05312e-09      0.84241069       12.558982       518.24138       1403.5846      -12.447863       -12.447863        1934.385                 96.182422                 406.01852                        16.040437                           12.558982             1403.5846
              6       955.07231       3.0320327       1.0496236       68.883967     0.024694644      0.12213647     0.050792451       1.0032236     0.010625023   2.0739347e-09      0.84611129       12.780085       517.24065       1403.6631      -11.769604       -11.769604       1933.6838                 96.224613                  405.7435                        15.272534                           12.780085             1403.6631
              1       954.14111       3.0086995       1.0487525         65.9749     0.020575517      0.11464453     0.041775783       1.0002214     0.013293142   2.0261033e-09      0.82179726       11.999209       518.05421       1403.4228      -12.597001       -12.597001       1933.4762                 96.390004                 407.07704                        14.587173                           11.999209             1403.4228
              4       954.20728       3.0237353       1.0478062       66.363861     0.021549787      0.11243777      0.05572273       1.0004504     0.014039797   2.0567976e-09       0.8120866       12.728631       516.86577       1403.9895       -12.58469        -12.58469       1933.5839                 93.856903                 406.82649                        16.182383                           12.728631             1403.9895
             18       953.91217       3.0198435        1.047679       66.889525     0.021355685      0.11091206     0.052208101       1.0000968      0.01627245   2.0488085e-09      0.80664234       9.1175097       518.91295       1404.9942      -12.600172       -12.600172       1933.0247                  95.52463                 406.30295                        17.085368                           9.1175097             1404.9942
              2       953.63849       3.0118438       1.0485706       66.360081     0.020109132       0.1141886     0.047897887      0.99976135      0.01418286   2.0324841e-09      0.82560892       8.5494751       520.02299       1403.8972      -12.596366       -12.596366       1932.4697                 94.107265                 406.37606                        19.539661                           8.5494751             1403.8972
              6       953.66134       3.0079991       1.0483414       66.089652      0.02020133      0.11476878     0.046948219      0.99977193     0.012828673   2.0246848e-09      0.82481218       9.8160979       519.11986       1403.5802      -12.596761       -12.596761       1932.5162                 93.357534                 406.27539                        19.486943                           9.8160979             1403.5802
              5       954.11863       3.0077142       1.0476125       66.073052     0.020124639      0.11481082     0.046354906      0.99802447     0.013233807   2.0241079e-09      0.82523227       9.8096447       519.45257       1403.5525      -12.288703       -12.288703       1932.8147                 94.966875                 406.41507                        18.070621                           9.8096447             1403.5525
             20        954.8706       3.0303179       1.0463118       67.796414     0.022574476      0.11771456     0.055197244      0.99697764     0.012958302   2.0703814e-09      0.83578385       10.266701       519.26191       1403.9529      -11.870151       -11.870151       1933.4815                 98.414921                 406.94628                        13.900708                           10.266701             1403.9529
              2       952.65324       3.0255316       1.0486405       67.472658     0.022193144      0.11786812     0.051428408      0.99975202    0.0098275484   2.0604955e-09      0.83616215       9.6831269        516.9208       1403.8946      -12.596002       -12.596002       1930.4985                 96.365976                 406.19588                        14.358947                           9.6831269             1403.8946
              4       952.43166       3.0202417       1.0481768       66.830835     0.021195271      0.11642886     0.050067338      0.99939228     0.009442391   2.0496244e-09      0.83205333       9.0059462       517.13256       1403.8676      -12.571376       -12.571376       1930.0061                 95.938568                 406.26558                        14.928417                           9.0059462             1403.8676
              5       952.32923       3.0224482       1.0477389       65.744738     0.019884539      0.11368622     0.053677774      0.99901249    0.0073564366   2.0541519e-09      0.82554764       8.4392553       517.35542       1403.9096      -12.522908       -12.522908       1929.7043                 95.350214                 407.13465                        14.870552                           8.4392553             1403.9096
             11       952.05521       3.0233454       1.0480117       65.929169     0.020098574      0.11381962     0.054278298      0.99975237    0.0068529151   2.0559957e-09      0.82558333       8.1702268       517.08041       1404.0518      -12.596016       -12.596016       1929.3025                 94.921131                 407.13647                        15.022818                           8.1702268             1404.0518
             26       952.19496       3.0228563       1.0478553       65.752938     0.020210745      0.11372295     0.054449831      0.99976795    0.0064911111   2.0549904e-09      0.82345762        9.042575       516.65652       1403.8841      -12.596614       -12.596614       1929.5832                 94.789746                 407.08274                        14.784035                            9.042575             1403.8841
             12       952.10306       3.0210739       1.0485046       65.689352     0.020210152       0.1141081     0.054006643      0.99983941    0.0062609344   2.0513308e-09      0.82443985       9.4160437       516.24564       1403.7422      -12.598859       -12.598859       1929.4038                 94.108971                 406.90217                        15.234501                           9.4160437             1403.7422
             12       952.64906       3.0201682       1.0482009       65.522124     0.019977487      0.11382373     0.053773468       0.9980795    0.0062658729   2.0494738e-09      0.82376674       9.3897619       516.81671       1403.7034      -12.305855       -12.305855       1929.9098                 95.107163                 407.02043                        14.689116                           9.3897619             1403.7034
              3       954.31275       3.0223978       1.0477787       65.507531     0.019825719      0.11201028      0.05303663       1.0048462    0.0080192344   2.0540485e-09      0.81760772       8.8564485       517.14295       1404.0703      -10.722108       -10.722108       1930.0697                 92.334559                 406.67645                        18.131943                           8.8564485             1404.0703
              1       952.64033       3.0232958       1.0481092       65.955165     0.020743173      0.11416661     0.050616788       1.0033985    0.0066705419   2.0558939e-09      0.82271202       9.9458238       514.85387       1403.8348      -11.676926       -11.676926       1928.6345                 94.737221                 406.09053                        14.026123                           9.9458238             1403.8348
             12       954.56019       3.0183497       1.0458477       66.475621     0.021554083      0.11653226     0.051188991       1.0054063    0.0048173398   2.0457503e-09      0.82634182       10.191336        515.7444         1403.71      -10.262688       -10.262688       1929.6458                 92.842692                 405.79093                        17.110771                           10.191336               1403.71
              1       953.20657       3.0140872       1.0469755       65.780658     0.020720087      0.11595477     0.050063873       1.0036173    0.0036075296   2.0370488e-09      0.82559208       10.418746       515.63169        1403.471      -11.554139       -11.554139       1929.5214                   92.8046                 405.85937                        16.967713                           10.418746              1403.471
             17       952.58597        3.009141       1.0468051       65.811066     0.020708953      0.11709269     0.046160329      0.99996383    0.0021667689   2.0269981e-09      0.82842974       10.155801       516.85874        1403.359      -12.600817       -12.600817       1930.3736                 95.825813                 406.03498                        14.997946                           10.155801              1403.359
             23       953.54346       3.0087713       1.0464276       65.660991      0.02052414       0.1168063     0.042352146       1.0006344    0.0035222441   2.0262487e-09      0.82797887       10.743929       518.20269       1403.2778      -12.568722       -12.568722       1932.2244                 97.184057                 406.70899                        14.309638                           10.743929             1403.2778
              1       953.50836        3.008934       1.0465096        65.66575     0.020534174      0.11677791     0.042403779       1.0016344    0.0035149199   2.0265784e-09      0.82789371       10.737316       517.76998       1403.2839      -12.387224       -12.387224       1931.7912                 96.565273                 406.67636                        14.528346                           10.737316             1403.2839
              3       953.38488       3.0110424       1.0467998       65.647552     0.020410683      0.11602768     0.043020782       1.0000743    0.0046413723   2.0308558e-09      0.82655952       10.495442       518.10946       1403.3658       -12.60048        -12.60048       1931.9707                 97.596316                 406.66323                        13.849914                           10.495442             1403.3658
              1        955.2322       3.0125673       1.0465606       65.584964     0.020389946      0.11579538     0.043413487      0.99692452    0.0047035921   2.0339551e-09      0.82602712       10.705187       520.08578       1403.3619      -11.844235       -11.844235       1934.1529                 99.934289                 406.69533                        13.456156                           10.705187             1403.3619
             14        955.2311       3.0127826         1.04615       65.621479     0.020424038      0.11579434     0.043799796      0.99685098    0.0049383829    2.034393e-09      0.82591572       10.708039       519.99762       1403.3718      -11.807613       -11.807613       1934.0774                 99.984276                 406.65576                         13.35758                           10.708039             1403.3718
             14         953.502       3.0137638       1.0466783       65.530744     0.020415282      0.11565724     0.044204941       1.0021067    0.0054271988   2.0363901e-09      0.82574811        11.37203       516.81059       1403.3131       -12.24587        -12.24587       1931.4957                 96.426454                 406.40126                        13.982876                            11.37203             1403.3131
             20       954.19481       3.0138765       1.0475978        65.57847      0.02060148       0.1158632     0.044603824      0.99855844    0.0064611882   2.0366196e-09      0.82610173       12.403365       517.61093       1403.2447      -12.434673       -12.434673        1933.259                 97.872957                 406.42727                        13.310705                           12.403365             1403.2447
              4       956.04577       3.0152288        1.048594       66.195146     0.021930646      0.12166254     0.047234649       1.0052302   0.00082703443   2.0393757e-09      0.84417666       14.643713       515.31791       1402.9549      -10.412499       -10.412499       1932.9165                 92.831646                  405.6365                        16.849761                           14.643713             1402.9549
              4       957.18067       3.0524816       1.0473458       67.806141     0.024545079       0.1167876     0.059512544       1.0060273    0.0043087657    2.116781e-09      0.82582104       13.376387       516.03449       1404.3397      -9.6946277       -9.6946277       1933.7506                   99.0311                  406.8333                        10.170088                           13.376387             1404.3397
              7       957.23093       3.0542079        1.048582       66.531883     0.022673216      0.11282273      0.05779388       1.0051461     0.008484158   2.1204383e-09      0.81815045       14.254247       516.99917       1404.1731      -10.482343       -10.482343       1935.4265                 99.647585                 407.16146                        10.190125                           14.254247             1404.1731
             10       956.59946       3.0664421       1.0489687        67.36319     0.022410666      0.10827536     0.060608818       1.0020797     0.014841035   2.1465395e-09      0.80683869       8.9126572       522.15853       1406.6376       -12.25492        -12.25492       1937.7088                  104.4475                 408.67148                        9.0395425                           8.9126572             1406.6376
              1       957.43429       3.0682511       1.0486326       67.489283     0.022639378      0.10829602     0.061135837       1.0006293      0.01565698   2.1504262e-09      0.80650619       9.2302813       524.13327       1406.6435      -12.569245       -12.569245       1940.0071                 105.86645                  408.9154                        9.3514153                           9.2302813             1406.6435
              2       958.05428       3.0649921       1.0462284       68.512256     0.022354319      0.11123615     0.063255962       1.0057933     0.019027821   2.1434294e-09      0.82437296       7.2419325       521.87374       1406.8247      -9.9159294       -9.9159294       1935.9404                 100.99879                 410.08029                        10.794654                           7.2419325             1406.8247
             52       955.49946       3.0477924       1.0493856       69.008737     0.023824378      0.11213534     0.064114954      0.99710231     0.016965677   2.1068783e-09      0.81358562       7.7962217       520.15071       1406.9104      -11.929193       -11.929193       1934.8573                 99.231895                 409.31243                        11.606389                           7.7962217             1406.9104
             15       956.04764       3.0386631       1.0476426       68.035306     0.022317671      0.11253584     0.058861875      0.99720381     0.021606037   2.0877313e-09      0.81976641       9.0366236       521.84459       1405.1649       -11.97543        -11.97543       1936.0461                 100.03839                 408.23727                        13.568935                           9.0366236             1405.1649
              9       954.35305       3.0257455       1.0478749       67.368166     0.021611305      0.11212093     0.052643947      0.99922931     0.019597896   2.0609363e-09      0.81513406       9.1509899       519.83964       1404.8223      -12.553405       -12.553405       1933.8129                 97.814949                  406.6045                        15.420193                           9.1509899             1404.8223
              1       953.27327       3.0324042       1.0478138       67.782197     0.022354725       0.1104709     0.054877744      0.99944527     0.014741573   2.0747052e-09       0.8049954        7.721376       517.56938       1406.4084      -12.576303       -12.576303       1931.6992                 98.727293                 406.61976                        12.222326                            7.721376             1406.4084
              9       953.48753       3.0217446       1.0464865       67.969499     0.022414375      0.11205611     0.053318985      0.99872059     0.011739868   2.0527072e-09      0.80733998       7.0658301       518.46652       1406.3826       -12.46997        -12.46997        1931.915                 97.188105                 406.20729                         15.07112                           7.0658301             1406.3826
             10       952.94476       3.0203982       1.0474313       67.669966       0.0223069      0.11209539     0.053531385      0.99873125    0.0098689726   2.0499453e-09      0.80677096       7.3059059       517.41427       1406.1136      -12.472144       -12.472144       1930.8338                 96.304498                 406.14239                        14.967384                           7.3059059             1406.1136
              3       952.76633       3.0235603       1.0489196       67.385546     0.023154964      0.11492716     0.049506861       1.0022109    0.0087179677   2.0564377e-09      0.81491951       11.474466        514.0585       1404.4194      -12.209874       -12.209874       1929.9524                 96.315786                 405.70985                        12.032867                           11.474466             1404.4194
             20       952.40313       3.0221749       1.0495238       66.874891     0.022589002      0.11433516     0.049892647       1.0003748    0.0078257552   2.0535906e-09      0.81390397       11.834756       513.93407       1404.2168      -12.589682       -12.589682       1929.9856                 96.521434                 405.74185                        11.670784                           11.834756             1404.2168
              4       953.78015       3.0297536       1.0488741       66.890304     0.022468676      0.11448686     0.051170551       1.0048002    0.0079689749   2.0692134e-09      0.81838462       11.425856       513.43496       1404.2146      -10.757571       -10.757571       1929.0754                 95.598234                 405.77367                         12.06306                           11.425856             1404.2146
             20       952.46591       3.0247884       1.0491924       67.322727     0.023199171      0.11607518     0.050279947       1.0023785    0.0054225549   2.0589648e-09      0.81957034       11.208181       513.75734        1404.263      -12.148352       -12.148352       1929.2285                 96.381546                 405.61583                        11.759968                           11.208181              1404.263
              3       952.14783       3.0319004       1.0493037       67.948948     0.023671866      0.11515783     0.053813005      0.99990341    0.0047684533   2.0736603e-09      0.81685362       8.9463752       515.20711       1405.3425      -12.600175       -12.600175        1929.496                 98.859168                 405.86332                        10.484626                           8.9463752             1405.3425
              5       952.81853       3.0346184       1.0489047        67.78359     0.023543691      0.11453964     0.054048827       1.0035953     0.004928262   2.0793041e-09      0.81537136       9.1723617       514.24597       1405.3524      -11.566853       -11.566853       1928.7708                  97.42529                 405.80415                        11.016526                           9.1723617             1405.3524
              3       953.03112       3.0324627       1.0483932       67.752961     0.023633944      0.11509491     0.052802582       1.0036966    0.0047134613   2.0748267e-09      0.81616244       9.6896257       514.30279       1405.0853       -11.50776        -11.50776       1929.0778                 97.563458                 405.67044                        11.068883                           9.6896257             1405.0853
              4       953.72384       3.0151488       1.0476666        68.21926      0.02278587      0.11556801     0.041760018      0.99911898    0.0043167613   2.0392126e-09      0.81806207       6.6134499       519.86808       1406.0438      -12.538826       -12.538826       1932.5253                  101.5825                 407.27697                        11.008615                           6.6134499             1406.0438
             17       953.72775       3.0092877       1.0496407       68.684613     0.024899187      0.11852521     0.039957435        1.001168    0.0034480777   2.0272955e-09      0.81688474       9.6815127       517.83988       1404.9177      -12.491785       -12.491785       1932.4391                  98.64191                 407.73243                        11.465533                           9.6815127             1404.9177
              3       954.37159       3.0066266       1.0445068       68.743879      0.02463026      0.11924171     0.039866781       1.0009767    0.0012456383   2.0219077e-09      0.81879673       8.2805826       520.43888       1405.0729      -12.524599       -12.524599       1933.7924                 100.60083                 407.73319                        12.104857                           8.2805826             1405.0729
              4       954.30483       3.0067791       1.0442478       68.443799     0.024352306      0.11878508     0.039977872       1.0010222     0.001291792   2.0222162e-09      0.81767174       8.6507421       520.10653        1404.887      -12.517328       -12.517328       1933.6443                 100.58776                 407.64017                        11.878588                           8.6507421              1404.887
              8       954.94966       2.9973143       1.0447517       68.682103     0.023468617      0.11622992     0.040719817      0.99904885    0.0039691527   2.0031666e-09      0.80959379       6.5094575       522.12027       1406.3267      -12.528547       -12.528547       1934.9564                 98.087363                 407.42724                        16.605669                           6.5094575             1406.3267
              4       954.98511       3.0237138       1.0456641       68.655889     0.022227165      0.11232137     0.044457309       1.0004874     0.011253918   2.0567534e-09      0.81222407       6.6174253       520.73565        1407.781      -12.581915       -12.581915        1935.134                 102.56905                  406.9274                        11.239203                           6.6174253              1407.781
              4       955.94558       3.0366325       1.0433554       67.863019     0.021235377      0.10706428     0.051103475       1.0008202     0.016466562   2.0834963e-09      0.79696276       6.6248919       521.58825       1408.7722      -12.547109       -12.547109       1936.9854                 104.21696                 406.72935                        10.641935                           6.6248919             1408.7722
             10       957.75773       3.0386619       1.0435075        69.00396     0.022816428      0.10709149     0.050036731      0.99937357     0.019931264   2.0877288e-09       0.7907012       6.8562037       523.93532        1409.863      -12.569529       -12.569529       1940.6545                 107.61883                 406.59907                        9.7174197                           6.8562037              1409.863
             13       956.53969       3.0189301       1.0365398       66.438055      0.01949422      0.10982972      0.04082657       1.0025292     0.010257671   2.0469379e-09      0.80814634        6.160971       524.92651       1406.1703      -12.089178       -12.089178       1937.2577                 105.42386                 407.64436                         11.85829                            6.160971             1406.1703
              2        956.8998       3.0402525       1.0406492       67.064785     0.020453498       0.1065407     0.048707125       1.0004333     0.012245421   2.0910522e-09      0.79749097       6.5341098       523.99736       1408.4399        -12.5859         -12.5859       1938.9714                 108.16006                   406.863                        8.9742993                           6.5341098             1408.4399
              8       956.83392       3.0395764       1.0407461        67.05472     0.020443008      0.10648896     0.048398213       1.0005066     0.012375439    2.089639e-09      0.79706424       6.5298121        523.8661       1408.4327      -12.580392       -12.580392       1938.8286                 108.04587                 406.82902                        8.9912075                           6.5298121             1408.4327
              2       959.67843       3.0252888       1.0418508       67.534374     0.022252543      0.10824209     0.035510463       1.0016462     0.011623727   2.0599954e-09      0.78899054       7.3823679       529.19119       1407.5516      -12.384129       -12.384129       1944.1251                 110.76894                 409.82461                        8.5976499                           7.3823679             1407.5516
             16       961.44211        3.019696       1.0443939       65.063252      0.01869414       0.1085345     0.029102329       1.0012659     0.012455524   2.0485064e-09       0.8068029       7.7301409       535.50527       1404.5942      -12.472718       -12.472718       1947.8297                 110.34776                 412.29903                        12.858482                           7.7301409             1404.5942
              8       961.37438       3.0187479       1.0440798       65.098902      0.01882535      0.10864008     0.028818386       1.0044566     0.012903978   2.0465651e-09      0.80609616       8.0612516       532.19019       1404.5214      -11.012046       -11.012046       1944.7729                 108.31135                 412.34402                         11.53482                           8.0612516             1404.5214
              4       959.71174       3.0273919       1.0344568       64.575854     0.018857909       0.1093823     0.039511151       1.0025906     0.013891955   2.0643322e-09      0.80862108       11.607948       528.28786       1403.6557      -12.064011       -12.064011       1943.5515                 109.25164                 408.01611                        11.020114                           11.607948             1403.6557
              7       961.10319       3.0446459       1.0354355       64.892119      0.01893849      0.11094343     0.045088094        1.002903     0.015620741   2.1002593e-09      0.82404272       11.523954       531.04871       1403.4872      -11.926743       -11.926743       1946.0599                  110.3768                 407.39309                        13.278815                           11.523954             1403.4872
              2       960.73804       3.0323961       1.0364561       65.132142     0.019069845      0.11337921     0.040142716       1.0026243     0.016119291   2.0746885e-09      0.83053441       12.016406       530.34402       1403.2156       -12.04995        -12.04995        1945.576                 108.87612                 408.04624                        13.421669                           12.016406             1403.2156
              2       960.18977       3.0307204       1.0376611       64.442541     0.018122471      0.11278581     0.040649147       1.0024462     0.016364963   2.0712148e-09      0.83214286       12.377256       529.16732       1403.0794      -12.122205       -12.122205        1944.624                 107.21294                 407.95004                        14.004338                           12.377256             1403.0794
              9       959.91667       3.0352971        1.039917       65.488284     0.019348532      0.11404381     0.042517512       1.0040053     0.018590298    2.080716e-09      0.83557279       12.410529       526.85403       1403.2039      -11.317553       -11.317553       1942.4684                 106.10386                 407.50531                        13.244866                           12.410529             1403.2039
             14       958.18665       3.0480115       1.0434673       67.340378     0.021244197      0.11148769     0.049369181       1.0020162       0.0257175   2.1073398e-09      0.82359147       10.060646       526.30638       1404.5577      -12.275728       -12.275728       1940.9247                 108.98518                 407.13134                         10.18986                           10.060646             1404.5577
              2       958.89285         3.05452       1.0443738       67.186728     0.020440774      0.10857852     0.051316899       1.0013401     0.028856423   2.1211003e-09      0.81822718       8.3758445       528.96899       1405.3554      -12.457245       -12.457245       1942.7002                 111.57982                 407.75779                        9.6313766                           8.3758445             1405.3554
             13       958.77548       3.0237418       1.0427439       65.414252     0.018676347       0.1025049     0.047347501       1.0001474      0.01959007   2.0568109e-09       0.7811572       7.0785372       528.60215       1407.0686      -12.599183       -12.599183       1942.7493                 103.41504                 406.90122                        18.285891                           7.0785372             1407.0686
              2       958.94341       3.0250558       1.0437681       65.292305     0.018731838      0.10329838     0.047776107      0.99522849     0.018060628   2.0595153e-09      0.78489035       7.2895578       525.57231        1406.584      -10.779537       -10.779537       1939.4459                 105.83379                 407.08033                        12.658186                           7.2895578              1406.584
              5       957.50768       3.0263012         1.04366       65.360416     0.018802364       0.1031429     0.047975667      0.99879198      0.01877417   2.0620818e-09      0.78440054        7.340719       525.97915       1406.6639      -12.484176       -12.484176       1939.9837                 104.01529                 406.95905                        15.004799                            7.340719             1406.6639
              4       958.33361       3.0258785       1.0393036       64.561184     0.018773741       0.1106748     0.042031543       1.0018992     0.017118629   2.0612104e-09      0.81673879       13.537658       524.47799       1403.2763      -12.312359       -12.312359       1941.2919                 105.20247                 407.41126                        11.864259                           13.537658             1403.2763
              3       956.52606       3.0335528       1.0401592       65.059188     0.019274661      0.11083436     0.047480455       1.0016272     0.015765536   2.0770896e-09      0.81855546       11.764276       522.49908        1403.567      -12.389091       -12.389091       1937.8303                 104.03643                 406.97125                        11.491408                           11.764276              1403.567
              8       956.58347       3.0265939       1.0363934       66.609041     0.021039328      0.11341775     0.046756384       1.0014401     0.017334804   2.0626856e-09      0.81922538       10.950651        523.1889       1403.8974      -12.435011       -12.435011        1938.037                 104.53923                 406.66922                        11.980448                           10.950651             1403.8974
              1       957.17114       3.0503795       1.0435222       67.292874     0.021549858       0.1146939     0.055775279       1.0028204     0.021114381   2.1123359e-09       0.8366022       11.353801       523.03143       1403.8861      -11.964549       -11.964549       1938.2714                 102.94496                 407.95614                        12.130333                           11.353801             1403.8861
              2       957.55175       3.0394822       1.0432298       67.047083     0.021117061      0.11442315      0.05037299      0.99829287     0.021600857   2.0894421e-09      0.83309019       11.127947       524.92255       1403.7886      -12.367779       -12.367779       1939.8391                 105.92912                 407.14289                        11.850538                           11.127947             1403.7886
              8       957.53719       3.0339086       1.0420852       66.138774     0.020586127      0.11320044     0.048067616      0.99761386      0.01633262   2.0778288e-09       0.8245295       11.672653        524.0166        1403.676      -12.145428       -12.145428       1939.3652                 105.60049                 406.90281                        11.513297                           11.672653              1403.676
             10       956.09069       3.0286522        1.049859         68.0076     0.023234892      0.11581161     0.053357548      0.99601159    0.0088236207   2.0669355e-09      0.82273182       8.9641227       520.94822       1404.9257       -11.32833        -11.32833        1934.838                 103.86108                 406.17361                        10.913533                           8.9641227             1404.9257
              5       953.66549       3.0274922       1.0497507       67.549963     0.022506088       0.1157459      0.05559193      0.99562845    0.0066524172   2.0645394e-09      0.82501644       8.3725406       516.33523       1404.7674      -11.072087       -11.072087       1929.4752                 97.904016                 406.68972                        11.741494                           8.3725406             1404.7674
              9       954.50617       3.0372098       1.0493637       67.650484      0.02233656      0.11439256     0.059375291      0.99565725    0.0098987723   2.0846996e-09      0.82477854       8.1191866       517.95129       1405.1262      -11.092164       -11.092164       1931.1967                 98.728235                 408.06699                        11.156073                           8.1191866             1405.1262
             31       954.44169       3.0383353       1.0496409       67.604168     0.022332273      0.11352801     0.058706887      0.99580575     0.010591626   2.0870472e-09      0.82131336       8.1662688        517.7944       1405.3099       -11.19358        -11.19358       1931.2705                 99.316626                 407.85686                        10.620914                           8.1662688             1405.3099
              7       952.83443       3.0382519       1.0495994       67.615001     0.022329509      0.11351339     0.058642161       1.0032897     0.010646993   2.0868731e-09      0.82126006       8.1321007       515.67973       1405.3274      -11.735168       -11.735168       1929.1392                 94.693041                 407.42914                        13.557544                           8.1321007             1405.3274
             13       953.58171       3.0304426       1.0483356       66.669954     0.020816199      0.11201609     0.054889098       1.0029943     0.014988319   2.0706395e-09      0.81920791       8.6614346       517.65231        1404.617      -11.883662       -11.883662       1930.9307                 94.656402                 407.09656                        15.899348                           8.6614346              1404.617
              2       955.14757       3.0240847       1.0462554       66.470685     0.019510579      0.11220713     0.051661011      0.99734404     0.017784421   2.0575163e-09      0.82605487       7.3119731       522.58063       1404.4757      -12.036591       -12.036591       1934.3683                 98.710043                 407.37834                        16.492244                           7.3119731             1404.4757
             10       955.69407       3.0352834       1.0455006       67.248413     0.019908745      0.11386816     0.054146494      0.99745693     0.012477784   2.0806873e-09      0.83663899       6.9487058       523.24558       1405.3609      -12.083546       -12.083546       1935.5552                 100.81592                   408.005                        14.424665                           6.9487058             1405.3609
              6       955.72138       3.0165568       1.0454176        67.98023     0.021677046      0.11235021     0.040165978       1.0040162    0.0090515876   2.0420857e-09      0.81080315       6.3692098       520.70404       1406.9906      -11.310532       -11.310532       1934.0638                 100.63866                 407.74136                        12.324016                           6.3692098             1406.9906
              2       955.54063       3.0075439       1.0430658       67.724167     0.021422497      0.11355259     0.037624903       1.0022906    0.0072498512   2.0237633e-09      0.81265752       6.2581154       522.89643       1406.2891      -12.181187       -12.181187       1935.4436                 101.18069                   408.549                         13.16674                           6.2581154             1406.2891
              5       953.19316       3.0357668       1.0489229       66.293492     0.019504924      0.11282086     0.057542452       1.0020064    0.0085242524   2.0816934e-09      0.83210962       6.7383722       519.32445       1404.8813      -12.278876       -12.278876       1930.9441                 95.148899                 408.72262                        15.452932                           6.7383722             1404.8813
              1       954.00058       3.0435253       1.0476101       66.029659     0.019623541      0.11283277     0.060397554       1.0028175    0.0059553134    2.097907e-09      0.83272781        6.945686       520.28016        1404.707      -11.965847       -11.965847       1931.9329                 96.598102                 409.87393                        13.808125                            6.945686              1404.707
              5        953.6524        3.037552       1.0496494       64.676657     0.018654798      0.11022533     0.056285934       1.0029508    0.0075128691   2.0854131e-09       0.8216459       8.5231541       518.58743       1404.0029      -11.904351       -11.904351       1931.1135                 95.629313                 408.55588                        14.402245                           8.5231541             1404.0029
             74       953.67215       3.0384296       1.0497101        64.73236     0.018724891      0.11022626      0.05646845       1.0029969    0.0076316661   2.0872439e-09       0.8217268       8.5202168       518.55224       1404.0366      -11.882392       -11.882392       1931.1091                 95.789396                 408.59318                        14.169664                           8.5202168             1404.0366
             12       954.43633       3.0348282       1.0493435       64.393874     0.018227755      0.10826352     0.053678088      0.99817925    0.0054272958   2.0797405e-09      0.81288486       7.3867631       521.58782       1404.5695      -12.335711       -12.335711       1933.5441                 100.19855                 408.02943                        13.359842                           7.3867631             1404.5695
             14       954.78867       3.0345715       1.0493392       64.449454     0.018255327      0.10838168     0.053856905      0.99742208    0.0053883405   2.0792067e-09      0.81330991       7.2892903       521.82797       1404.5986      -12.069268       -12.069268       1933.7159                 100.49393                  408.1126                        13.221434                           7.2892903             1404.5986
              4       954.02876       3.0356316       1.0491728       64.427905     0.018207882      0.10816417     0.053954249        1.002649     0.005803842   2.0814121e-09      0.81302211       7.2970523        520.2149       1404.6247      -12.039559       -12.039559       1932.1366                 97.520748                 407.89963                        14.794526                           7.2970523             1404.6247
              4       954.37401       3.0317782       1.0496066       64.817109     0.018819134      0.10736413     0.048448136       1.0028107    0.0020773462   2.0734069e-09       0.8037881       6.6039982       520.36996       1405.7119      -11.968937       -11.968937       1932.6859                  100.6472                  406.4961                         13.22666                           6.6039982             1405.7119
              7       954.87432       3.0264141        1.047406        64.92593     0.019088793      0.10878247     0.044465338       1.0040505    0.0023072778   2.0623147e-09      0.80618102       6.9883187         520.193       1405.1441      -11.288397       -11.288397       1932.3254                  100.9646                 406.57466                        12.653733                           6.9883187             1405.1441
             20       954.45711       3.0231737       1.0479616       64.674005     0.018453668      0.10831956     0.043114382        1.001296    0.0018292364   2.0556429e-09      0.80650263       6.4273171       522.18073       1405.2393      -12.466557       -12.466557       1933.8473                 102.24776                 406.92551                        13.007462                           6.4273171             1405.2393
             23        954.2774       3.0233229        1.048092       64.892631     0.018718977      0.10919807     0.042635349       1.0014358    0.0023002989   2.0559495e-09      0.80962652       6.5313275        521.8215        1405.074      -12.435991       -12.435991       1933.4268                 102.16774                 407.00118                        12.652576                           6.5313275              1405.074
             15       955.60827       3.0226201       1.0480304       64.797933      0.01863735      0.10949629     0.042222174      0.99825254    0.0021396702   2.0545052e-09      0.81097908       6.6287386       524.43962       1404.8614      -12.356632       -12.356632       1935.9298                 104.15624                 407.22279                        13.060592                           6.6287386             1404.8614
              2       955.83445       3.0219694       1.0480035        64.75347     0.018591169      0.10945921     0.041894484       1.0057835    0.0024277956   2.0531688e-09      0.81078564       6.6924784       520.02779       1404.7986      -9.9249832       -9.9249832       1931.5189                 99.242758                  406.9947                        13.790338                           6.6924784             1404.7986
             10       957.47648       3.0309462       1.0441071       65.605639     0.021129437      0.10657531     0.044233865       1.0015152    0.0029968871   2.0716826e-09      0.78442857       9.4145919       524.03966       1406.3332      -12.417246       -12.417246       1939.7875                 106.78046                  406.6117                        10.647494                           9.4145919             1406.3332
              4        957.4839       3.0321632       1.0445346       65.353843     0.020637815      0.10626488     0.043427195       1.0017912    0.0037823252   2.0742053e-09      0.78635627       9.1908962       524.32135        1406.144      -12.344245       -12.344245       1939.6563                 106.97968                 406.79157                        10.550109                           9.1908962              1406.144
              9        958.4565       3.0330201       1.0453445       65.183851     0.020835372      0.10660965     0.043208276       1.0022169   0.00012463424   2.0759835e-09      0.78599235       9.6460191       525.65155        1406.031      -12.207764       -12.207764       1941.3285                 107.72932                   406.763                        11.159232                           9.6460191              1406.031
              1       958.83029       3.0086444       1.0433077       65.898306     0.020840295        0.106852     0.034080351       1.0026814    0.0029613649   2.0259916e-09       0.7795992       7.7188509       527.06406       1406.9291      -12.025727       -12.025727        1941.712                 105.09109                 409.75942                        12.213544                           7.7188509             1406.9291
              4       958.65493       3.0093563       1.0436951       65.894785     0.020695956      0.10627811     0.034847447       1.0020476    0.0037899612   2.0274345e-09       0.7783915       7.5479092       527.10269       1407.1902      -12.265494       -12.265494       1941.8408                 105.10777                 409.51402                        12.480906                           7.5479092             1407.1902
             16       959.22806       3.0085864       1.0435723       65.695491      0.02057594      0.10596392     0.035045432       1.0025304     0.003714409   2.0258743e-09      0.77680363       7.8603366        527.7547       1407.0185      -12.088683       -12.088683       1942.6335                 104.46744                 409.31528                         13.97198                           7.8603366             1407.0185
              6       954.30167       3.0259364       1.0448322       67.272632     0.021608707      0.11252541     0.043545138       1.0019088    0.0059281108   2.0613298e-09      0.81302294       6.6877139        520.5121       1406.0224      -12.309452       -12.309452       1933.2222                 103.27667                 406.86065                         10.37478                           6.6877139             1406.0224
              5        953.8638       3.0181717       1.0441362       67.098116     0.020877158      0.11138698     0.043479283       1.0003093     0.006327505   2.0453862e-09      0.80894069       6.2685993        520.1255         1406.52      -12.593266       -12.593266       1932.9141                 102.17419                 406.83473                        11.116583                           6.2685993               1406.52
              2       953.58729       3.0175304       1.0431594       68.137051     0.023076241      0.11325371     0.049708674       1.0004968    0.0040016496   2.0440749e-09      0.80461147       6.7192724        518.7429       1406.8748      -12.581178       -12.581178       1932.3369                 99.628218                  405.7098                        13.404885                           6.7192724             1406.8748
             26       953.83574       3.0175934       1.0431676       68.137103     0.023081221      0.11326357     0.049721581       1.0016973    0.0040410917   2.0442037e-09      0.80466052       6.7293198       518.82117       1406.8619      -12.370448       -12.370448       1932.4124                 98.895817                 405.65946                        14.265893                           6.7293198             1406.8619
              3       953.64717       3.0125524       1.0435358       68.058401     0.022736297      0.11345553      0.04675018      0.99958745    0.0031810882   2.0339247e-09      0.80555179       6.4524704       519.11216       1406.9043      -12.587306       -12.587306       1932.4689                 100.19038                 406.00626                        12.915514                           6.4524704             1406.9043
              5       954.01664       3.0246858       1.0446971        68.98097     0.023435623        0.117966     0.053930625       1.0021766    0.0015693374   2.0587536e-09      0.82926901       6.6405939       519.40814       1406.4284      -12.221926       -12.221926       1932.4771                 97.771479                 405.91631                        15.720358                           6.6405939             1406.4284
              1       953.56692       3.0229888       1.0442556       68.945747     0.023595826       0.1182973     0.052689333       0.9992416      0.00101574   2.0552627e-09      0.82862751       6.6182335         519.408       1406.2174      -12.554909       -12.554909       1932.2437                 100.09195                 405.84458                        13.471473                           6.6182335             1406.2174
              4       953.97702       3.0228103       1.0460868       69.212257     0.023621934      0.11966424     0.048935829       0.9999725   0.00066441901   2.0548959e-09       0.8359188       6.8069644       520.21311       1406.1357      -12.600861       -12.600861       1933.1558                 100.69362                 405.89447                        13.625018                           6.8069644             1406.1357
              7       953.76517       3.0233722       1.0486759       68.278853     0.022322932      0.11957633     0.046858586       1.0006963   0.00032860088   2.0560508e-09      0.84253182       6.9120969       520.56124       1405.1813      -12.562137       -12.562137       1932.6546                 99.911309                 406.19547                        14.454462                           6.9120969             1405.1813
             12       953.53981       3.0277376       1.0477568       68.775632      0.02325708      0.11820027     0.046997973       1.0007679     0.003717504   2.0650459e-09      0.83369188       6.8644323       519.55577       1405.7669      -12.553742       -12.553742       1932.1871                 101.21797                 406.24771                        12.090087                           6.8644323             1405.7669
              3       954.72176       3.0343153       1.0465613       68.729693     0.023467205      0.11636283     0.047802634       0.9993911    0.0057405558    2.078674e-09      0.82644607       6.9647783       521.49709       1406.1242      -12.571261       -12.571261       1934.5861                 104.31535                 406.31003                        10.871718                           6.9647783             1406.1242
             10       954.09843       3.0329457       1.0473705       68.823481     0.023820607      0.11630934     0.048680537      0.99907313    0.0054238641   2.0758291e-09      0.82371777       7.0880026       519.97243       1406.2008      -12.532194       -12.532194       1933.2612                 103.41455                 406.12685                        10.431032                           7.0880026             1406.2008
              8       955.60499       3.0232481        1.047794       68.495635     0.022697019      0.11387557     0.041105682      0.99895745    0.0069957534   2.0557958e-09      0.81552556       6.4928285       522.70854       1407.0366       -12.51397        -12.51397       1936.2379                 104.68277                 407.77381                        10.251955                           6.4928285             1407.0366
             16       955.96457       3.0192773       1.0461779       68.467142     0.022367554      0.11459472     0.040077491      0.99877917    0.0063186847   2.0476488e-09        0.818762       6.4873336       523.52103       1406.8842      -12.481687       -12.481687       1936.8925                 104.79096                 408.01873                        10.711344                           6.4873336             1406.8842
              1       954.82368       3.0137569       1.0450603       68.436935     0.022747239      0.11501926     0.039774442       1.0000074    0.0051384616   2.0363761e-09      0.81519712       6.4117313       521.83444        1406.603      -12.600917       -12.600917       1934.8492                 102.94249                 407.98533                        10.906619                           6.4117313              1406.603
              6       955.53885       3.0156651       1.0472179       68.096181     0.022689238      0.11251523     0.040045447      0.99798892    0.0048700633   2.0402655e-09      0.80435779       6.4889682       521.90701       1407.2365      -12.277367       -12.277367       1935.6324                 104.32736                 407.92446                        9.6551899                           6.4889682             1407.2365
              7         955.734       3.0085874       1.0466282       68.197378     0.024051209      0.11394661     0.038685177      0.99784791    0.0027729325   2.0258763e-09      0.79877772       8.0660392       521.49914       1406.3636      -12.230403       -12.230403       1935.9288                  103.5843                 408.31753                        9.5973087                           8.0660392             1406.3636
              3       957.13222       3.0251611       1.0450468       68.435449     0.024806006      0.11472063     0.043209771      0.99781048    0.0036954679   2.0597322e-09      0.80440813       9.4553946       523.24899       1405.9949      -12.217403       -12.217403       1938.6992                 106.85505                 407.02119                         9.372748                           9.4553946             1405.9949
              4       956.68782       3.0572375       1.0483603       67.912499     0.023992017      0.10914901     0.064243795       0.9978025    0.0097997011   2.1268722e-09      0.79698257       9.7756192       520.82989       1407.1993      -12.214602       -12.214602       1937.8048                 103.19202                 408.99039                        8.6474851                           9.7756192             1407.1993
             17       957.70135       3.0667916       1.0488379       68.165536     0.024791524      0.11006794     0.069532198       0.9989714     0.010583629   2.1472899e-09      0.80094767       11.651241       522.06031       1406.7237       -12.51628        -12.51628       1940.4353                 102.15826                 411.19118                        8.7108673                           11.651241             1406.7237
              2       957.78795       3.0629238       1.0485348       68.228575     0.024838445      0.11029518     0.068219645      0.99766375    0.0095976598   2.1390007e-09       0.8000686       11.174016       521.88015       1406.8503      -12.164276       -12.164276       1939.9045                  102.7821                 410.45911                        8.6389425                           11.174016             1406.8503
             13        955.7228       3.0502771       1.0492188       69.222554     0.024574506      0.11271469     0.058952408      0.99786935    0.0045871962   2.1121197e-09      0.81033153       6.8599585       520.46328       1408.5979      -12.237749       -12.237749       1935.9211                 104.57144                 406.88959                        9.0022478                           6.8599585             1408.5979
             12       953.23782        3.026002        1.048627       69.065192     0.024292659      0.11467665      0.05035033      0.99815462    0.0050991229   2.0614649e-09      0.81114876       6.8642285       517.00931       1407.2591      -12.328489       -12.328489       1931.1326                   100.932                 405.77593                        10.301375                           6.8642285             1407.2591
             15       952.81759       3.0191672       1.0492699       69.078642     0.024355623      0.11490842     0.047292386       1.0001011    0.0042612112   2.0474235e-09      0.80911762       6.8127784       516.75986       1407.2627      -12.600105       -12.600105       1930.8354                 99.185873                  405.9762                        11.597788                           6.8127784             1407.2627
              1       953.37289         3.01851       1.0493395         69.4881     0.024967676      0.11521309     0.048648562      0.99851977    0.0051016664   2.0460782e-09      0.80757457       6.9327822       517.15331        1407.511      -12.425636       -12.425636        1931.597                 99.171355                 405.80359                         12.17836                           6.9327822              1407.511
              4        953.5741       3.0013538       1.0476048       68.098796     0.023187909      0.11665959     0.044399811       1.0020307    0.0037849488   2.0112747e-09      0.81421791       7.3663843       519.02761       1405.2963      -12.271025       -12.271025       1931.6902                 93.836129                 406.13764                        19.053839                           7.3663843             1405.2963
             22       954.32812        2.995843       1.0452535        67.40001     0.021768262      0.11625234     0.041494783        1.002041    0.0034467882   2.0002214e-09       0.8167701       6.6919399       521.55108       1404.9486      -12.267682       -12.267682       1933.1916                 94.417684                 406.86112                        20.272283                           6.6919399             1404.9486
              2        955.9591       3.0015018       1.0451989       64.656974     0.018818392       0.1088754     0.043342025       1.0022856    0.0045402163   2.0115724e-09      0.79753791       7.7290064       523.96358       1404.5916      -12.182998       -12.182998       1936.2842                 95.059771                 406.43256                        22.471249                           7.7290064             1404.5916
              7       954.30222       3.0087102       1.0488018       64.895991     0.020149649      0.11185044      0.05011404        1.002466   0.00074946506   2.0261249e-09      0.80584076       10.591192       518.37124       1403.8709       -12.11443        -12.11443       1932.8333                 92.622323                 405.74152                        20.007401                           10.591192             1403.8709
              1        953.5342       3.0124555       1.0490598       65.224193     0.020508819      0.11227543     0.050809925       1.0026957    0.0013031648   2.0337277e-09      0.80804549         10.3845        516.7436       1403.9795      -12.019589       -12.019589       1931.1076                 93.008024                 405.75023                        17.985344                             10.3845             1403.9795
             19       952.68152       3.0124733       1.0496759       65.963018     0.021646852      0.11296621     0.052083346      0.99986858    0.0010575618   2.0337638e-09      0.80585793       10.480271       515.73807       1404.3438       -12.59954        -12.59954       1930.5621                  94.21104                 405.61056                        15.916476                           10.480271             1404.3438
              2       953.34883       3.0046724       1.0474837        66.86915     0.022422818       0.1140316     0.046613756       1.0023887   0.00024817222   2.0179605e-09      0.80427148       8.4957616       517.43595       1405.0548      -12.144447       -12.144447       1930.9866                 94.626281                 405.62951                        17.180162                           8.4957616             1405.0548
              1       953.21483       3.0038148        1.047762       66.903801     0.022342919      0.11362757     0.045617939       1.0019248    0.0019607238   2.0162306e-09      0.80316127       8.5049864        517.4234       1405.1104      -12.304546       -12.304546       1931.0388                  94.60431                 405.83072                        16.988378                           8.5049864             1405.1104
              1       952.94744       3.0041997       1.0475885       66.805708     0.022008034      0.11269476     0.043093825       0.9994061     0.001951087   2.0170068e-09      0.80094735       7.8333356       517.75401       1405.4529      -12.572705       -12.572705       1931.0403                 97.871933                 406.51762                        13.364453                           7.8333356             1405.4529
              6       952.88992       2.9996404       1.0494761       66.271444     0.021450899      0.11253147     0.041981311       1.0006971   0.00019251163   2.0078315e-09      0.80076132       7.9977404       517.82942       1405.0768      -12.562042       -12.562042       1930.9039                 95.713934                 406.64023                        15.475263                           7.9977404             1405.0768
              6       952.65186       3.0015771       1.0494011       66.373939     0.021574011      0.11264937      0.04377215       1.0004213   9.3817492e-05   2.0117238e-09       0.8015054       7.9154314       517.40786       1405.1539      -12.586724       -12.586724       1930.4772                 95.631019                 406.21803                        15.558809                           7.9154314             1405.1539
              2       952.08952       3.0153032       1.0486293       66.520509     0.021556718      0.11210231     0.048649036      0.99932046    0.0020598838   2.0395274e-09      0.80522446       7.7001936       516.20886        1405.398       -12.56398        -12.56398        1929.307                 97.803228                 405.79325                        12.612384                           7.7001936              1405.398
              3       952.38418         3.01492       1.0496103       65.989081     0.020738364      0.11110366      0.04428737       1.0013179    0.0021679237   2.0387461e-09      0.80477348       7.4963589       516.93658       1405.2594      -12.461978       -12.461978       1929.6923                  98.27977                 406.33527                        12.321541                           7.4963589             1405.2594
             12       952.98953       3.0142521       1.0481613       66.657224      0.02125406      0.11171362     0.041509515       1.0014865     0.004922494   2.0373847e-09      0.80594576       7.1811464       518.06206       1405.5841      -12.424146       -12.424146       1930.8274                 99.664697                 407.13646                        11.260907                           7.1811464             1405.5841
             18       953.46429       3.0122838       1.0467455       66.369229      0.02094077      0.11125816     0.040917509       1.0020262     0.005039625   2.0333786e-09      0.80391818       7.3425108       518.71802        1405.413      -12.272486       -12.272486       1931.4736                 99.623959                  407.2836                         11.81046                           7.3425108              1405.413
              1       954.14393       3.0201464       1.0452047       66.103122     0.020976635      0.11015189     0.044876159      0.99891483    0.0041730395   2.0494293e-09      0.80020354       7.9090139       519.87611       1405.5162      -12.506714       -12.506714       1933.3013                 102.87977                 406.47451                         10.52183                           7.9090139             1405.5162
              6       954.50366       3.0236253       1.0451015       66.404781     0.021346019      0.11060162     0.044979825       1.0040191    0.0048622567   2.0565714e-09      0.80217345       7.9542689       518.07319       1405.5972      -11.308672       -11.308672       1931.6247                 100.64324                 406.34212                        11.087825                           7.9542689             1405.5972
             11       952.67064       3.0160392       1.0475192       66.674273     0.021939496       0.1136043     0.047118232       1.0031426     0.003235779   2.0410291e-09       0.8102224       8.7453094       515.42007       1404.7975      -11.810824       -11.810824       1928.9629                 96.362714                 405.78606                        13.271297                           8.7453094             1404.7975
             42       952.39455       3.0212808       1.0499917       66.619579     0.022151468      0.11423533     0.049495682       1.0035537   2.1228721e-05   2.0517554e-09      0.81372624       8.8434666       514.39141       1404.7354      -11.590594       -11.590594       1927.9703                 96.319952                 405.53489                        12.536563                           8.8434666             1404.7354
              6       953.00731       3.0217514       1.0490543       66.941439     0.022783853      0.11446658     0.048196301       1.0037719    0.0013904053   2.0527212e-09      0.81167258       9.7227299       514.45572       1404.7616      -11.462722       -11.462722       1928.9401                 97.074016                  405.5817                        11.800004                           9.7227299             1404.7616
             12        952.5743       3.0301454       1.0480957       66.712596     0.022247305      0.11520558     0.054002788       1.0026856    0.0041068386   2.0700242e-09      0.82171841       10.464613       514.56415       1404.1677      -12.023911       -12.023911       1929.1964                  96.37736                 406.13566                        12.051134                           10.464613             1404.1677
             26       953.45177       3.0434522       1.0483151       68.104607     0.024252603      0.11452385     0.060286181      0.99987115     0.006483126   2.0977538e-09      0.81523009       10.270475        516.4136       1405.4187      -12.599594       -12.599594       1932.1027                 99.213836                 407.22114                        9.9786279                           10.270475             1405.4187
             12       953.44909       3.0435316       1.0484312        68.08621     0.024258873      0.11462003     0.060339887      0.99990187     0.006236756   2.0979202e-09      0.81560541       10.337248       516.38397       1405.3773      -12.600151       -12.600151       1932.0985                 99.172474                  407.2334                         9.978098                           10.337248             1405.3773
              3       952.80358       3.0392624       1.0489741       68.196317     0.024208733      0.11464425     0.057661314       1.0019558     0.007290257   2.0889828e-09       0.8150338       9.9776966       514.77529        1405.444      -12.294904       -12.294904        1930.197                  97.56809                 406.36912                         10.83808                           9.9776966              1405.444
              8       952.95657       3.0404805       1.0480884       67.946233     0.023470605       0.1127036     0.056703502       1.0019861    0.0085843533   2.0915291e-09      0.81061506       8.7879031       515.71664       1405.9793      -12.285344       -12.285344       1930.4838                 98.839632                 406.49179                        10.385224                           8.7879031             1405.9793
             19       953.12397       3.0439486       1.0486962       68.459536      0.02414668      0.11323765     0.058509511       1.0021955    0.0074207128   2.0987952e-09      0.81142019       8.3227571       515.84181        1406.514      -12.215296       -12.215296       1930.6785                 98.927261                 406.66971                        10.244831                           8.3227571              1406.514
              5       953.13781       3.0487296        1.049749       68.523245     0.024122951      0.11371153     0.061169936       1.0006822    0.0066988168   2.1088537e-09      0.81613742        8.044389       516.83736       1406.5213      -12.563695       -12.563695        1931.403                 99.535944                 407.59104                        9.7103717                            8.044389             1406.5213
             15       953.38422       3.0485658       1.0494183       68.671689     0.024384031      0.11347308      0.06110392       1.0023977    0.0070406155   2.1085082e-09      0.81357536       8.1075106        516.1971       1406.7458      -12.141006       -12.141006       1931.0505                 98.685078                 407.32811                         10.18391                           8.1075106             1406.7458
              5       953.18035       3.0218707          1.0452        68.42815     0.022899056      0.11690183     0.051175017       1.0021189    0.0058535673   2.0529661e-09      0.82632424       6.8583688       518.37805       1405.6078      -12.241733       -12.241733       1930.8442                 96.863774                 405.81511                        15.699159                           6.8583688             1405.6078
             11       953.54437       3.0211082       1.0447832       68.423225     0.022873544      0.11709027     0.051034769       1.0025819    0.0056183673   2.0514013e-09       0.8268414       6.8401433       518.82189       1405.5619      -12.067607       -12.067607        1931.224                 96.609927                 405.82398                        16.387982                           6.8401433             1405.5619
              3       953.38643        3.027168       1.0469433        68.62451     0.022787573       0.1159581     0.051871581       1.0027478    0.0067591888   2.0638701e-09      0.82627096       6.6656104       517.81777       1406.2833      -11.996894       -11.996894       1930.7666                 97.061979                 405.98485                        14.770939                           6.6656104             1406.2833
              9       952.97091       3.0390012       1.0490396       69.137158     0.024785063      0.11874245     0.058873282       1.0033294    0.0019439931   2.0884374e-09      0.83169197       7.7181259       515.90568       1405.7463      -11.714122       -11.714122       1929.3701                 96.982432                 406.44553                        12.477717                           7.7181259             1405.7463
              1       953.30672       3.0237119       1.0450871       67.931808     0.022680146      0.11263524     0.048865513      0.99978677    0.0037675514   2.0567495e-09      0.80685111       6.5851052       518.21684       1407.0061      -12.597284       -12.597284        1931.808                 101.73479                 405.94889                        10.533159                           6.5851052             1407.0061
              2       952.62988       3.0147643       1.0448927        66.45348     0.020587075      0.11306446     0.047537079       1.0000677   0.00034803951   2.0384286e-09      0.81441721        6.290263       518.68674       1405.4839      -12.600555       -12.600555       1930.4609                 99.548561                 406.06464                        13.073543                            6.290263             1405.4839
             20       952.23518       3.0215599        1.046657       66.238124     0.020861325      0.11287461     0.050921452       1.0004327   8.5332681e-05   2.0523282e-09      0.81423802       6.9705703       517.54077       1405.1309      -12.585942       -12.585942       1929.6422                 98.964121                 406.06068                        12.515968                           6.9705703             1405.1309
              1       952.24114       3.0215349       1.0466571       66.237969     0.020861303      0.11287978     0.050907725       1.0004332   8.3483102e-05   2.0522768e-09      0.81424988       6.9714082       517.55381       1405.1289      -12.585909       -12.585909       1929.6541                 98.965265                 406.07372                        12.514822                           6.9714082             1405.1289
             30       952.46772       3.0280446       1.0482614       66.695982     0.021377119      0.11033286     0.049942745      0.99998451    0.0077066272   2.0656802e-09      0.80488046       7.6194088       516.65565       1405.8622      -12.600903       -12.600903       1930.1372                 99.899472                 406.11884                        10.637335                           7.6194088             1405.8622
             20       952.34557       3.0302438       1.0482703        66.77469     0.021562871      0.11071097     0.051236937        1.000832    0.0073355975   2.0702279e-09       0.8064368       7.7616612       516.22432       1405.7963      -12.545549       -12.545549       1929.7822                 99.313327                 406.15797                        10.753022                           7.7616612             1405.7963
             16       954.42168       3.0193262       1.0477719       65.935202     0.020634478      0.11340314     0.045937377       1.0060889    0.0030157006    2.047749e-09      0.81736451       8.2478721       515.54185       1404.3235      -9.6349315       -9.6349315       1928.1132                 95.679051                 406.02497                        13.837827                           8.2478721             1404.3235
              7       952.43129        3.023088       1.0480136       65.802963     0.020310877      0.11322651     0.047156125       1.0013793    0.0039341438   2.0554667e-09      0.82020847       8.1768261       517.34572       1404.2375       -12.44873        -12.44873         1929.76                 98.639202                 406.25388                        12.452633                           8.1768261             1404.2375
              6       952.65289       3.0213843       1.0475165       66.086568     0.020510097      0.11307699     0.044989539       1.0014047     0.005232175   2.0519678e-09      0.81845331       7.8675893       517.85376       1404.4706      -12.443073       -12.443073       1930.1919                  99.40459                 406.45649                        11.992686                           7.8675893             1404.4706
             24       952.24986       3.0213732       1.0497376       66.344553     0.020442977      0.11336411     0.045889419        1.003366     0.004952091   2.0519449e-09      0.82167986       7.0281132       516.08774        1404.773      -11.694546       -11.694546       1927.8888                 96.785307                 406.28559                        13.016848                           7.0281132              1404.773
             13       952.54533       3.0211301       1.0498902       66.399706     0.020457638      0.11353746     0.045771272      0.99884332    0.0048642903   2.0514462e-09      0.82248067       6.9508359       518.33402       1404.7936      -12.493888       -12.493888       1930.0784                 99.539443                 406.46736                        12.327218                           6.9508359             1404.7936
              1       953.64474        3.024325       1.0495203       66.234375     0.020046936      0.11290579      0.04652951       0.9999676    0.0062177937   2.0580109e-09       0.8234214       6.8590031       520.83582       1404.7963      -12.600838       -12.600838       1932.4911                 101.85125                 406.51613                        12.468434                           6.8590031             1404.7963
              2       953.15481        3.034537       1.0476298       66.524575     0.020554902      0.11118221     0.052689828      0.99977926    0.0042069358   2.0791349e-09      0.81580336        6.485175       519.04081       1405.9777      -12.597024       -12.597024       1931.5037                 101.18467                 406.75962                        11.096521                            6.485175             1405.9777
              3       954.01404       3.0315079       1.0462261       67.439337     0.021877151       0.1143774     0.053509352      0.99764081    0.0021477947   2.0728465e-09      0.82220688         6.61115       519.87532       1405.8529       -12.15566        -12.15566       1932.3394                 102.18049                 406.52427                        11.170565                             6.61115             1405.8529
              2       954.54195       3.0485626       1.0499355       69.109881     0.024097631      0.11463402     0.060567519       1.0009317   0.00012345182   2.1085016e-09      0.82096909       6.7458728       519.12945       1408.2715      -12.531479       -12.531479       1934.1469                 101.94051                 407.33121                        9.8577265                           6.7458728             1408.2715
             20       956.31462       3.0510835       1.0499152       69.182384     0.024210504      0.11472464       0.0612757       0.9976108   0.00095326162   2.1138236e-09      0.82203942       6.7690554       521.96616       1408.1825      -12.144258       -12.144258       1936.9178                 104.14406                 407.73686                        10.085235                           6.7690554             1408.1825
              6       954.78738       3.0251045       1.0456778       66.390517     0.021849784       0.1116269     0.053097644      0.99653537    0.0088861583   2.0596156e-09      0.80511871       11.206995       517.06549       1404.5835      -11.640629       -11.640629        1932.856                 99.867044                 406.32078                         10.87767                           11.206995             1404.5835
              3       954.72175       3.0254035       1.0458642        66.50564     0.022090625        0.112118     0.053743179      0.99652116    0.0080696802   2.0602317e-09      0.80611903       11.313341       516.82707       1404.5686      -11.632734       -11.632734        1932.709                 99.639153                 406.30327                         10.88465                           11.313341             1404.5686
             16       955.27392       3.0191134       1.0464755       67.340135      0.02356018      0.11382915     0.050657604      0.99635828    0.0089027069   2.0473132e-09      0.80447384       13.011113       516.05542       1404.5612       -11.53995        -11.53995       1933.6277                 99.335326                 405.69936                        11.020734                           13.011113             1404.5612
              6       954.67256       3.0193401        1.046333       67.299217     0.023594172      0.11376776     0.051119227      0.99760639    0.0084958078   2.0477775e-09      0.80380559       13.238244       515.83908       1404.5529      -12.142571       -12.142571       1933.6303                 98.488773                 405.62556                        11.724749                           13.238244             1404.5529
             15       955.88003       3.0220364        1.049306       67.612381     0.024699141      0.11672458      0.05139154      0.99604707    0.0040306876   2.0533063e-09      0.81203276       15.302009       515.05047       1404.1093      -11.350866       -11.350866       1934.4618                 99.418879                 405.42453                        10.207066                           15.302009             1404.1093
              2       959.05797       3.0220602       1.0457134        66.39796     0.022653513      0.11574366     0.052446286      0.99343862    0.0014078727   2.0533552e-09        0.815762       13.152589       519.50089        1403.776      -9.1567842       -9.1567842       1936.4295                  102.2743                 405.99145                        11.235142                           13.152589              1403.776
              3       958.36381       3.0140537       1.0450663       66.572803     0.022586044      0.11592084     0.054018528      0.99265531    0.0027446095   2.0369805e-09      0.81439788       12.319664       517.14157       1403.8371      -8.2853609       -8.2853609       1933.2983                 99.219656                 406.13411                        11.787806                           12.319664             1403.8371
              4       953.93742        3.016367       1.0462696       66.609638     0.022516879      0.11474648      0.05399214       1.0025917    0.0042331258   2.0416982e-09      0.81129903       11.895928       516.01345       1404.0926      -12.063576       -12.063576        1932.002                 93.075332                 405.67777                        17.260344                           11.895928             1404.0926
              1       953.85438       3.0152041       1.0462441       66.597859       0.0223849      0.11454321     0.054119394       1.0024043    0.0038011363   2.0393254e-09      0.81065753       11.170069       516.60912       1404.2065      -12.138461       -12.138461       1931.9857                 92.935191                 405.74442                        17.929513                           11.170069             1404.2065
             38       953.84756        3.017492       1.0474738       66.423108     0.022297004      0.11522781       0.0555809      0.99661558    0.0011806885   2.0439964e-09      0.81455899       11.137403        515.8884       1404.0385       -11.68458        -11.68458       1931.0643                  96.50482                 406.27094                        13.112633                           11.137403             1404.0385
             12       952.91013       3.0370568       1.0471218       68.687643     0.024043114      0.11621245     0.057710816       1.0016495   0.00095593243   2.0843805e-09      0.82201974       6.9791512        517.1215       1406.4861      -12.383255       -12.383255       1930.5868                  99.61922                  406.4065                        11.095781                           6.9791512             1406.4861
             18       955.41401         3.00596       1.0448979       68.608904     0.022657134      0.11500281     0.045067753       1.0023013    0.0033369646   2.0205604e-09      0.81261666       6.4252925       521.50194       1407.2553      -12.177246       -12.177246       1935.1825                 96.522546                 406.18839                        18.790998                           6.4252925             1407.2553
              9       953.35015       3.0057204       1.0441977       67.589217     0.021720699      0.11505815     0.045439136       1.0004634    0.0023206401   2.0200763e-09        0.815702       6.2522909       519.74826       1405.8672      -12.583745       -12.583745       1931.8678                 97.412231                 406.13193                        16.204105                           6.2522909             1405.8672
              8        953.6774       3.0047309       1.0434745       66.973519     0.020623273      0.11476252      0.04702047       1.0001623    0.0025093126   2.0180784e-09      0.81944819       6.1684119       520.99592       1405.3881      -12.598814       -12.598814       1932.5524                 96.273115                 406.04438                        18.678424                           6.1684119             1405.3881
              3       953.77855       3.0027143       1.0431805       66.778102     0.020453096      0.11411878       0.0463629      0.99992198    0.0021068168    2.014013e-09      0.81609277       6.1057288       521.20895       1405.4433      -12.600435       -12.600435        1932.758                 96.484545                 406.10173                        18.622669                           6.1057288             1405.4433
              1       953.77769       3.0027192       1.0431814       66.777925     0.020453055      0.11411834     0.046364073      0.99992233    0.0021076897   2.0140228e-09      0.81609302       6.1057651       521.20738       1405.4431      -12.600439       -12.600439       1932.7562                 96.485275                 406.10173                        18.620371                           6.1057651             1405.4431
              2        953.8253       3.0024684       1.0433313       66.679381     0.020319792      0.11380278     0.046675918      0.99983334    0.0017576351   2.0135178e-09      0.81514729       6.0772009       521.26659       1405.5042        -12.5987         -12.5987        1932.848                 96.357163                 406.06639                        18.843029                           6.0772009             1405.5042
              6       953.73447       3.0067134       1.0424067       66.786116     0.020633821      0.11384504     0.049529506      0.99979787    0.0018712531   2.0220833e-09       0.8149514       6.1520191       520.99064       1405.5216      -12.597653       -12.597653       1932.6643                 96.617657                 405.98152                        18.391462                           6.1520191             1405.5216
              3       953.95544       2.9988874       1.0428261       67.183651     0.021502189      0.11634707     0.047944805      0.99948837   0.00070879754   2.0063202e-09      0.81822208       6.4391715       521.66341       1404.9683      -12.579981       -12.579981       1933.0708                 95.127468                 405.73884                        20.797096                           6.4391715             1404.9683
              2       954.01511       3.0013554       1.0430011       67.413313     0.021729149      0.11586875     0.049287587      0.99866489   0.00051797015    2.011278e-09      0.81624849       6.2884235       521.21624       1405.4422       -12.45832        -12.45832       1932.9469                 95.937846                 405.68114                        19.597261                           6.2884235             1405.4422
              2       957.17106       3.0008192        1.039694       68.677978     0.023313997      0.11860271     0.052153687      0.99716139    0.0012932671   2.0101998e-09      0.82051284       6.4168912       526.13196       1405.7059      -11.956306       -11.956306       1938.2547                 96.409025                 405.56897                        24.153971                           6.4168912             1405.7059
              2       957.27003       3.0076312        1.039581       68.230318     0.022549044      0.11861803     0.056756835       0.9972809    0.0011374339     2.02394e-09      0.82711075       6.4632803       526.80393       1405.2917       -12.00944        -12.00944       1938.5589                 95.832896                 406.65856                        24.312475                           6.4632803             1405.2917
              1       958.37669       3.0534369       1.0361574       69.085037     0.024208075      0.11378567      0.06737773      0.99931658     0.016027004   2.1188041e-09      0.81698093       8.4937046       527.15122       1406.2356      -12.563557       -12.563557       1941.8805                 103.32559                 411.20662                        12.619013                           8.4937046             1406.2356
             11       955.85372        3.044205       1.0392838       68.034428     0.022563102      0.11192947     0.063119817      0.99918309     0.012126735   2.0993334e-09      0.81281057        7.262771       523.09901       1406.4407      -12.547535       -12.547535       1936.8025                 101.55248                 409.66431                        11.882215                            7.262771             1406.4407
             32       955.80729       3.0446325       1.0397279       67.925224     0.022226242      0.11124155     0.062991054      0.99925345     0.011249468   2.1002311e-09      0.81165371       6.8468863       523.03206       1406.8483      -12.556335       -12.556335       1936.7272                 101.70116                 409.73424                        11.596655                           6.8468863             1406.8483
             11       955.70612       3.0435199       1.0395009       67.950869     0.022302689      0.11114655      0.06242141       1.0006652     0.011540038   2.0978958e-09      0.81028463        6.896938       522.77976       1406.8666      -12.565519       -12.565519       1936.5433                 100.87754                 409.31976                        12.582468                            6.896938             1406.8666
              5       957.85249       3.0577378       1.0362721       68.118372      0.02301551      0.11612168     0.069567921      0.99963231    0.0098391683   2.1279365e-09      0.83382795        8.644628       527.28991       1404.9507      -12.590106       -12.590106       1940.8852                 102.74248                 413.33375                        11.213678                            8.644628             1404.9507
              4       958.58675       3.0589169       1.0335869       69.190651     0.023789327      0.11618989     0.065283655       1.0032593    0.0058085951   2.1304469e-09      0.83070924       6.9252751       526.84424       1406.9062      -11.751087       -11.751087       1940.6757                 105.98942                 410.37502                        10.479801                           6.9252751             1406.9062
             15       954.71644       3.0346175       1.0441007       69.732024     0.025500603      0.11676721     0.061478173       1.0004962    0.0043327258   2.0793024e-09      0.81664029       7.2641166       520.25379       1407.0774      -12.581224       -12.581224       1934.5953                 98.153217                 406.97363                        15.126946                           7.2641166             1407.0774
              6       954.17968        3.026674       1.0429399       68.692558     0.024221623      0.11760764     0.060769003       1.0005968    0.0010389779   2.0628509e-09      0.82163079       7.3458093       520.36157       1405.7968      -12.572429       -12.572429       1933.5042                 96.857899                 407.11074                        16.392925                           7.3458093             1405.7968
              2       954.60772       3.0382722       1.0450256       68.093306     0.023835924       0.1167717     0.063985879       1.0012459   0.00054766399   2.0869154e-09        0.823945       8.1739599       520.64093        1405.354      -12.476749       -12.476749       1934.1689                 99.210846                 408.61479                        12.815288                           8.1739599              1405.354
              9       954.22386       3.0458929       1.0436166       67.899335     0.022512595      0.11287234     0.061494106       1.0017718    0.0062904592   2.1028799e-09      0.81809206       6.8659184       519.72849       1406.5529      -12.349784       -12.349784       1933.1473                 100.24727                 408.62101                        10.860208                           6.8659184             1406.5529
              7       954.02242       3.0390702       1.0433303       68.119054     0.023185349       0.1138235     0.060933503       1.0013171    0.0028630991   2.0885814e-09      0.81501825       6.8838113       519.41725       1406.6681      -12.462152       -12.462152       1932.9691                 99.930714                 407.79765                         11.68889                           6.8838113             1406.6681
              6       953.43239       3.0293801        1.042407       67.424746     0.022169194      0.11516866     0.059074272      0.99979829    0.0021913449   2.0684407e-09      0.82171946       7.0138896       519.67029       1405.3759      -12.597667       -12.597667       1932.0601                 98.643853                  407.6634                        13.363038                           7.0138896             1405.3759
             12       954.97575       3.0409645        1.045035       67.422577     0.023623318      0.11241422     0.061728028        1.000271    0.0088520756   2.0925416e-09      0.80601626       12.030772       517.96021       1405.1506      -12.595046       -12.595046       1935.1416                  98.39711                 407.95626                        11.606842                           12.030772             1405.1506
              6       955.74805       3.0356693       1.0479304       66.785211     0.023040441      0.11262873     0.061303158      0.99817546     0.011490881   2.0814905e-09      0.80840899       15.479065       516.50256       1404.1837      -12.334606       -12.334606       1936.1653                 96.316899                 408.05475                        12.130907                           15.479065             1404.1837
              9       956.72209       3.0358021       1.0478636       66.779511     0.023034953      0.11262364      0.06137422      0.99634617     0.011488428    2.081767e-09      0.80843894       15.494166       516.83546       1404.1803      -11.532886       -11.532886         1936.51                 97.448996                  408.2039                        11.182567                           15.494166             1404.1803
              4       955.96285        3.022809       1.0459819       65.287964      0.01838271       0.1092084     0.054992622      0.99774548     0.017491393   2.0548933e-09      0.81570696       7.6174386       524.36334       1404.3335      -12.194292       -12.194292       1936.3143                  96.44756                 408.58614                        19.329634                           7.6174386             1404.3335
              6       955.88276       3.0186885       1.0461132       65.816208     0.019027374      0.11052758     0.054392522      0.99746478     0.017130751   2.0464435e-09      0.81721187       7.5512675       523.99041       1404.3973      -12.086735       -12.086735        1935.939                 95.539128                 407.97093                        20.480351                           7.5512675             1404.3973
             10       955.04915       3.0175086        1.049089       67.291646     0.021255618      0.11547843     0.056897382       1.0003052     0.012142801   2.0440303e-09      0.82846722       7.8151617       523.04789       1404.4222      -12.593468       -12.593468       1935.2852                 90.466644                 407.29157                        25.289671                           7.8151617             1404.4222
              4       955.79559       3.0202138       1.0496375        68.62726     0.022684744      0.11734079     0.055841968       1.0005917     0.012151088   2.0495674e-09      0.83253863       7.3080061       524.29286       1405.1361      -12.572914       -12.572914        1936.737                 91.732876                 406.53793                        26.022052                           7.3080061             1405.1361
             16       954.53673       3.0115289       1.0494393       68.094813     0.022076212      0.11902251     0.053574527      0.99971611    0.0050770943   2.0318441e-09      0.83748319       6.9543148       522.59161       1404.7165      -12.594474       -12.594474       1934.2624                 91.459366                 406.08178                        25.050458                           6.9543148             1404.7165
             14       953.43812       3.0227453       1.0454528       67.400188     0.020962482       0.1155016     0.054257999       1.0012979    0.0033915946   2.0547624e-09      0.83002534       6.5128893       519.74524       1405.5504      -12.466155       -12.466155       1931.8085                 96.106681                 406.77841                        16.860153                           6.5128893             1405.5504
             19       952.95816       3.0161666       1.0468783       67.749295     0.021510806      0.11561263     0.049979476       1.0012187    0.0039324252   2.0412891e-09      0.82565279       6.4326638       518.64701       1405.8008      -12.482099       -12.482099       1930.8805                 95.907764                 406.01041                        16.728838                           6.4326638             1405.8008
              7       952.97485       2.9986798       1.0490654       65.393068     0.019605909      0.11315036     0.040224007       1.0021726    0.0038999334   2.0059037e-09      0.81384792       7.8320683         518.576       1403.9882      -12.223304       -12.223304       1930.3963                 93.765256                 407.16493                        17.645808                           7.8320683             1403.9882
              2       953.63011       2.9983257       1.0490414       65.382906     0.019554226      0.11328669     0.039995462       1.0032871     0.004467304   2.0051935e-09        0.814769        7.928966       518.88927        1403.915      -11.736512       -11.736512       1930.7333                 92.951017                 407.19329                         18.74497                            7.928966              1403.915
             16       952.15331       3.0011299       1.0495972       65.797783     0.020135073      0.11337652      0.04210716       1.0011373    0.0041648038   2.0108245e-09      0.81368709         7.74802       517.33293       1404.2205      -12.497438       -12.497438       1929.3015                 94.002554                 406.72038                        16.610003                             7.74802             1404.2205
              3       952.14306       3.0018475       1.0494965       65.764443     0.019973327      0.11295101     0.042556265       1.0010659    0.0043336117   2.0122679e-09      0.81306151       7.4303899       517.53149       1404.3443      -12.510028       -12.510028       1929.3062                 94.111709                 406.61629                        16.803492                           7.4303899             1404.3443
              7       952.08753       3.0038954       1.0498918       65.973084     0.020188633      0.11243148     0.042682509       1.0010813    0.0058468026   2.0163931e-09      0.81111085       7.4256778       517.18069       1404.5835      -12.507382       -12.507382       1929.1898                 94.430389                 406.63096                        16.119342                           7.4256778             1404.5835
              5       952.43039       3.0177753       1.0494306       67.164632     0.022238099      0.11231231     0.045328057       1.0018139    0.0081043491   2.0445755e-09      0.80600361       8.4846224       515.64614       1405.4054      -12.337691       -12.337691       1929.5362                 97.486984                 406.26208                        11.897071                           8.4846224             1405.4054
              2       952.47759       3.0197366       1.0493169       67.350235     0.022497483      0.11283797     0.046273335        1.002481    0.0078540183   2.0485896e-09      0.80794772       8.4867848        515.2679       1405.4175      -12.108478       -12.108478       1929.1721                 97.213398                  406.0728                        11.981702                           8.4867848             1405.4175
             22        952.0125       3.0220297       1.0499558       67.270145     0.021730317      0.11266843     0.047811895       1.0022687     0.010507209   2.0532925e-09      0.81384396       7.6415371       515.39496       1405.3668      -12.189157       -12.189157       1928.4033                 96.376516                 406.07463                        12.943808                           7.6415371             1405.3668
              5       955.07257       3.0041299       1.0454587       66.649681     0.020039322      0.11133255     0.036270187       1.0023053    0.0082229832   2.0168661e-09      0.80833562       6.1552066       522.47343        1405.868      -12.175768       -12.175768       1934.4967                 99.617552                  408.9165                        13.939385                           6.1552066              1405.868
              4       954.89043       3.0114882        1.046632       67.392707     0.020301248      0.11076198     0.043478757       1.0013415    0.0096049715   2.0317614e-09      0.80959453        6.584683       520.85714        1407.253      -12.456959       -12.456959       1934.6948                 97.967534                 406.86523                        16.024374                            6.584683              1407.253
              7       955.32621       3.0124149       1.0448267        67.28025     0.020403968      0.11188055     0.049658136       1.0019726    0.0082423997   2.0336451e-09      0.81335445       6.3581465       522.27442       1406.5991      -12.289617       -12.289617       1935.2317                 94.898194                 406.21926                        21.156966                           6.3581465             1406.5991
              4       954.56785       3.0123582       1.0447081       67.281019     0.020407187      0.11195241     0.049703046      0.99902192    0.0081370515   2.0335298e-09      0.81358868       6.3578689       521.24835       1406.5783      -12.524391       -12.524391       1934.1845                 96.730418                 406.31221                        18.205722                           6.3578689             1406.5783
              1       954.84438       3.0059368       1.0452809       67.117587     0.020211854       0.1129121     0.047774262      0.99763474     0.006884014   2.0205136e-09      0.81624825        6.281936       521.63452        1406.079      -12.153365       -12.153365       1933.9955                 96.348602                  406.2851                        19.000825                            6.281936              1406.079
              3       955.04043       3.0047725       1.0450178       67.119116     0.020104396      0.11282692     0.046123349      0.99777498    0.0069758353   2.0181624e-09      0.81607209       6.3355217       521.99697       1406.1581      -12.204863       -12.204863       1934.4906                 96.925748                 406.42534                        18.645882                           6.3355217             1406.1581
              7       955.53928       3.0055443       1.0445226       68.080418     0.021786898      0.11622968     0.050062175      0.99739627    0.0059524257   2.0197207e-09      0.82286961       6.3738191        523.0754       1405.7465      -12.058567       -12.058567       1935.1957                 95.427967                 405.95403                        21.693397                           6.3738191             1405.7465
              2       955.17428       3.0045177       1.0448174       67.926184     0.021711296      0.11628561     0.050043163      0.99738128    0.0051761387   2.0176482e-09      0.82268317       6.3515644       522.51279       1405.5888      -12.052305       -12.052305       1934.4532                 95.093334                 405.92283                        21.496631                           6.3515644             1405.5888
              3       955.84512       3.0044135       1.0448407        68.00507     0.021824937      0.11664281      0.05063639      0.99609589    0.0048970011   2.0174381e-09      0.82367186       6.3713438       522.52136       1405.5606      -11.381554       -11.381554       1934.4533                 95.581205                  406.0034                        20.936756                           6.3713438             1405.5606
             15       956.91505       3.0044182       1.0448449       68.005888     0.021826164      0.11665175     0.050639996      0.99430293    0.0048880897   2.0174475e-09      0.82370633       6.3719452       521.90801       1405.5589      -10.004389       -10.004389       1933.8389                 96.695259                 406.02008                        19.192674                           6.3719452             1405.5589
             10       956.61912       3.0044081       1.0448304       68.029039      0.02189483      0.11677326     0.050435768      0.99463327    0.0048380238   2.0174271e-09      0.82383539       6.3844073       521.92108       1405.5263       -10.29678        -10.29678       1933.8318                 96.620997                 406.03671                        19.263376                           6.3844073             1405.5263
             10       956.00574       3.0008506       1.0447618       68.213781      0.02208448       0.1170382     0.048074827       0.9964551    0.0047463159   2.0102628e-09      0.82279511       6.3505573       523.19456       1405.6576      -11.595619       -11.595619       1935.2027                  95.79894                  405.9277                        21.467924                           6.3505573             1405.6576
              8       954.78324       3.0022114         1.04581       67.758194     0.021765344      0.11697708     0.048560574      0.99599729    0.0022506304   2.0130004e-09      0.82367738       6.3299977       520.52192       1405.3529      -11.319189       -11.319189       1932.2049                  96.25358                 405.91454                        18.353797                           6.3299977             1405.3529
             17       954.99299       3.0209905       1.0464669       67.471319     0.022178449      0.11438742     0.057957308      0.99598599     0.011569399   2.0511598e-09      0.81807948       8.6770452       519.17146       1404.7614       -11.31194        -11.31194       1932.6099                 95.210806                 407.40065                        16.560005                           8.6770452             1404.7614
             14       956.32443       3.0190708       1.0462164       67.301529     0.021762476      0.11429825     0.057690801       1.0029722     0.011937408    2.047226e-09      0.81922534       8.3769208       523.39406       1404.6663      -11.894214       -11.894214       1936.4373                 90.468523                 407.12386                         25.80168                           8.3769208             1404.6663
             13       954.82768       3.0118991       1.0482635       66.628101     0.021428347       0.1146598     0.057829229       1.0004021    0.0084135264   2.0325964e-09      0.81809198       9.4304095       521.27829       1404.1226      -12.587988       -12.587988       1934.8313                 89.064729                 407.12664                        25.086917                           9.4304095             1404.1226
             12       955.47807       3.0179026       1.0464397       67.037868     0.022773443      0.11366987     0.060955848      0.99661826    0.0032664091   2.0448358e-09      0.80639244       9.5539291       519.77203       1405.0022      -11.686027       -11.686027       1934.3282                 94.266607                 407.56362                        17.941798                           9.5539291             1405.0022
              6       954.43496       3.0234935       1.0493913       67.234551     0.022124635      0.11147323     0.061583874      0.99934433    0.0067337292   2.0563003e-09      0.80502704       7.4948945       520.41419       1406.0939       -12.56653        -12.56653        1934.003                   92.2286                 408.07096                        20.114631                           7.4948945             1406.0939
             23       954.76635       3.0257901       1.0499121        67.15727     0.022045684      0.11176707     0.064080006      0.99926257    0.0052605097   2.0610283e-09      0.80749919       7.3479746       521.25542       1406.0441      -12.557418       -12.557418       1934.6475                 91.750022                 409.15585                        20.349542                           7.3479746             1406.0441
             13       955.20077       3.0327461       1.0480714       67.368529     0.022774708      0.11349772      0.06775261       0.9996769    0.0042215403   2.0754148e-09      0.81329115       8.3667165       521.73885       1405.4811       -12.59257        -12.59257       1935.5867                 92.558377                 410.70651                        18.473959                           8.3667165             1405.4811
             17       955.36098       3.0296795       1.0492998       67.531593     0.022777227      0.11365623     0.067768068      0.99889311    0.0044277727   2.0690599e-09      0.81368182       7.8790526       522.18724       1405.6615      -12.502905       -12.502905       1935.7278                 91.532431                  410.6207                        20.034115                           7.8790526             1405.6615
              4       956.54428       3.0324351       1.0493223       67.452148     0.022572735      0.11258249     0.069429275      0.99667739    0.0045411731   2.0747694e-09      0.81095776       7.5206507       522.94184       1406.0616      -11.717741       -11.717741        1936.524                 93.073108                 411.76488                        18.103851                           7.5206507             1406.0616
              3       956.66749       3.0334487       1.0494038       67.554818      0.02278019      0.11282911     0.070128059       0.9966896    0.0041826311   2.0768735e-09       0.8113665       7.5935923       523.10164       1406.0882      -11.724221       -11.724221       1936.7834                 93.111837                 412.02566                        17.964149                           7.5935923             1406.0882
              3       956.60205       3.0334054       1.0494667       67.542359     0.022772419      0.11282068     0.069993441      0.99668662    0.0041241547   2.0767836e-09      0.81133344       7.6019264       522.96703       1406.0804      -11.722645       -11.722645       1936.6494                 93.155922                 411.97165                        17.839453                           7.6019264             1406.0804
             26       958.48782       3.0375183       1.0491724       68.275622     0.023479496      0.11227838     0.070162333      0.99423725    0.0062900307   2.0853427e-09        0.808125       7.2166802       522.53887       1407.1085      -9.9441823       -9.9441823        1936.864                 95.774275                 411.82857                        14.936022                           7.2166802             1407.1085
              1       957.22099       3.0386769       1.0497581       68.561311     0.023888129      0.11346006     0.072335845      0.99945175    0.0058902091   2.0877601e-09      0.81236342       7.2968472       525.35764       1406.9412      -12.576876       -12.576876       1939.5957                 91.577543                 412.43153                        21.348571                           7.2968472             1406.9412
             20       957.27626       3.0392437       1.0497265       68.636371     0.023986526      0.11360852     0.072202368       1.0002878    0.0063072711   2.0889439e-09      0.81292817       7.3635961       525.46947        1406.908      -12.594293       -12.594293       1939.7411                 91.228887                 412.25712                        21.983455                           7.3635961              1406.908
             14       956.52309       3.0329197       1.0496591       68.561443     0.023945488      0.11472835     0.069949378       1.0002522    0.0034426532   2.0757752e-09      0.81505154       7.1770422        524.4155       1406.6453      -12.595835       -12.595835       1938.2378                 91.156394                 410.89423                        22.364886                           7.1770422             1406.6453
              2       955.94007       3.0272206       1.0499358       68.147656     0.023056936      0.11454585     0.067535768       1.0001066     0.002880054   2.0639787e-09      0.81662279       6.7633845       523.87774        1406.439      -12.600012       -12.600012       1937.0802                 90.535773                 410.17975                        23.162216                           6.7633845              1406.439
              3       959.52509       3.0269437       1.0497122       68.003036     0.022944096      0.11453519     0.067840477       1.0047565    0.0027305428   2.0634072e-09      0.81669597       6.8489177       527.53649       1406.2468      -10.790996       -10.790996       1940.6322                 87.653916                 410.13001                        29.752567                           6.8489177             1406.2468
             16       957.43205       3.0290204       1.0470582       68.628506     0.023719622       0.1171485      0.06751152       1.0030882    0.0010951732   2.0676968e-09      0.82502717       6.8609597       525.59405        1406.085      -11.837955       -11.837955         1938.54                 90.907559                 409.86098                        24.825509                           6.8609597              1406.085
              6         956.206        3.028914       1.0465649        68.70438     0.023682149      0.11671812     0.067192413       1.0003722    0.0012480754   2.0674767e-09      0.82335257       6.6983536       524.48158       1406.4117      -12.589841       -12.589841       1937.5917                 92.944788                  409.8814                        21.655387                           6.6983536             1406.4117
              7       956.13813        3.022768       1.0449338       69.396765     0.024416908      0.11595402      0.05839989       0.9966988     0.010086616   2.0548091e-09       0.8157359       7.1974556       522.01899        1406.518      -11.729086       -11.729086       1935.7344                 96.630709                 406.66505                        18.723234                           7.1974556              1406.518
             19       956.58899       3.0273745         1.04619       69.356371     0.024242738      0.11631105     0.062227405      0.99655647      0.01019593   2.0642963e-09      0.82076064       7.1983807       522.93652       1406.3477      -11.652292       -11.652292       1936.4826                 95.307294                 407.96233                        19.666897                           7.1983807             1406.3477
              4       956.80046       3.0277679       1.0458083        69.31446     0.024145323      0.11610917       0.0627645      0.99907081     0.010968948   2.0651085e-09      0.82055306        7.235463       525.12575       1406.3034      -12.531851       -12.531851       1938.6646                 93.643096                  408.1144                        23.368252                            7.235463             1406.3034
              7       955.14644        3.008448       1.0443784       66.395783     0.020573641      0.11480687     0.057118549       1.0000535    0.0037797599   2.0255938e-09      0.82028434       7.0801582       523.98904       1404.4251      -12.600693       -12.600693       1935.4943                 91.056521                 407.33317                        25.599349                           7.0801582             1404.4251
             13       954.00612       3.0155488       1.0454127       67.495124     0.021384884      0.11446259     0.054575273      0.99708217    0.0038404594   2.0400283e-09      0.81971618       6.3237806       519.60867       1405.9194      -11.919822       -11.919822       1931.8519                 96.606348                 406.62805                        16.374271                           6.3237806             1405.9194
              1        953.1217       3.0143602       1.0484291       66.533172     0.019485795      0.11312005     0.049240351       1.0007933    0.0046920755   2.0376049e-09      0.82452924       6.3827692       519.40691       1405.5549      -12.550574       -12.550574       1931.3446                 94.903666                 406.44479                        18.058455                           6.3827692             1405.5549
              5       952.81804       3.0136839       1.0490724       66.514895     0.019554667      0.11382545       0.0497337      0.99931906    0.0045011005   2.0362275e-09      0.82712741       6.3624717       519.16908       1405.2322      -12.563827       -12.563827       1930.7637                 94.930213                 406.46688                        17.771994                           6.3624717             1405.2322
              1       952.78135       3.0137079       1.0490217       66.564123     0.019648344      0.11388739     0.049622822      0.99935837    0.0039503782   2.0362763e-09      0.82677605       6.3611398       519.02891       1405.3086      -12.567986       -12.567986       1930.6987                 95.180855                 406.45315                        17.394911                           6.3611398             1405.3086
              2       953.03757        3.019326       1.0488755       65.997747     0.019063435      0.11213311     0.053477302      0.99927164     0.003656976   2.0477485e-09      0.82324404       6.2490432       519.57132       1405.3717      -12.558482       -12.558482       1931.1921                 95.190644                  407.3085                        17.072183                           6.2490432             1405.3717
              4       954.19417       3.0205121       1.0491462       65.972738     0.019025237      0.11208596     0.054227612      0.99638024    0.0037700425   2.0501787e-09       0.8238185       6.2643597       519.87599       1405.3534      -11.552712       -11.552712       1931.4938                 96.788034                 407.67864                        15.409322                           6.2643597             1405.3534
             10       953.91364       3.0283224       1.0475651       67.154342     0.020475835      0.11484883      0.05792372      0.99815774    0.0065016471    2.066254e-09      0.83335536       6.6607064       520.56466       1405.2607      -12.329408       -12.329408       1932.4861                 96.015027                 408.33002                         16.21961                           6.6607064             1405.2607
              4       954.39169       3.0267347       1.0459844       67.074089     0.020387305       0.1152856     0.057571955      0.99776083    0.0056558093   2.0629759e-09      0.83439286       6.6524899       521.43564       1405.0949      -12.199812       -12.199812        1933.183                 96.695303                 408.29709                        16.443251                           6.6524899             1405.0949
             11       953.94621       3.0184863       1.0468082       67.106112     0.020474605       0.1175059     0.052383131       0.9981319    0.0035592506   2.0460298e-09      0.84035286       6.7809156       521.21208       1404.5429      -12.321739       -12.321739       1932.5359                 96.442699                 406.74273                        18.026654                           6.7809156             1404.5429
              7       954.85117       3.0288208       1.0468578       66.312726     0.019295609        0.114514     0.058010022      0.99817949     0.001468498   2.0672841e-09       0.8364167       6.6839298       522.61686       1405.0731      -12.335782       -12.335782       1934.3739                 97.547836                 409.03761                        16.031409                           6.6839298             1405.0731
              5       957.01125       3.0470703       1.0421457       67.669174     0.021519662      0.11406108     0.069220604       1.0021175    0.0053959251   2.1053574e-09      0.82970771       6.6878801       525.66643       1406.1527      -12.242233       -12.242233        1938.507                 96.663547                 413.25955                        15.743333                           6.6878801             1406.1527
              7       955.41547        3.044782       1.0438523       67.999076     0.023254114      0.11636144      0.06843595       1.0025399    0.0012843433   2.1005452e-09       0.8281658       7.5125721       521.98087       1405.5072      -12.084849       -12.084849       1935.0006                 96.720053                 411.24228                        14.018541                           7.5125721             1405.5072
             12        954.6604       3.0359775       1.0449028       68.109245     0.023712549      0.11683835      0.06533103        1.002508    0.0016529603   2.0821321e-09      0.82437603       8.1344915       520.10267        1405.279      -12.097707       -12.097707       1933.5162                 94.973296                 409.19246                        15.936914                           8.1344915              1405.279
              8       953.11896       3.0298241       1.0455363       67.863966     0.023479631      0.11621592     0.060698205      0.99935101    0.0011592443   2.0693592e-09      0.81992529       8.1377411       517.96094       1405.2737      -12.567226       -12.567226       1931.3724                 97.379762                 407.42466                        13.156524                           8.1377411             1405.2737
              2       953.66798       3.0270891       1.0455825        67.48317     0.023368034      0.11689409     0.060716949       1.0023913   0.00014567577   2.0637072e-09      0.82128654       9.3167978       517.68636       1404.6197      -12.143439       -12.143439       1931.6228                 94.706089                 407.24144                        15.738829                           9.3167978             1404.6197
              1       952.28322       3.0274032       1.0476879       68.040411      0.02318896      0.11710758     0.058261746      0.99918517    0.0041370925   2.0643555e-09      0.82685231       7.9363087       516.71996       1405.0058      -12.547807       -12.547807        1929.662                 95.772906                  406.8607                         14.08636                           7.9363087             1405.0058
              4       952.71803       3.0323392       1.0464574        68.05517     0.023092952      0.11296678     0.054964433       0.9996288    0.0089243988   2.0745704e-09      0.81097642       7.6865364        516.7495       1406.1798      -12.589899       -12.589899       1930.6159                 99.301953                  406.2936                        11.153944                           7.6865364             1406.1798
              5       952.36553       3.0187345       1.0468906       66.934687     0.021738896       0.1122796     0.050091748       1.0010991    0.0085558799   2.0465376e-09      0.80826468       8.2295575       516.30653       1405.2035      -12.504277       -12.504277       1929.7396                 96.280668                 405.89512                         14.13074                           8.2295575             1405.2035
              2       954.16724       3.0140583       1.0457586       66.460906     0.020452116      0.11050172     0.051538052      0.99993841     0.013222007   2.0369899e-09      0.80615382       7.5720537       520.79858       1405.1651      -12.600618       -12.600618       1933.5357                 94.782711                 406.38658                        19.629283                           7.5720537             1405.1651
             10       954.16142       3.0179381       1.0474726       66.688684     0.020845272      0.11029591     0.052647718       1.0002013     0.015453516   2.0449085e-09      0.80566617       8.1563548       520.15764       1405.2042       -12.59768        -12.59768       1933.5182                 94.642959                 406.49211                         19.02257                           8.1563548             1405.2042
              4       953.51147       3.0152357       1.0480432       66.692972     0.021089782      0.11163122     0.052117096       1.0003676     0.013165507   2.0393896e-09      0.80889557       8.5506072       518.79553        1404.857      -12.590112       -12.590112       1932.2032                 93.496902                 406.22648                        19.072148                           8.5506072              1404.857
              5       953.49898       3.0193614        1.047372       66.710698     0.021330187       0.1116679     0.052710048       1.0002569     0.014118863   2.0478211e-09      0.80912881       9.4831921       518.01079       1404.6953      -12.595642       -12.595642       1932.1892                 94.815675                 406.30878                         16.88634                           9.4831921             1404.6953
              5       954.43001       3.0164319       1.0477887       66.603467     0.022283687      0.11663547     0.053724022       1.0007297     0.010669363   2.0418308e-09      0.82335516        15.09933       515.52287       1403.3545       -12.55833        -12.55833       1933.9767                 91.997145                 406.07319                         17.45253                            15.09933             1403.3545
             41       954.53378        3.009018        1.049977       67.020518     0.024294905      0.11703209     0.050178921      0.99994061   0.00095510208   2.0267488e-09      0.80852422       16.734773       513.80281       1403.7313       -12.60064        -12.60064       1934.2688                 93.842406                 405.06323                        14.897172                           16.734773             1403.7313
              7       954.66313       3.0089003       1.0499418       66.998635     0.024258654      0.11700707     0.049855006       1.0012932   0.00070068786   2.0265102e-09      0.80847094       16.569324       513.95111       1403.7401      -12.467129       -12.467129       1934.2605                 93.244465                 405.01749                        15.689158                           16.569324             1403.7401
              2       954.26992       3.0186577       1.0487015       67.295213     0.024049274      0.11621039     0.057363886      0.99744426     0.001940412   2.0463805e-09       0.8109977       13.346573       515.12269       1404.2273      -12.078377       -12.078377       1932.6966                 95.050048                  405.9279                        14.144746                           13.346573             1404.2273
              5       955.68839       3.0113321       1.0470796       67.092413     0.024066614      0.11615129     0.056515022      0.99735742   0.00054204931   2.0314443e-09      0.80622836       14.248607       517.10113       1404.1116      -12.042262       -12.042262       1935.4613                 94.458354                 405.60305                        17.039726                           14.248607             1404.1116
             13       955.65743       3.0119049       1.0468662       67.161708     0.024179101      0.11640747     0.057069156      0.99798615   0.00059561042   2.0326081e-09      0.80702783       14.400328       517.38139       1404.0861      -12.276476       -12.276476       1935.8678                 94.004088                 405.65399                        17.723302                           14.400328             1404.0861
              6       957.01534       3.0130586       1.0469359       67.227259     0.024243856      0.11617579     0.057389047      0.99504581   0.00083768445   2.0349546e-09      0.80629734       14.202418       516.91393       1404.1891        -10.6374         -10.6374       1935.3055                 95.978636                 405.88052                        15.054772                           14.202418             1404.1891
              5        957.5926       3.0233747       1.0459475       67.507063     0.024337739      0.11469377      0.06134421      0.99507048    0.0041894773    2.056056e-09      0.80433369       13.445857       518.37267       1404.6805       -10.65691        -10.65691        1936.499                 96.800475                 407.21768                        14.354514                           13.445857             1404.6805
              4       956.74399       3.0235971       1.0458148       67.521759     0.024368196      0.11470975     0.061220655      0.99640564    0.0040451276   2.0565133e-09      0.80426663       13.413575       518.51047       1404.6987      -11.567367       -11.567367       1936.6227                 96.224871                 407.07535                        15.210248                           13.413575             1404.6987
              2       956.32302       3.0189095       1.0464241       69.074114     0.024627326      0.11734018     0.057631262      0.99663121     0.011782266   2.0468957e-09       0.8191011       9.3954468       521.50163        1405.135      -11.693022       -11.693022       1936.0321                 94.687688                 406.33869                        20.475253                           9.3954468              1405.135
             10        957.0376       3.0195106       1.0459652       69.247091     0.024941311      0.11674682     0.057324766      0.99658118     0.013479318   2.0481266e-09      0.81524751       9.7987549       522.29644       1405.3117      -11.665854       -11.665854       1937.4069                 95.426035                 406.24202                        20.628385                           9.7987549             1405.3117
              1       959.61174        3.034773       1.0473944       70.109435     0.025787878      0.11974385     0.060941604      0.99562065     0.018215436   2.0796256e-09      0.83371048       11.202817       525.41719       1404.7367      -11.066625       -11.066625       1941.3567                 97.873874                 407.49672                        20.046587                           11.202817             1404.7367
              3       960.66449       3.0415419       1.0463351       70.377424     0.025158855      0.11562657     0.058256395       1.0019299     0.024720821   2.0937503e-09      0.82312967       8.7447162       531.04488       1406.1453      -12.302969       -12.302969       1945.9349                 100.23828                 407.04679                        23.759812                           8.7447162             1406.1453
              8       956.36043       3.0523569       1.0476169        70.53896     0.024967609      0.11558008     0.061859366       0.9997629     0.017405332    2.116517e-09      0.82800204        7.248868        523.0847       1407.5801      -12.596424       -12.596424       1937.9137                 100.95586                 408.21802                        13.910817                            7.248868             1407.5801
              7       958.04423       3.0495063       1.0484518       70.904489      0.02598339      0.11796679     0.061679892      0.99964924     0.020609889   2.1104923e-09      0.83334792       8.6356134       526.40015       1406.2349      -12.591079       -12.591079       1941.2706                 99.993374                 407.83027                        18.576504                           8.6356134             1406.2349
             10        958.0508       3.0495255       1.0484846       70.913964     0.025989754      0.11800123     0.061665618      0.99965484      0.02060584   2.1105327e-09      0.83351395       8.6316564       526.41831       1406.2344      -12.591391       -12.591391       1941.2844                 99.981408                 407.82221                        18.614697                           8.6316564             1406.2344
             15       958.48052       3.0488827        1.048226       70.868889     0.025997177       0.1178623     0.061739417      0.99683387     0.020534306   2.1091766e-09      0.83231394       8.6924131       525.64452        1406.222      -11.798972       -11.798972        1940.559                 101.66366                 408.00606                        15.974804                           8.6924131              1406.222
             10       957.25408       3.0459777       1.0479856       70.176463     0.024928529      0.11505297     0.058319381      0.99690443     0.021671574   2.1030584e-09      0.82313548       8.1444716       523.48863       1406.5437      -11.834315       -11.834315       1938.1768                 103.31552                 407.31661                        12.856501                           8.1444716             1406.5437
             13       955.66016       3.0418777       1.0475682       70.472085     0.025829931      0.11693179     0.057720858       1.0003123      0.01708628   2.0944533e-09      0.82410146       8.3922079       521.66008       1406.4543      -12.593122       -12.593122       1936.5066                 99.710893                 406.55536                        15.393826                           8.3922079             1406.4543
              6       953.80881       3.0415637       1.0487069       68.715353     0.023538437      0.11245811      0.05595513       1.0019046     0.017158448   2.0937959e-09      0.81356633        8.205593       517.71035       1406.3231      -12.310709       -12.310709        1932.239                 99.157614                  406.6542                        11.898534                            8.205593             1406.3231
              8       952.75014        3.038306       1.0496004       67.776051     0.023534398      0.11416885     0.056152008      0.99965138    0.0085717086    2.086986e-09      0.81619063       10.259001       515.33018       1405.0935      -12.591199       -12.591199       1930.6827                 98.818349                 406.42933                        10.082504                           10.259001             1405.0935
              1       951.96916       3.0271702         1.04934       67.116943      0.02251898      0.11421097     0.052863774       1.0023056    0.0068083416   2.0638747e-09      0.81629062       9.7629885       513.85681       1404.6699      -12.175667       -12.175667       1928.2897                 95.563569                 405.86834                        12.424895                           9.7629885             1404.6699
              9       951.99672       3.0271415       1.0492839       67.118476     0.022522197      0.11421596     0.052819667       1.0023096    0.0068546236   2.0638153e-09      0.81627715       9.7827292       513.89416       1404.6649      -12.174188       -12.174188       1928.3418                 95.589341                 405.88216                        12.422659                           9.7827292             1404.6649
              5       951.80504       3.0297571       1.0499895       67.499217     0.022872227      0.11353756     0.053082753      0.99986228    0.0071638999   2.0692207e-09      0.81323617       8.9013173       514.59979       1405.3078      -12.599404       -12.599404       1928.8089                 97.806572                 405.94733                        10.845886                           8.9013173             1405.3078
              1       951.98252       3.0249313       1.0494728       67.051882     0.022547265      0.11305906     0.050889538       1.0012808    0.0060380209    2.059259e-09      0.80951932       9.4942749       514.36349       1405.0466      -12.469679       -12.469679       1928.9044                 97.038338                 405.74389                        11.581264                           9.4942749             1405.0466
              9       952.09515       3.0063614       1.0497739       67.160504     0.021965972      0.11318498     0.045409946       1.0008954    0.0010074562   2.0213717e-09      0.80589566       6.7055308       516.57365       1405.9847      -12.536786       -12.536786       1929.2639                 95.711524                 405.96194                        14.900183                           6.7055308             1405.9847
              1        952.0888       3.0062506       1.0495307       66.944871     0.021777076      0.11313663     0.045029831       1.0010418   0.00070072583   2.0211477e-09      0.80612865       6.8338838       516.62622       1405.7457      -12.514089       -12.514089       1929.2058                 95.879248                 406.03818                        14.708793                           6.8338838             1405.7457
              1       954.15104       2.9993203       1.0491123       65.503313     0.019809896      0.10961368     0.040638104      0.99830777   0.00037914656    2.007189e-09      0.79603725       6.6050827       520.77282       1405.6678       -12.37183        -12.37183       1933.0457                 98.162693                 407.15899                        15.451135                           6.6050827             1405.6678
             12       954.07221       2.9993109       1.0491096       65.502374      0.01980991      0.10958589      0.04071191       1.0003947   0.00040378495   2.0071701e-09      0.79590312       6.6084594       521.03729       1405.6756       -12.58846        -12.58846       1933.3213                 96.820209                 407.05648                        17.160608                           6.6084594             1405.6756
             48       954.32239       2.9982867       1.0491025       65.479951     0.019737758      0.10944882     0.040873581       1.0002376   7.6793548e-05   2.0051154e-09      0.79522455       6.5052416       521.56367       1405.7687      -12.596404       -12.596404       1933.8376                 96.636674                 407.01744                        17.909546                           6.5052416             1405.7687
              5        955.0705       2.9936009       1.0488309       66.387938     0.020894794      0.11075835     0.039281943       1.0023387    0.0023442387   1.9957418e-09      0.79456698       6.7224136       521.74323       1406.0021      -12.163354       -12.163354       1934.4677                 94.390619                  407.4576                        19.895007                           6.7224136             1406.0021
              3       954.61958       2.9933012       1.0484709       66.330494     0.020838486      0.11056719     0.039254312       1.0007597    0.0022611145   1.9951438e-09      0.79365216        6.737311       521.58983       1406.0215       -12.55475        -12.55475       1934.3487                 95.478906                 407.54179                        18.569133                            6.737311             1406.0215
             14       954.07313       3.0105583       1.0475509        66.73329     0.021231914      0.10891061     0.044276691       1.0012633    0.0083219116   2.0298729e-09      0.79216051       7.1609462       519.34422       1406.5876      -12.473252       -12.473252       1933.0928                 97.509159                 406.44695                        15.388107                           7.1609462             1406.5876
             10       954.65354       3.0098276       1.0470934       66.797204     0.021337577      0.10967416     0.044423744       1.0031006    0.0075272246   2.0283904e-09      0.79464788        7.132237       519.44658        1406.392      -11.831842       -11.831842       1932.9708                 96.220181                 406.29474                        16.931654                            7.132237              1406.392
             49       952.64714       3.0109292       1.0498481       67.492776     0.023107799      0.11344616     0.044619507       1.0017466    0.0011854958    2.030626e-09      0.80229271       7.9161704       516.15649       1405.9354      -12.356867       -12.356867        1930.008                 97.189219                 406.16184                         12.80543                           7.9161704             1405.9354
             10       952.60724       3.0110481       1.0499416       67.487065     0.023123725       0.1134702     0.044747393        1.001747    0.0011262977   2.0308674e-09       0.8023442       7.9626305       516.05027       1405.9151      -12.356769       -12.356769        1929.928                  97.12944                 406.09852                        12.822307                           7.9626305             1405.9151
              2       952.69598       3.0160532       1.0468567       68.347032     0.023812611      0.11587046     0.050554282       1.0018527     0.003240773   2.0410576e-09      0.81280302       7.5785747       516.63482       1405.8312      -12.326316       -12.326316       1930.0446                 95.970878                 405.43463                        15.229308                           7.5785747             1405.8312
              5       952.60492       3.0160915        1.046836       68.357017     0.023816016      0.11584613     0.050502401      0.99834174    0.0033109939   2.0411357e-09      0.81272178       7.5651404       516.55803       1405.8486      -12.380937       -12.380937       1929.9717                 98.202783                 405.55562                        12.799629                           7.5651404             1405.8486
              7       952.41547       3.0204373       1.0477629        68.50736     0.023801266      0.11560782      0.05187936      0.99848611    0.0029129864   2.0500255e-09      0.81414451       7.0820514       516.30827       1406.2758      -12.417572       -12.417572       1929.6661                  98.54456                 405.61376                        12.149948                           7.0820514             1406.2758
